-- phpMyAdmin SQL Dump
-- version 4.9.7
-- https://www.phpmyadmin.net/
--
-- Host: localhost:3306
-- Waktu pembuatan: 27 Agu 2022 pada 21.30
-- Versi server: 10.3.35-MariaDB-log-cll-lve
-- Versi PHP: 7.4.30

SET SQL_MODE = "NO_AUTO_VALUE_ON_ZERO";
SET AUTOCOMMIT = 0;
START TRANSACTION;
SET time_zone = "+00:00";


/*!40101 SET @OLD_CHARACTER_SET_CLIENT=@@CHARACTER_SET_CLIENT */;
/*!40101 SET @OLD_CHARACTER_SET_RESULTS=@@CHARACTER_SET_RESULTS */;
/*!40101 SET @OLD_COLLATION_CONNECTION=@@COLLATION_CONNECTION */;
/*!40101 SET NAMES utf8mb4 */;

--
-- Database: `alin5513_hfc`
--

-- --------------------------------------------------------

--
-- Struktur dari tabel `administrator`
--

CREATE TABLE `administrator` (
  `id` bigint(20) UNSIGNED NOT NULL,
  `umum_id` bigint(20) NOT NULL,
  `gelar_depan` varchar(191) COLLATE utf8mb4_unicode_ci DEFAULT NULL,
  `gelar_belakang` varchar(50) COLLATE utf8mb4_unicode_ci DEFAULT NULL,
  `No_STR` varchar(50) COLLATE utf8mb4_unicode_ci DEFAULT NULL
) ENGINE=InnoDB DEFAULT CHARSET=utf8mb4 COLLATE=utf8mb4_unicode_ci;

--
-- Dumping data untuk tabel `administrator`
--

INSERT INTO `administrator` (`id`, `umum_id`, `gelar_depan`, `gelar_belakang`, `No_STR`) VALUES
(5, 15, 'dr', '', ''),
(6, 16, 'S.Kom', '', ''),
(7, 17, '', '', ''),
(8, 46, NULL, NULL, '66'),
(9, 47, NULL, NULL, '1111111111');

-- --------------------------------------------------------

--
-- Struktur dari tabel `aspek_soal`
--

CREATE TABLE `aspek_soal` (
  `aspek_id` bigint(20) UNSIGNED NOT NULL,
  `aspek` varchar(191) COLLATE utf8mb4_unicode_ci NOT NULL,
  `bobot` bigint(20) UNSIGNED NOT NULL
) ENGINE=InnoDB DEFAULT CHARSET=utf8mb4 COLLATE=utf8mb4_unicode_ci;

--
-- Dumping data untuk tabel `aspek_soal`
--

INSERT INTO `aspek_soal` (`aspek_id`, `aspek`, `bobot`) VALUES
(1, 'Penyelenggaraan Pemerintahan dan Pelayanan Publik', 5),
(2, 'Pemberdayaan Masyarakat Gampong', 20),
(3, 'Koordinasi Ketenteraman dan Ketertiban Umum', 5),
(4, 'Penyelenggaraan Urusan Pemerintahan Umum', 5),
(5, 'Pembinaan dan Pengawasan Pemerintahan Gampong', 15),
(6, 'Tata Kelola dan Kelembagaan Kecamatan', 25),
(7, 'Inovasi Kecamatan', 25);

-- --------------------------------------------------------

--
-- Struktur dari tabel `bagian`
--

CREATE TABLE `bagian` (
  `id` bigint(20) UNSIGNED NOT NULL,
  `nama` varchar(191) COLLATE utf8mb4_unicode_ci NOT NULL,
  `manajer` varchar(191) COLLATE utf8mb4_unicode_ci NOT NULL
) ENGINE=InnoDB DEFAULT CHARSET=utf8mb4 COLLATE=utf8mb4_unicode_ci;

--
-- Dumping data untuk tabel `bagian`
--

INSERT INTO `bagian` (`id`, `nama`, `manajer`) VALUES
(1, 'Production', 'Syarbini Ramli'),
(2, 'Maintenance', 'Muhammad Rahjuni'),
(3, 'OH&S', 'Burhansyah'),
(4, 'Packing & Port', 'Effendi Siddiq'),
(5, 'Technical', 'Moch Anwar Bakti'),
(6, 'Quarry', 'Adi Handarbeny'),
(7, 'General Affair & Communication Relation', 'Tafaul Rijal'),
(8, 'LHO Plant', 'Aidil Azwani'),
(9, 'Support SBI', 'Zulfan Husni');

-- --------------------------------------------------------

--
-- Struktur dari tabel `departemen`
--

CREATE TABLE `departemen` (
  `dep_id` int(11) NOT NULL,
  `dep_nama` varchar(400) NOT NULL,
  `dep_manager` varchar(300) DEFAULT NULL
) ENGINE=InnoDB DEFAULT CHARSET=utf8mb4;

--
-- Dumping data untuk tabel `departemen`
--

INSERT INTO `departemen` (`dep_id`, `dep_nama`, `dep_manager`) VALUES
(1, 'PRODUCTION', 'SYARBINI RAMLI'),
(2, 'MAINTENANCE', 'MUHAMMAD RAHJUNI'),
(3, 'OH&S', 'BURHANSYAH USMAN'),
(4, 'PACKING & PORT', 'EFFENDI SIDDIQ'),
(5, 'TECHNICAL ', 'MOCH. ANWAR BAKTI'),
(6, 'QUARRY', 'ADI HANDARBENI'),
(7, 'GA & COMREL', 'TAFAUL RIJAL'),
(8, 'LHO PLANT', 'ARIES BUDIDJAJARIANTO'),
(9, 'SUPPORT SBI', 'ZULFAN HUSNI');

-- --------------------------------------------------------

--
-- Struktur dari tabel `dokumen`
--

CREATE TABLE `dokumen` (
  `konsultasi_id` bigint(20) UNSIGNED NOT NULL,
  `nama` varchar(191) COLLATE utf8mb4_unicode_ci NOT NULL,
  `lokasi_file` varchar(191) COLLATE utf8mb4_unicode_ci NOT NULL,
  `created_at` timestamp NULL DEFAULT NULL,
  `updated_at` timestamp NULL DEFAULT NULL
) ENGINE=InnoDB DEFAULT CHARSET=utf8mb4 COLLATE=utf8mb4_unicode_ci;

--
-- Dumping data untuk tabel `dokumen`
--

INSERT INTO `dokumen` (`konsultasi_id`, `nama`, `lokasi_file`, `created_at`, `updated_at`) VALUES
(8, 'COVER_SISTEM_EDAYAH.pdf', '15756223315dea16bb91235.pdf', '2019-12-05 18:52:11', '2019-12-05 18:52:11'),
(11, 'laravel.pdf', '1654521651629dff3379377.pdf', '2022-06-06 06:20:51', '2022-06-06 06:20:51'),
(54, 'eltap.pdf', '165760401162cd07ab6b58d.pdf', '2022-07-11 22:33:31', '2022-07-11 22:33:31'),
(57, 'Dipa BCA.pdf', '165796655762d28fddf3e9f.pdf', '2022-07-16 03:15:58', '2022-07-16 03:15:58'),
(58, 'Interface.pdf', '165797811562d2bd035dcf4.pdf', '2022-07-16 06:28:35', '2022-07-16 06:28:35'),
(65, '00100805586-MUHAMMAD ZEN.PDF', '166116047763034c1d56502.PDF', '2022-08-22 02:27:57', '2022-08-22 02:27:57'),
(71, '00100805586-MUHAMMAD ZEN.PDF', '1661358820630652e4b14d0.PDF', '2022-08-24 09:33:40', '2022-08-24 09:33:40'),
(72, '00100805586-MUHAMMAD ZEN.PDF', '16613828516306b0c3a3801.PDF', '2022-08-24 16:14:11', '2022-08-24 16:14:11'),
(73, '00101002102-SALAHUDDIN.PDF', '16613834566306b3203ee57.PDF', '2022-08-24 16:24:16', '2022-08-24 16:24:16'),
(74, '00101003111-ENDANG SURYA.PDF', '16613835476306b37b4bfe5.PDF', '2022-08-24 16:25:47', '2022-08-24 16:25:47'),
(75, '00101003110-IBNU AR.PDF', '16613835816306b39d5b928.PDF', '2022-08-24 16:26:21', '2022-08-24 16:26:21'),
(76, '00101003250-ZAINAL ABIDIN.PDF', '16613836736306b3f9602f4.PDF', '2022-08-24 16:27:53', '2022-08-24 16:27:53'),
(77, '00101003252-ARMANIZAR.PDF', '16613837296306b4318cc21.PDF', '2022-08-24 16:28:49', '2022-08-24 16:28:49'),
(78, '00101003260-MARBAWI.PDF', '16613837916306b46f0f221.PDF', '2022-08-24 16:29:51', '2022-08-24 16:29:51'),
(79, '00101003264-KHAIRUL NUFUS.PDF', '16613839016306b4dd4d019.PDF', '2022-08-24 16:31:41', '2022-08-24 16:31:41'),
(80, '00101003112-JAKFAR.PDF', '16613840236306b557452d5.PDF', '2022-08-24 16:33:43', '2022-08-24 16:33:43'),
(81, '00101003251-ZUHRI EDDY.PDF', '16613841266306b5bec3770.PDF', '2022-08-24 16:35:26', '2022-08-24 16:35:26'),
(82, '00101003253-JAMALUDDIN.PDF', '16613841856306b5f99b7fd.PDF', '2022-08-24 16:36:25', '2022-08-24 16:36:25'),
(83, '00101003261-SABIRIN.PDF', '16613842306306b626a9413.PDF', '2022-08-24 16:37:10', '2022-08-24 16:37:10'),
(84, '00101003489-RUDI SAPUTRA.PDF', '16613843126306b67805d7a.PDF', '2022-08-24 16:38:32', '2022-08-24 16:38:32'),
(85, '00101003530-EFFENDI SIDDIQ.PDF', '16613843806306b6bcb71f4.PDF', '2022-08-24 16:39:40', '2022-08-24 16:39:40'),
(86, '00101003542-ARMANSYAH.PDF', '16613844226306b6e61c5aa.PDF', '2022-08-24 16:40:22', '2022-08-24 16:40:22'),
(87, '00101003546-ADI MUNARDI.PDF', '16613847416306b825d5a24.PDF', '2022-08-24 16:45:41', '2022-08-24 16:45:41'),
(88, '00101003750-YANDRA ARMIA.PDF', '16613847876306b8534c803.PDF', '2022-08-24 16:46:27', '2022-08-24 16:46:27'),
(89, '00101003759-AKHMAD HANAFI.PDF', '16613849016306b8c582757.PDF', '2022-08-24 16:48:21', '2022-08-24 16:48:21'),
(90, '00101003826-BURHANSYAH.PDF', '16613849486306b8f409ffd.PDF', '2022-08-24 16:49:08', '2022-08-24 16:49:08'),
(91, '00101004054-BAHIR.PDF', '16613849936306b92162cbf.PDF', '2022-08-24 16:49:53', '2022-08-24 16:49:53'),
(92, '00101004060-FIRMAN MULIA.PDF', '16613850966306b9888ee5e.PDF', '2022-08-24 16:51:36', '2022-08-24 16:51:36'),
(93, '00101004061-ILHAM SYAHPUTRA.PDF', '16613851456306b9b9149ff.PDF', '2022-08-24 16:52:25', '2022-08-24 16:52:25'),
(94, '00101004222-SOFYAN.PDF', '16613852286306ba0c9f1cf.PDF', '2022-08-24 16:53:48', '2022-08-24 16:53:48'),
(95, '00101004234-CHAIRULLAH.PDF', '16613853386306ba7a14b75.PDF', '2022-08-24 16:55:38', '2022-08-24 16:55:38'),
(96, '00101004238-ZULFAN HUSNI.PDF', '16613853976306bab5af3d5.PDF', '2022-08-24 16:56:37', '2022-08-24 16:56:37'),
(97, '00101004457-M HAFIDZ MUBARRAK.PDF', '16613855896306bb7502725.PDF', '2022-08-24 16:59:49', '2022-08-24 16:59:49'),
(98, '00101007492-SONI HERMANTO.PDF', '16613856946306bbdeaae1a.PDF', '2022-08-24 17:01:34', '2022-08-24 17:01:34'),
(99, '00101008307-ANWAR.PDF', '16613857416306bc0d73719.PDF', '2022-08-24 17:02:21', '2022-08-24 17:02:21'),
(100, '00101081461-FIRMAN SEPTRIANDI TARIGAN.PDF', '16613857856306bc391b895.PDF', '2022-08-24 17:03:05', '2022-08-24 17:03:05'),
(101, '00101081643-FERRY CHANDRA.PDF', '16613859696306bcf197453.PDF', '2022-08-24 17:06:09', '2022-08-24 17:06:09'),
(102, '00101081796-ENNI RAFIKA.PDF', '16613860536306bd45125c3.PDF', '2022-08-24 17:07:33', '2022-08-24 17:07:33'),
(103, '00101237788-ARJUNA.PDF', '16613861236306bd8b1471e.PDF', '2022-08-24 17:08:43', '2022-08-24 17:08:43'),
(104, '00101237789-ISTAFA NAJMI.PDF', '16613861726306bdbc549fa.PDF', '2022-08-24 17:09:32', '2022-08-24 17:09:32'),
(105, '00101237790-NOVAL ALAMSYAH.PDF', '16613862236306bdefbc9ec.PDF', '2022-08-24 17:10:23', '2022-08-24 17:10:23'),
(106, '00101237796-T.FERI SANDRIA.PDF', '16613862726306be20185a9.PDF', '2022-08-24 17:11:12', '2022-08-24 17:11:12'),
(107, '00101237797-MAUDY MAULIAH.PDF', '16613863156306be4b1565e.PDF', '2022-08-24 17:11:55', '2022-08-24 17:11:55'),
(108, '00101237799-HERI MUNARDI.PDF', '16613863536306be712feb0.PDF', '2022-08-24 17:12:33', '2022-08-24 17:12:33'),
(109, '00101237815-MUHIPPUDDIN.PDF', '16613863906306be96b1b5f.PDF', '2022-08-24 17:13:10', '2022-08-24 17:13:10'),
(110, '01100053603-RYAN RIZALDY SYAHRIAL.PDF', '16613864406306bec868827.PDF', '2022-08-24 17:14:00', '2022-08-24 17:14:00'),
(111, '00101003103-MUKHLIS SYUIB.PDF', '16613865006306bf04debde.PDF', '2022-08-24 17:15:00', '2022-08-24 17:15:00'),
(112, '00101003105-JULI VERAWATI.PDF', '16613865416306bf2dcc314.PDF', '2022-08-24 17:15:41', '2022-08-24 17:15:41'),
(113, '00101003107-DEWI HAWATI.PDF', '16613865816306bf55af682.PDF', '2022-08-24 17:16:21', '2022-08-24 17:16:21'),
(114, '00101003240-ROMI HARIAWAN.PDF', '16613866336306bf89841b9.PDF', '2022-08-24 17:17:13', '2022-08-24 17:17:13'),
(115, '00101003241-KHALED MURDI.PDF', '16613866646306bfa8b0eab.PDF', '2022-08-24 17:17:44', '2022-08-24 17:17:44'),
(116, '00101003244-AR JAMALUDDIN.PDF', '16613866996306bfcb3c53e.PDF', '2022-08-24 17:18:19', '2022-08-24 17:18:19'),
(117, '00101003245-AMIRULLAH.PDF', '16613867386306bff28b921.PDF', '2022-08-24 17:18:58', '2022-08-24 17:18:58'),
(118, '00101003246-SAIFUL.PDF', '16613867716306c0131bfb9.PDF', '2022-08-24 17:19:31', '2022-08-24 17:19:31'),
(119, '00101003255-ANSHARI.PDF', '16613868306306c04e02f2c.PDF', '2022-08-24 17:20:30', '2022-08-24 17:20:30'),
(120, '00101003487-ANSARI.PDF', '16613868706306c076ee0fc.PDF', '2022-08-24 17:21:10', '2022-08-24 17:21:10'),
(121, '00101003488-AFRIZAL.PDF', '16613869056306c09901159.PDF', '2022-08-24 17:21:45', '2022-08-24 17:21:45'),
(122, '00101003490-ALFIAN EDIAL.PDF', '16613869386306c0baa647a.PDF', '2022-08-24 17:22:18', '2022-08-24 17:22:18'),
(123, '00101003495-M. FIKRI.PDF', '16613869866306c0ea002a5.PDF', '2022-08-24 17:23:06', '2022-08-24 17:23:06'),
(124, '00101003496-KHAIRULLAH.PDF', '16613870236306c10fc492f.PDF', '2022-08-24 17:23:43', '2022-08-24 17:23:43'),
(125, '00101003497-ABUBAKAR.PDF', '16613870796306c147b01d1.PDF', '2022-08-24 17:24:39', '2022-08-24 17:24:39'),
(126, '00101003525-MUHAMMAD RAHJUNI.PDF', '16613871156306c16b40099.PDF', '2022-08-24 17:25:15', '2022-08-24 17:25:15'),
(127, '00101003528-FAUJITA AGAM.PDF', '16613871466306c18aed43e.PDF', '2022-08-24 17:25:46', '2022-08-24 17:25:46'),
(128, '00101003537-JULI HERIANTO.PDF', '16613871806306c1ace19c2.PDF', '2022-08-24 17:26:20', '2022-08-24 17:26:20'),
(129, '00101003538-MUHADI.PDF', '16613872186306c1d28c846.PDF', '2022-08-24 17:26:58', '2022-08-24 17:26:58'),
(130, '00101003539-RIZALSYAH.PDF', '16613881946306c5a25bb6f.PDF', '2022-08-24 17:43:14', '2022-08-24 17:43:14'),
(131, '00101003541-YULIS ANDRIAN.PDF', '16613882476306c5d74b217.PDF', '2022-08-24 17:44:07', '2022-08-24 17:44:07'),
(132, '00101003753-RISVANI SAPUTRA.PDF', '16613882926306c6041ab2a.PDF', '2022-08-24 17:44:52', '2022-08-24 17:44:52'),
(133, '00101003755-ADLI.PDF', '16613883376306c631ca9a2.PDF', '2022-08-24 17:45:37', '2022-08-24 17:45:37'),
(134, '00101003756-JUWAINI.PDF', '16613883706306c652df158.PDF', '2022-08-24 17:46:10', '2022-08-24 17:46:10'),
(135, '00101003828-ZULFIKRI.PDF', '16613884326306c690c9af9.PDF', '2022-08-24 17:47:12', '2022-08-24 17:47:12'),
(136, '00101004042-CUT DARA SAFRINA.PDF', '16613885006306c6d454346.PDF', '2022-08-24 17:48:20', '2022-08-24 17:48:20'),
(137, '00101004051-MUZAKKIR HS.PDF', '16613885576306c70d1c1e7.PDF', '2022-08-24 17:49:17', '2022-08-24 17:49:17'),
(138, '00101004059-JAMALUDDIN.PDF', '16613886086306c74081b23.PDF', '2022-08-24 17:50:08', '2022-08-24 17:50:08'),
(139, '00101004221-MUSRIZAL MARWAN.PDF', '16613886786306c786ebd1d.PDF', '2022-08-24 17:51:18', '2022-08-24 17:51:18'),
(140, '00101004224-MAHYAR.PDF', '16613888016306c8011fa9d.PDF', '2022-08-24 17:53:21', '2022-08-24 17:53:21'),
(141, '00101004236-TEUKU ZULHARDI.PDF', '16613888456306c82dded2c.PDF', '2022-08-24 17:54:05', '2022-08-24 17:54:05'),
(142, '00101004237-AZHAR.PDF', '16613888916306c85b09eca.PDF', '2022-08-24 17:54:51', '2022-08-24 17:54:51'),
(143, '00101004245-ADE IRWAN.PDF', '16613889746306c8aed4f77.PDF', '2022-08-24 17:56:14', '2022-08-24 17:56:14'),
(144, '00101004452-MUKHLIS.PDF', '16613890236306c8df9837d.PDF', '2022-08-24 17:57:03', '2022-08-24 17:57:03'),
(145, '00101004453-ERWIN SETIAWAN.PDF', '16613890776306c915397c3.PDF', '2022-08-24 17:57:57', '2022-08-24 17:57:57'),
(146, '00101004651-MUHAMMAD ISA.PDF', '16613891526306c96069055.PDF', '2022-08-24 17:59:12', '2022-08-24 17:59:12'),
(147, '00101004652-AIDIL AZWANI.PDF', '16613892026306c992a0ec1.PDF', '2022-08-24 18:00:02', '2022-08-24 18:00:02'),
(148, '00101004659-IMRAN.PDF', '16613892536306c9c551665.PDF', '2022-08-24 18:00:53', '2022-08-24 18:00:53'),
(149, '00101043431-MAHDANI.PDF', '16613893416306ca1d5af52.PDF', '2022-08-24 18:02:21', '2022-08-24 18:02:21'),
(150, '00101238360-NIA AUDIA.PDF', '16613893876306ca4bb027b.PDF', '2022-08-24 18:03:07', '2022-08-24 18:03:07'),
(151, '00101238361-RIZKY RINALDI.PDF', '16613894306306ca76ed8fb.PDF', '2022-08-24 18:03:50', '2022-08-24 18:03:50'),
(152, '01100089795-MUHAMMAD RIDHA RAMLI.PDF', '16613895056306cac182c81.PDF', '2022-08-24 18:05:05', '2022-08-24 18:05:05'),
(153, '01600130749-KAR FEDDY AGUSTA AMD.PDF', '16613895546306caf286ac2.PDF', '2022-08-24 18:05:54', '2022-08-24 18:05:54'),
(154, '00101003102-AMRULLAH.PDF', '16613896026306cb22d9673.PDF', '2022-08-24 18:06:42', '2022-08-24 18:06:42'),
(155, '00101003116-ABDUL KHALIM.PDF', '16613896436306cb4b1b8ac.PDF', '2022-08-24 18:07:23', '2022-08-24 18:07:23'),
(156, '00101003239-MAY FAJRI.PDF', '16613920506306d4b2502a9.PDF', '2022-08-24 18:47:30', '2022-08-24 18:47:30'),
(157, '00101003242-HERI SAPUTRA.PDF', '16613921376306d509199cb.PDF', '2022-08-24 18:48:57', '2022-08-24 18:48:57'),
(158, '00101003257-ZULFIKAR.PDF', '16613922536306d57da4b08.PDF', '2022-08-24 18:50:53', '2022-08-24 18:50:53'),
(159, '00101003262-MUSRIZAL.PDF', '16613923226306d5c24a866.PDF', '2022-08-24 18:52:02', '2022-08-24 18:52:02'),
(160, '00101003482-MUAMMAR.PDF', '16613927396306d763c2e8f.PDF', '2022-08-24 18:58:59', '2022-08-24 18:58:59'),
(161, '00101003486-RIZKI AKBAR.PDF', '16613928676306d7e340db4.PDF', '2022-08-24 19:01:07', '2022-08-24 19:01:07'),
(162, '00101003529-ISRAHADI.PDF', '16613929416306d82d64dfb.PDF', '2022-08-24 19:02:21', '2022-08-24 19:02:21'),
(163, '00101003531-SAFRIADI.PDF', '16613930126306d87496d7d.PDF', '2022-08-24 19:03:32', '2022-08-24 19:03:32'),
(164, '00101003532-SUTIMAN.PDF', '16613971136306e87933bb7.PDF', '2022-08-24 20:11:53', '2022-08-24 20:11:53'),
(165, '00101003535-MART VERDIAN FALKA.PDF', '16613972096306e8d960fdf.PDF', '2022-08-24 20:13:29', '2022-08-24 20:13:29'),
(166, '00101003540-RAHMAT HIDAYAT.PDF', '16613972876306e927b353b.PDF', '2022-08-24 20:14:47', '2022-08-24 20:14:47'),
(167, '00101003747-RAHMAD IKBAL.PDF', '16613973806306e98487c0d.PDF', '2022-08-24 20:16:20', '2022-08-24 20:16:20'),
(168, '00101003749-MUNANDAR RAZALI.PDF', '16613974596306e9d3a2ed1.PDF', '2022-08-24 20:17:39', '2022-08-24 20:17:39'),
(169, '00101003751-FAKHRI KAMAL.PDF', '16613975256306ea151ada5.PDF', '2022-08-24 20:18:45', '2022-08-24 20:18:45'),
(170, '00101003752-RIZAL MUTTAQIN.PDF', '16613975866306ea529f95a.PDF', '2022-08-24 20:19:46', '2022-08-24 20:19:46'),
(171, '00101003761-FITRIANI.PDF', '16613976516306ea9316012.PDF', '2022-08-24 20:20:51', '2022-08-24 20:20:51'),
(172, '00101003820-IRWAN.PDF', '16613977686306eb0846352.PDF', '2022-08-24 20:22:48', '2022-08-24 20:22:48'),
(173, '00101003825-MOCHAMAD ANWAR BAKTI.PDF', '16613978696306eb6d9821a.PDF', '2022-08-24 20:24:29', '2022-08-24 20:24:29'),
(174, '00101004044-TAFAUL RIJAL.PDF', '16613980356306ec13a5992.PDF', '2022-08-24 20:27:15', '2022-08-24 20:27:15'),
(175, '00101004045-AHMAD YUNAN.PDF', '16613981136306ec6186c38.PDF', '2022-08-24 20:28:33', '2022-08-24 20:28:33'),
(176, '00101004046-IRMA SURIYANI.PDF', '16613981776306eca1b1e5d.PDF', '2022-08-24 20:29:37', '2022-08-24 20:29:37'),
(177, '00101004047-RUDOLF.PDF', '16613982626306ecf6b2504.PDF', '2022-08-24 20:31:02', '2022-08-24 20:31:02'),
(178, '00101004048-ENDRY JALALUDDIN.PDF', '16613987026306eeaec6800.PDF', '2022-08-24 20:38:22', '2022-08-24 20:38:22'),
(179, '00101004056-SYARBINI RAMLI.PDF', '16613987696306eef1956af.PDF', '2022-08-24 20:39:29', '2022-08-24 20:39:29'),
(180, '00101004062-IRANUR SANDRA.PDF', '16613993366306f128e0d8b.PDF', '2022-08-24 20:48:56', '2022-08-24 20:48:56'),
(181, '00101004063-ELMIADI MAJID.PDF', '16613995906306f226649ad.PDF', '2022-08-24 20:53:10', '2022-08-24 20:53:10'),
(182, '00101004065-AYYUB.PDF', '16613997916306f2efd287e.PDF', '2022-08-24 20:56:31', '2022-08-24 20:56:31'),
(183, '00101004219-AULIA NUR.PDF', '16613998486306f3288234d.PDF', '2022-08-24 20:57:28', '2022-08-24 20:57:28'),
(184, '00101004220-VICTOR BENGGA SAPUTRA.PDF', '16613999426306f38628bff.PDF', '2022-08-24 20:59:02', '2022-08-24 20:59:02'),
(185, '00101004226-BUKHARI.PDF', '16614000126306f3cc3fbaf.PDF', '2022-08-24 21:00:12', '2022-08-24 21:00:12'),
(186, '00101004246-HENDRI BUDAYA SAPUTRA.PDF', '16614000756306f40bbcc1d.PDF', '2022-08-24 21:01:15', '2022-08-24 21:01:15'),
(187, '00101004454-FUADI.PDF', '16614001426306f44e2c9c5.PDF', '2022-08-24 21:02:22', '2022-08-24 21:02:22'),
(188, '00101004458-MUNZIR.PDF', '16614002166306f498c57c5.PDF', '2022-08-24 21:03:36', '2022-08-24 21:03:36'),
(189, '00101004459-SAFRIZAL.PDF', '16614008546306f7165cc42.PDF', '2022-08-24 21:14:14', '2022-08-24 21:14:14'),
(190, '00101004656-SYAF HIDAYAT.PDF', '16614009416306f76d5b4cc.PDF', '2022-08-24 21:15:41', '2022-08-24 21:15:41'),
(191, '00101004657-MAULANA LUFFI.PDF', '16614010306306f7c621ac6.PDF', '2022-08-24 21:17:10', '2022-08-24 21:17:10'),
(192, '00101004658-M.IQBAL SAPUTRA.PDF', '16614011536306f84134f0f.PDF', '2022-08-24 21:19:13', '2022-08-24 21:19:13'),
(193, '00101041760-HARIS FIRNANDA.PDF', '16614037076307023b065ed.PDF', '2022-08-24 22:01:47', '2022-08-24 22:01:47'),
(194, '00101042235-MANAHAN SIREGAR.PDF', '16614037706307027a066df.PDF', '2022-08-24 22:02:50', '2022-08-24 22:02:50'),
(195, '00101042439-RADHIAH.PDF', '1661403841630702c14c59d.PDF', '2022-08-24 22:04:01', '2022-08-24 22:04:01'),
(196, '00101042440-NASRY IRAWAN.PDF', '1661403899630702fb89de6.PDF', '2022-08-24 22:04:59', '2022-08-24 22:04:59'),
(197, '00101081644-M. RIDHA.PDF', '1661403976630703481530b.PDF', '2022-08-24 22:06:16', '2022-08-24 22:06:16'),
(198, '00101238557-ALI MAULANA PUTRA.PDF', '1661404048630703903653e.PDF', '2022-08-24 22:07:28', '2022-08-24 22:07:28'),
(199, '00101002101-MAHDI.PDF', '1661404147630703f3481b8.PDF', '2022-08-24 22:09:07', '2022-08-24 22:09:07'),
(200, '00101003106-RITA AFRIYANTI.PDF', '1661404215630704378aaef.PDF', '2022-08-24 22:10:15', '2022-08-24 22:10:15'),
(201, '00101003263-ZAMHIR.PDF', '166140426063070464a23e7.PDF', '2022-08-24 22:11:00', '2022-08-24 22:11:00'),
(202, '00101003485-MUHAMMAD YASAR.PDF', '1661404386630704e23e5c3.PDF', '2022-08-24 22:13:06', '2022-08-24 22:13:06'),
(203, '00101003501-KEUMALA PUTRI.PDF', '1661412133630723251e1dc.PDF', '2022-08-25 00:22:13', '2022-08-25 00:22:13'),
(204, '00101003533-AFRIZAL.PDF', '1661412558630724ced8a91.PDF', '2022-08-25 00:29:18', '2022-08-25 00:29:18'),
(205, '00101003536-WIDYA.PDF', '166141268963072551628b5.PDF', '2022-08-25 00:31:29', '2022-08-25 00:31:29'),
(206, '00101003544-AIDIL FITRA.PDF', '1661412796630725bcd7fe7.PDF', '2022-08-25 00:33:16', '2022-08-25 00:33:16'),
(207, '00101003758-SAIFUL BAHRI.PDF', '16614129276307263f4560b.PDF', '2022-08-25 00:35:27', '2022-08-25 00:35:27'),
(208, '00101003822-JAMALUDDIN.PDF', '1661413026630726a2d270c.PDF', '2022-08-25 00:37:06', '2022-08-25 00:37:06'),
(209, '00101004049-ABD BASIR.PDF', '166141315363072721b74ac.PDF', '2022-08-25 00:39:13', '2022-08-25 00:39:13'),
(210, '00101004050-RIZKA MA HUSSAIN.PDF', '16614132276307276b4d52f.PDF', '2022-08-25 00:40:27', '2022-08-25 00:40:27'),
(211, '00101004650-MUHAMMAD SHADRI L.PDF', '166141451963072c77e0a0c.PDF', '2022-08-25 01:01:59', '2022-08-25 01:01:59'),
(212, '00101004660-SAIFUL KAMAL.PDF', '166141461663072cd873f37.PDF', '2022-08-25 01:03:36', '2022-08-25 01:03:36'),
(213, '00101041761-DANNY TRISNADI.PDF', '166141479563072d8b4e144.PDF', '2022-08-25 01:06:35', '2022-08-25 01:06:35'),
(214, '00101042137-USPAN.PDF', '1661416404630733d436f42.PDF', '2022-08-25 01:33:24', '2022-08-25 01:33:24'),
(215, '00101042326-DWIYAN ANUGRAH ERNADI.PDF', '16614164586307340a12b97.PDF', '2022-08-25 01:34:18', '2022-08-25 01:34:18'),
(216, '00101081462-ADI HANDARBENI.PDF', '16614165126307344035d3c.PDF', '2022-08-25 01:35:12', '2022-08-25 01:35:12'),
(217, '00101081543-MUSLEM.PDF', '1661416565630734750b49a.PDF', '2022-08-25 01:36:05', '2022-08-25 01:36:05'),
(218, '00101081728-DHAIB HAMZAH.PDF', '1661416683630734eb259b1.PDF', '2022-08-25 01:38:03', '2022-08-25 01:38:03'),
(219, '00101081729-MULIA.PDF', '16614167346307351e6386d.PDF', '2022-08-25 01:38:54', '2022-08-25 01:38:54'),
(220, '00101081900-AKBAR IRDHA.PDF', '166141679263073558cb84e.PDF', '2022-08-25 01:39:52', '2022-08-25 01:39:52'),
(221, '00101081901-MUHAMMAD.PDF', '1661416869630735a593af8.PDF', '2022-08-25 01:41:09', '2022-08-25 01:41:09'),
(222, '00101081902-MUKHSALMINA.PDF', '166141702663073642b015d.PDF', '2022-08-25 01:43:46', '2022-08-25 01:43:46'),
(223, '00101081903-YUSRIZAL.PDF', '16614172266307370a90a07.PDF', '2022-08-25 01:47:06', '2022-08-25 01:47:06'),
(224, '00101082034-WIKI APRIANTO.PDF', '16614173596307378fcf9e1.PDF', '2022-08-25 01:49:19', '2022-08-25 01:49:19'),
(225, '00101238743-BAYAN NOVRIAN.PDF', '16614175946307387adc248.PDF', '2022-08-25 01:53:14', '2022-08-25 01:53:14'),
(226, '00101238744-AKRAMUL FATA.PDF', '166141775363073919bca41.PDF', '2022-08-25 01:55:53', '2022-08-25 01:55:53'),
(227, '00101238745-HARWALIS.PDF', '16614178386307396e6ee23.PDF', '2022-08-25 01:57:18', '2022-08-25 01:57:18'),
(228, '00101238746-HEZA FIRDAUS.PDF', '1661417936630739d0c2904.PDF', '2022-08-25 01:58:56', '2022-08-25 01:58:56'),
(229, '00101238747-LISTIAWATI.PDF', '166141800663073a1619a71.PDF', '2022-08-25 02:00:06', '2022-08-25 02:00:06'),
(230, '00101238748-MUHAMMAD SYAWAL.PDF', '166141807063073a5657314.PDF', '2022-08-25 02:01:10', '2022-08-25 02:01:10'),
(231, '00101238749-TEUKU ZOEL FACHMI.PDF', '166141831663073b4ca9de4.PDF', '2022-08-25 02:05:16', '2022-08-25 02:05:16'),
(232, '00101238750-ZULFAN FAUZI.PDF', '166141839363073b994e2bb.PDF', '2022-08-25 02:06:33', '2022-08-25 02:06:33'),
(233, '00101238751-AZIZ MAULANA.PDF', '166141845063073bd2e918f.PDF', '2022-08-25 02:07:30', '2022-08-25 02:07:30'),
(234, '00101238752-HANAF RINALDI.PDF', '166141851263073c10bb06b.PDF', '2022-08-25 02:08:32', '2022-08-25 02:08:32'),
(235, '00101238753-M. KHALIS NIZWAR.PDF', '166141856863073c48e84f3.PDF', '2022-08-25 02:09:28', '2022-08-25 02:09:28'),
(236, '00101238754-KHUSNA ANNISA.PDF', '166141864863073c98d2edd.PDF', '2022-08-25 02:10:48', '2022-08-25 02:10:48'),
(237, '00101238755-TEUKU RIYAN ANWAR.PDF', '166141877463073d16b9f09.PDF', '2022-08-25 02:12:54', '2022-08-25 02:12:54'),
(238, '00101238757-DEVI SARI YUNIS.PDF', '166141907663073e4472b31.PDF', '2022-08-25 02:17:56', '2022-08-25 02:17:56'),
(239, '00101238758-SHALHAN ABI RAFDI SIREGAR.PDF', '166141913163073e7b2af75.PDF', '2022-08-25 02:18:51', '2022-08-25 02:18:51'),
(240, '00101003256-ANDY.PDF', '166141936963073f69a448d.PDF', '2022-08-25 02:22:49', '2022-08-25 02:22:49'),
(241, '00101082209-FARABY AZWANY.PDF', '166141947463073fd26dc3d.PDF', '2022-08-25 02:24:34', '2022-08-25 02:24:34');

-- --------------------------------------------------------

--
-- Struktur dari tabel `faqs`
--

CREATE TABLE `faqs` (
  `id` bigint(20) UNSIGNED NOT NULL,
  `pertanyaan` varchar(191) COLLATE utf8mb4_unicode_ci NOT NULL,
  `jawaban` mediumtext COLLATE utf8mb4_unicode_ci NOT NULL,
  `created_at` timestamp NULL DEFAULT NULL,
  `updated_at` timestamp NULL DEFAULT NULL
) ENGINE=InnoDB DEFAULT CHARSET=utf8mb4 COLLATE=utf8mb4_unicode_ci;

--
-- Dumping data untuk tabel `faqs`
--

INSERT INTO `faqs` (`id`, `pertanyaan`, `jawaban`, `created_at`, `updated_at`) VALUES
(1, 'Pertanyaan 1', '<p>Jawaban 1</p>', '2019-10-10 00:54:32', '2019-10-10 00:54:32'),
(2, 'Pertanyaan 2', '<p>Jawaban 2</p>', '2019-10-10 00:54:46', '2019-10-10 00:54:46');

-- --------------------------------------------------------

--
-- Struktur dari tabel `gampong`
--

CREATE TABLE `gampong` (
  `id` bigint(20) UNSIGNED NOT NULL,
  `kemukiman_id` bigint(20) UNSIGNED NOT NULL,
  `nama` varchar(191) COLLATE utf8mb4_unicode_ci NOT NULL
) ENGINE=InnoDB DEFAULT CHARSET=utf8mb4 COLLATE=utf8mb4_unicode_ci;

--
-- Dumping data untuk tabel `gampong`
--

INSERT INTO `gampong` (`id`, `kemukiman_id`, `nama`) VALUES
(1, 1, 'Officia Iusto'),
(2, 1, 'Velit Quaerat'),
(3, 1, 'Vero Ducimus'),
(4, 1, 'Et Est'),
(5, 1, 'Et Molestiae'),
(6, 2, 'Libero Sed'),
(7, 2, 'Ipsam Assumenda'),
(8, 2, 'Et Et'),
(9, 2, 'Et Similique'),
(10, 2, 'Repellendus Nisi'),
(11, 3, 'Aliquid Ratione'),
(12, 3, 'Autem Qui'),
(13, 3, 'Fugit Minus'),
(14, 3, 'Eos Dolor'),
(15, 3, 'Quos Fuga'),
(16, 4, 'Aut Aut'),
(17, 4, 'Ea Dolor'),
(18, 4, 'Enim Maiores'),
(19, 4, 'Sint Asperiores'),
(20, 4, 'Incidunt Harum'),
(21, 5, 'Et Temporibus'),
(22, 5, 'Laboriosam Modi'),
(23, 5, 'Debitis Aperiam'),
(24, 5, 'Expedita Deleniti'),
(25, 5, 'Odio Et'),
(26, 6, 'Labore Suscipit'),
(27, 6, 'Fugit Perspiciatis'),
(28, 6, 'Eveniet Sunt'),
(29, 6, 'Vero Et'),
(30, 6, 'Eum Autem'),
(31, 7, 'Voluptate Aut'),
(32, 7, 'Incidunt Earum'),
(33, 7, 'Maxime Nesciunt'),
(34, 7, 'Aut Enim'),
(35, 7, 'Enim Libero'),
(36, 8, 'Consectetur Laudantium'),
(37, 8, 'Voluptates Minus'),
(38, 8, 'Dolorum Neque'),
(39, 8, 'Laboriosam Est'),
(40, 8, 'Voluptatem Repudiandae'),
(41, 9, 'Et Doloribus'),
(42, 9, 'Tempore Consequatur'),
(43, 9, 'Assumenda Eos'),
(44, 9, 'Omnis Illum'),
(45, 9, 'Eligendi Et'),
(46, 10, 'Dolor Maxime'),
(47, 10, 'Culpa Omnis'),
(48, 10, 'Voluptatem Est'),
(49, 10, 'Beatae Adipisci'),
(50, 10, 'Est Voluptas'),
(51, 11, 'Cumque Earum'),
(52, 11, 'Soluta Consequatur'),
(53, 11, 'Tenetur Tempore'),
(54, 11, 'Fugiat Error'),
(55, 11, 'Distinctio Quisquam'),
(56, 12, 'Laboriosam Voluptatem'),
(57, 12, 'Eveniet Aperiam'),
(58, 12, 'In Voluptatem'),
(59, 12, 'Ratione Vel'),
(60, 12, 'Commodi Enim'),
(61, 13, 'Ut Eligendi'),
(62, 13, 'Molestiae Eaque'),
(63, 13, 'Eum Ut'),
(64, 13, 'Distinctio Autem'),
(65, 13, 'In Cum'),
(66, 14, 'Officiis Doloremque'),
(67, 14, 'Quis Explicabo'),
(68, 14, 'Quis Recusandae'),
(69, 14, 'Doloremque Tempora'),
(70, 14, 'Incidunt Hic'),
(71, 15, 'Eum Exercitationem'),
(72, 15, 'Minima Veritatis'),
(73, 15, 'Et Saepe'),
(74, 15, 'In Rerum'),
(75, 15, 'Eligendi Necessitatibus'),
(76, 16, 'Mollitia Voluptatum'),
(77, 16, 'Ab Molestiae'),
(78, 16, 'Fuga Eaque'),
(79, 16, 'Aut Rerum'),
(80, 16, 'Voluptatem Officia'),
(81, 17, 'Molestiae Ipsam'),
(82, 17, 'Impedit Et'),
(83, 17, 'Aperiam Nam'),
(84, 17, 'Ut Non'),
(85, 17, 'Voluptatem Possimus'),
(86, 18, 'Est Est'),
(87, 18, 'Optio Odit'),
(88, 18, 'Molestiae Doloribus'),
(89, 18, 'Dolorum Numquam'),
(90, 18, 'Id Non'),
(91, 19, 'Corporis Sit'),
(92, 19, 'Tempora Sunt'),
(93, 19, 'Est Non'),
(94, 19, 'Quia Mollitia'),
(95, 19, 'Sequi Cum'),
(96, 20, 'Temporibus Blanditiis'),
(97, 20, 'Ut Blanditiis'),
(98, 20, 'Et Sit'),
(99, 20, 'Sint Aspernatur'),
(100, 20, 'Voluptatem Veniam'),
(101, 21, 'Vel Voluptates'),
(102, 21, 'Et Sint'),
(103, 21, 'Quia Non'),
(104, 21, 'Ex Magni'),
(105, 21, 'Maxime Omnis'),
(106, 22, 'Optio Perspiciatis'),
(107, 22, 'Debitis Expedita'),
(108, 22, 'Excepturi Totam'),
(109, 22, 'Numquam Voluptatibus'),
(110, 22, 'Unde Dolorum'),
(111, 23, 'Vel Labore'),
(112, 23, 'Error Soluta'),
(113, 23, 'Occaecati Ipsa'),
(114, 23, 'Est Quia'),
(115, 23, 'Nemo Ipsa'),
(116, 24, 'Deserunt Assumenda'),
(117, 24, 'Quisquam Laboriosam'),
(118, 24, 'Iure Dolor'),
(119, 24, 'Eos In'),
(120, 24, 'Ex Facere'),
(121, 25, 'Adipisci Sed'),
(122, 25, 'Dolorem Expedita'),
(123, 25, 'Cumque Eos'),
(124, 25, 'Voluptatum Quas'),
(125, 25, 'Facere Ad'),
(126, 26, 'Officia Illo'),
(127, 26, 'Et Voluptatum'),
(128, 26, 'Modi Iusto'),
(129, 26, 'Doloribus Perspiciatis'),
(130, 26, 'Fugiat Ut'),
(131, 27, 'Sint Sit'),
(132, 27, 'Ipsam Ut'),
(133, 27, 'Sunt Sapiente'),
(134, 27, 'Est Quia'),
(135, 27, 'Vitae Est'),
(136, 28, 'Sint Quia'),
(137, 28, 'Beatae Eos'),
(138, 28, 'Aut Tenetur'),
(139, 28, 'Rerum Omnis'),
(140, 28, 'Eum Dignissimos'),
(141, 29, 'Neque Vel'),
(142, 29, 'Quis Qui'),
(143, 29, 'Consequatur Sit'),
(144, 29, 'Quod Corrupti'),
(145, 29, 'Incidunt Rerum'),
(146, 30, 'Eveniet Rerum'),
(147, 30, 'Ut Temporibus'),
(148, 30, 'Dicta Ullam'),
(149, 30, 'Qui Aperiam'),
(150, 30, 'Ex Possimus'),
(151, 31, 'Ad Sit'),
(152, 31, 'Voluptatum Ut'),
(153, 31, 'Quaerat Qui'),
(154, 31, 'Qui Deleniti'),
(155, 31, 'Doloremque Magnam'),
(156, 32, 'Qui Et'),
(157, 32, 'Vel Sit'),
(158, 32, 'Quo Mollitia'),
(159, 32, 'Quia In'),
(160, 32, 'Et Dicta'),
(161, 33, 'Qui Quibusdam'),
(162, 33, 'Deleniti Repellat'),
(163, 33, 'Dolorem Facere'),
(164, 33, 'Tempora Exercitationem'),
(165, 33, 'Accusantium Sunt'),
(166, 34, 'Et Quo'),
(167, 34, 'Et Rerum'),
(168, 34, 'Exercitationem Aut'),
(169, 34, 'Quia Maxime'),
(170, 34, 'Voluptatem Accusamus'),
(171, 35, 'Enim Non'),
(172, 35, 'Velit Tempora'),
(173, 35, 'Voluptatem Voluptas'),
(174, 35, 'Enim Ut'),
(175, 35, 'Consequuntur Ut'),
(176, 36, 'Ipsam Qui'),
(177, 36, 'Alias Nam'),
(178, 36, 'Consectetur Dolorum'),
(179, 36, 'Sint Reiciendis'),
(180, 36, 'Non Voluptas'),
(181, 37, 'Iusto Similique'),
(182, 37, 'Error Repellendus'),
(183, 37, 'Et Nam'),
(184, 37, 'Corporis Aut'),
(185, 37, 'Numquam Ea'),
(186, 38, 'Occaecati Nisi'),
(187, 38, 'Nesciunt In'),
(188, 38, 'Possimus Vero'),
(189, 38, 'Architecto Vero'),
(190, 38, 'Et Hic'),
(191, 39, 'Laudantium Quia'),
(192, 39, 'Ratione Nihil'),
(193, 39, 'Porro Odio'),
(194, 39, 'Provident Cumque'),
(195, 39, 'Quisquam Nisi'),
(196, 40, 'Eum Reprehenderit'),
(197, 40, 'Incidunt Repellendus'),
(198, 40, 'Dolores Quia'),
(199, 40, 'Excepturi Exercitationem'),
(200, 40, 'Quod Vitae'),
(201, 41, 'Magni Sit'),
(202, 41, 'Aliquam Asperiores'),
(203, 41, 'Qui Animi'),
(204, 41, 'Maxime Ipsam'),
(205, 41, 'Odio Sit'),
(206, 42, 'Et Natus'),
(207, 42, 'Sapiente Laboriosam'),
(208, 42, 'Qui Ut'),
(209, 42, 'Architecto Optio'),
(210, 42, 'Quod Ad'),
(211, 43, 'Dolorum Eaque'),
(212, 43, 'Earum Laborum'),
(213, 43, 'Dolor Autem'),
(214, 43, 'Qui Aliquid'),
(215, 43, 'Qui Modi'),
(216, 44, 'Dicta Nisi'),
(217, 44, 'Iste Tempora'),
(218, 44, 'Praesentium Dolor'),
(219, 44, 'Aliquid Molestias'),
(220, 44, 'Debitis Repellendus'),
(221, 45, 'Voluptatem Voluptas'),
(222, 45, 'Nostrum Aut'),
(223, 45, 'Et Beatae'),
(224, 45, 'Iusto Dolores'),
(225, 45, 'Eum Aut'),
(226, 46, 'Repellat Qui'),
(227, 46, 'Perspiciatis Molestiae'),
(228, 46, 'Sit Eos'),
(229, 46, 'Voluptatem Veniam'),
(230, 46, 'Sit Rerum'),
(231, 47, 'Consectetur Consequuntur'),
(232, 47, 'Sed Ipsa'),
(233, 47, 'Magni Velit'),
(234, 47, 'Accusamus Numquam'),
(235, 47, 'Quaerat Autem'),
(236, 48, 'Ipsum Magnam'),
(237, 48, 'Inventore Assumenda'),
(238, 48, 'Eum Sed'),
(239, 48, 'Voluptas Id'),
(240, 48, 'Dolore Incidunt'),
(241, 49, 'Sed Tenetur'),
(242, 49, 'Mollitia Ut'),
(243, 49, 'Laboriosam Tempora'),
(244, 49, 'Tempore Minima'),
(245, 49, 'Voluptatem Fugiat'),
(246, 50, 'Deleniti Cumque'),
(247, 50, 'Et Sit'),
(248, 50, 'Numquam Et'),
(249, 50, 'Sit Facilis'),
(250, 50, 'Impedit Est'),
(251, 51, 'Eaque Ut'),
(252, 51, 'Laboriosam Enim'),
(253, 51, 'Inventore Voluptatibus'),
(254, 51, 'Autem Aut'),
(255, 51, 'Sunt Ut'),
(256, 52, 'Est Aut'),
(257, 52, 'Eligendi Qui'),
(258, 52, 'Nostrum Unde'),
(259, 52, 'Rerum Dolorum'),
(260, 52, 'Perspiciatis Impedit'),
(261, 53, 'Accusamus Dicta'),
(262, 53, 'Asperiores Et'),
(263, 53, 'Vel Ullam'),
(264, 53, 'Commodi Perspiciatis'),
(265, 53, 'Repellendus Aut'),
(266, 54, 'Qui Quibusdam'),
(267, 54, 'Est Rerum'),
(268, 54, 'Sit Quis'),
(269, 54, 'Molestiae Aut'),
(270, 54, 'Nesciunt Praesentium'),
(271, 55, 'Eos Minus'),
(272, 55, 'Voluptatem Vero'),
(273, 55, 'Qui Quod'),
(274, 55, 'Occaecati Sint'),
(275, 55, 'Earum Nam'),
(276, 56, 'Sequi Autem'),
(277, 56, 'Voluptates Veritatis'),
(278, 56, 'Aperiam Voluptates'),
(279, 56, 'Minima Velit'),
(280, 56, 'Aperiam Omnis'),
(281, 57, 'Ut Dolorem'),
(282, 57, 'Eos Nostrum'),
(283, 57, 'Excepturi Officiis'),
(284, 57, 'Numquam Aut'),
(285, 57, 'Enim Accusantium'),
(286, 58, 'Delectus Assumenda'),
(287, 58, 'Amet Magni'),
(288, 58, 'Consectetur Pariatur'),
(289, 58, 'Assumenda Hic'),
(290, 58, 'Est Molestiae'),
(291, 59, 'Sit Itaque'),
(292, 59, 'Tempore Est'),
(293, 59, 'Nulla Similique'),
(294, 59, 'Quibusdam Voluptatem'),
(295, 59, 'Enim Eum'),
(296, 60, 'Numquam Eveniet'),
(297, 60, 'Aspernatur Deleniti'),
(298, 60, 'Nostrum Molestiae'),
(299, 60, 'Nobis Dolore'),
(300, 60, 'Voluptatem Hic'),
(301, 61, 'Ad Ex'),
(302, 61, 'Et Et'),
(303, 61, 'Doloremque Esse'),
(304, 61, 'Provident Repudiandae'),
(305, 61, 'At Esse'),
(306, 62, 'At Commodi'),
(307, 62, 'Consequatur Consequatur'),
(308, 62, 'Occaecati Fuga'),
(309, 62, 'Labore Dolor'),
(310, 62, 'Et Id'),
(311, 63, 'Omnis Non'),
(312, 63, 'Illum Et'),
(313, 63, 'Libero Et'),
(314, 63, 'Quo Voluptas'),
(315, 63, 'Possimus Mollitia'),
(316, 64, 'Sed Aut'),
(317, 64, 'Tempora Odio'),
(318, 64, 'Porro Nihil'),
(319, 64, 'Nobis Labore'),
(320, 64, 'Similique Mollitia'),
(321, 65, 'Aspernatur In'),
(322, 65, 'Pariatur Nesciunt'),
(323, 65, 'Laboriosam Ex'),
(324, 65, 'Inventore Iusto'),
(325, 65, 'Sit Delectus'),
(326, 66, 'Et Facere'),
(327, 66, 'Consequatur In'),
(328, 66, 'Ut Culpa'),
(329, 66, 'Vel Vero'),
(330, 66, 'Ipsam Porro'),
(331, 67, 'Repudiandae Sed'),
(332, 67, 'Qui Placeat'),
(333, 67, 'Deserunt Voluptatibus'),
(334, 67, 'Voluptate Asperiores'),
(335, 67, 'Laudantium Qui'),
(336, 68, 'Qui Quisquam'),
(337, 68, 'Consectetur Quis'),
(338, 68, 'Explicabo Explicabo'),
(339, 68, 'Nisi Aliquam'),
(340, 68, 'Ut Numquam'),
(341, 69, 'Velit Consequatur'),
(342, 69, 'Quisquam Doloremque'),
(343, 69, 'Voluptas Dolor'),
(344, 69, 'Reiciendis Laborum'),
(345, 69, 'Necessitatibus Minus'),
(346, 70, 'In Aliquid'),
(347, 70, 'Excepturi Ut'),
(348, 70, 'Reprehenderit Animi'),
(349, 70, 'Blanditiis Tempora'),
(350, 70, 'Nam Voluptatem'),
(351, 71, 'Harum Libero'),
(352, 71, 'Atque Expedita'),
(353, 71, 'Maxime Reprehenderit'),
(354, 71, 'Accusamus Velit'),
(355, 71, 'Et Adipisci'),
(356, 72, 'Consequuntur Ea'),
(357, 72, 'Rerum Sit'),
(358, 72, 'Animi Ratione'),
(359, 72, 'Ut Labore'),
(360, 72, 'Reiciendis Consequatur'),
(361, 73, 'Nihil Est'),
(362, 73, 'Eos Ipsa'),
(363, 73, 'Voluptas Architecto'),
(364, 73, 'Similique Repellendus'),
(365, 73, 'Fuga Eveniet'),
(366, 74, 'Est Mollitia'),
(367, 74, 'Eum Provident'),
(368, 74, 'Voluptatem Voluptatibus'),
(369, 74, 'Soluta Molestias'),
(370, 74, 'Magnam Sunt'),
(371, 75, 'Unde Et'),
(372, 75, 'Eum Minima'),
(373, 75, 'Et Vel'),
(374, 75, 'Alias Omnis'),
(375, 75, 'Neque Voluptatum'),
(376, 76, 'Nulla Quis'),
(377, 76, 'Error Pariatur'),
(378, 76, 'Assumenda Quo'),
(379, 76, 'Numquam Ut'),
(380, 76, 'Ipsa At'),
(381, 77, 'Fugit Unde'),
(382, 77, 'Ab Ut'),
(383, 77, 'Voluptas Sed'),
(384, 77, 'Ut Sit'),
(385, 77, 'Tempore Facere'),
(386, 78, 'Numquam Perferendis'),
(387, 78, 'Et Ex'),
(388, 78, 'Laboriosam Tenetur'),
(389, 78, 'Corrupti Tenetur'),
(390, 78, 'Ut Consequatur'),
(391, 79, 'Adipisci Aliquid'),
(392, 79, 'Totam Ea'),
(393, 79, 'Nostrum Est'),
(394, 79, 'Amet Exercitationem'),
(395, 79, 'Sunt Expedita'),
(396, 80, 'Rerum Ullam'),
(397, 80, 'Laudantium Voluptatem'),
(398, 80, 'Ducimus Sit'),
(399, 80, 'Minus Facere'),
(400, 80, 'Quia Expedita'),
(401, 81, 'Ex Ut'),
(402, 81, 'Quam Qui'),
(403, 81, 'Vitae Tempore'),
(404, 81, 'Ratione Aut'),
(405, 81, 'Eum Quod'),
(406, 82, 'Eveniet Adipisci'),
(407, 82, 'Velit Magnam'),
(408, 82, 'Et Architecto'),
(409, 82, 'Necessitatibus Laboriosam'),
(410, 82, 'Enim Facilis'),
(411, 83, 'Iusto Voluptas'),
(412, 83, 'Voluptatem Laborum'),
(413, 83, 'Beatae Officia'),
(414, 83, 'Quia Iste'),
(415, 83, 'Est Consequatur'),
(416, 84, 'Animi Rerum'),
(417, 84, 'Eum Aut'),
(418, 84, 'Exercitationem Qui'),
(419, 84, 'Amet Provident'),
(420, 84, 'Tempora Eos'),
(421, 85, 'Alias Dolorum'),
(422, 85, 'Est Et'),
(423, 85, 'Labore Ut'),
(424, 85, 'Soluta Eveniet'),
(425, 85, 'Error Delectus'),
(426, 86, 'Tenetur Assumenda'),
(427, 86, 'Eligendi Consequuntur'),
(428, 86, 'Incidunt Asperiores'),
(429, 86, 'Voluptatem Est'),
(430, 86, 'Delectus Similique'),
(431, 87, 'Ipsam Ducimus'),
(432, 87, 'Reiciendis Aliquam'),
(433, 87, 'Mollitia Adipisci'),
(434, 87, 'Esse Amet'),
(435, 87, 'Rem Qui'),
(436, 88, 'Perspiciatis Et'),
(437, 88, 'Consequatur Saepe'),
(438, 88, 'Sed Ut'),
(439, 88, 'Temporibus Impedit'),
(440, 88, 'Est Aut'),
(441, 89, 'Est Ut'),
(442, 89, 'Ut Maiores'),
(443, 89, 'Dolorum Dicta'),
(444, 89, 'Expedita Dignissimos'),
(445, 89, 'Dignissimos Hic'),
(446, 90, 'Ut Odio'),
(447, 90, 'Similique Delectus'),
(448, 90, 'Odit Amet'),
(449, 90, 'Necessitatibus Ab'),
(450, 90, 'Sit Iste'),
(451, 91, 'Dignissimos Hic'),
(452, 91, 'Ducimus Libero'),
(453, 91, 'Et Aut'),
(454, 91, 'Ut Quae'),
(455, 91, 'Labore Nisi'),
(456, 92, 'Quasi Non'),
(457, 92, 'Qui Perferendis'),
(458, 92, 'Voluptatibus Cumque'),
(459, 92, 'Laudantium Et'),
(460, 92, 'Distinctio Dolorem'),
(461, 93, 'Et Atque'),
(462, 93, 'Placeat Qui'),
(463, 93, 'Deserunt Incidunt'),
(464, 93, 'Quisquam Ut'),
(465, 93, 'Dicta Qui'),
(466, 94, 'Cum Omnis'),
(467, 94, 'Ipsam Debitis'),
(468, 94, 'Doloremque Quisquam'),
(469, 94, 'Reprehenderit Esse'),
(470, 94, 'Rerum Nisi'),
(471, 95, 'Vel Deleniti'),
(472, 95, 'Quidem Occaecati'),
(473, 95, 'Ducimus Aspernatur'),
(474, 95, 'Cum Similique'),
(475, 95, 'Molestiae Incidunt'),
(476, 96, 'Cum Magni'),
(477, 96, 'Tenetur Omnis'),
(478, 96, 'Veniam Autem'),
(479, 96, 'Iusto Voluptatem'),
(480, 96, 'Velit Quia'),
(481, 97, 'Repellendus Et'),
(482, 97, 'Quasi Quis'),
(483, 97, 'At Voluptas'),
(484, 97, 'Modi Doloribus'),
(485, 97, 'Maxime Sunt'),
(486, 98, 'Minima Nisi'),
(487, 98, 'Quae Dolorum'),
(488, 98, 'Incidunt Tenetur'),
(489, 98, 'Asperiores Ut'),
(490, 98, 'Aut Officia'),
(491, 99, 'Quibusdam Alias'),
(492, 99, 'Corporis Aut'),
(493, 99, 'Consequatur Et'),
(494, 99, 'Dolor Eligendi'),
(495, 99, 'Fuga Nemo'),
(496, 100, 'Ut Velit'),
(497, 100, 'Aut Quam'),
(498, 100, 'Voluptas Veritatis'),
(499, 100, 'Sit Aut'),
(500, 100, 'Ea Accusamus'),
(501, 101, 'Omnis Voluptas'),
(502, 101, 'Numquam Hic'),
(503, 101, 'Ab Et'),
(504, 101, 'Dolores Saepe'),
(505, 101, 'Et Eligendi'),
(506, 102, 'Eos Consequatur'),
(507, 102, 'Eos Ut'),
(508, 102, 'Labore Quo'),
(509, 102, 'Rem Vero'),
(510, 102, 'Praesentium Magni'),
(511, 103, 'Assumenda Facere'),
(512, 103, 'Modi Sequi'),
(513, 103, 'Hic Sequi'),
(514, 103, 'Ea Nihil'),
(515, 103, 'Ut Qui'),
(516, 104, 'Dolorem Eum'),
(517, 104, 'Dicta Quia'),
(518, 104, 'Sit Est'),
(519, 104, 'Asperiores Debitis'),
(520, 104, 'Quam Accusantium'),
(521, 105, 'Soluta Facilis'),
(522, 105, 'Ipsam Animi'),
(523, 105, 'Quidem Placeat'),
(524, 105, 'Magnam Ipsa'),
(525, 105, 'Qui Velit'),
(526, 106, 'Ipsa Quia'),
(527, 106, 'Earum Consectetur'),
(528, 106, 'Dolorem Occaecati'),
(529, 106, 'Hic In'),
(530, 106, 'Est Corporis'),
(531, 107, 'Vel Sit'),
(532, 107, 'Tempore Sit'),
(533, 107, 'Quam Voluptas'),
(534, 107, 'Accusantium A'),
(535, 107, 'Atque Praesentium'),
(536, 108, 'Ratione Optio'),
(537, 108, 'Voluptates Autem'),
(538, 108, 'Voluptatem Quia'),
(539, 108, 'Iste Rerum'),
(540, 108, 'Eos Reprehenderit'),
(541, 109, 'Voluptatem Maiores'),
(542, 109, 'Possimus Quibusdam'),
(543, 109, 'Delectus Ipsam'),
(544, 109, 'Neque Laborum'),
(545, 109, 'Quo Non'),
(546, 110, 'Quidem Perspiciatis'),
(547, 110, 'Et Reiciendis'),
(548, 110, 'Consectetur Adipisci'),
(549, 110, 'Repellendus Consequatur'),
(550, 110, 'Consequuntur Et'),
(551, 111, 'Facilis Quia'),
(552, 111, 'Voluptatem Quam'),
(553, 111, 'Et Minus'),
(554, 111, 'Excepturi Sint'),
(555, 111, 'Et Est'),
(556, 112, 'Doloremque Voluptas'),
(557, 112, 'Similique Ut'),
(558, 112, 'Expedita Sapiente'),
(559, 112, 'Ducimus Id'),
(560, 112, 'In Ad'),
(561, 113, 'Vel Animi'),
(562, 113, 'Reprehenderit Ut'),
(563, 113, 'Repudiandae Voluptatem'),
(564, 113, 'Ea Qui'),
(565, 113, 'Est Ad'),
(566, 114, 'Et Rerum'),
(567, 114, 'Distinctio Sapiente'),
(568, 114, 'Numquam Nobis'),
(569, 114, 'Ut Odit'),
(570, 114, 'Dolor Ducimus'),
(571, 115, 'Non Nesciunt'),
(572, 115, 'Omnis Aperiam'),
(573, 115, 'Libero Commodi'),
(574, 115, 'Distinctio Nobis'),
(575, 115, 'Quis Et'),
(576, 116, 'In Nihil'),
(577, 116, 'Voluptatibus Dolor'),
(578, 116, 'Non Quia'),
(579, 116, 'Est Laborum'),
(580, 116, 'Deleniti Dolor'),
(581, 117, 'Praesentium A'),
(582, 117, 'Natus Ut'),
(583, 117, 'Et Possimus'),
(584, 117, 'Dignissimos Temporibus'),
(585, 117, 'Nobis Et'),
(586, 118, 'Nihil Necessitatibus'),
(587, 118, 'Quidem Quis'),
(588, 118, 'Rerum Amet'),
(589, 118, 'Minus Illum'),
(590, 118, 'Placeat Labore'),
(591, 119, 'Optio Aliquid'),
(592, 119, 'Explicabo Voluptatem'),
(593, 119, 'Atque Consectetur'),
(594, 119, 'Blanditiis Delectus'),
(595, 119, 'Architecto Iste'),
(596, 120, 'Nesciunt Eius'),
(597, 120, 'Similique Sit'),
(598, 120, 'Est Deleniti'),
(599, 120, 'Et Numquam'),
(600, 120, 'Consequatur Earum'),
(601, 121, 'Eaque Repudiandae'),
(602, 121, 'Veritatis Sed'),
(603, 121, 'Porro Labore'),
(604, 121, 'Accusantium Rerum'),
(605, 121, 'Nihil Repellendus'),
(606, 122, 'Voluptate Dolor'),
(607, 122, 'Aut Repellat'),
(608, 122, 'Consectetur Dolor'),
(609, 122, 'Illum Rerum'),
(610, 122, 'Excepturi Ipsam'),
(611, 123, 'Voluptatem Amet'),
(612, 123, 'Quia Nulla'),
(613, 123, 'Nihil Fugit'),
(614, 123, 'Maxime Praesentium'),
(615, 123, 'Quaerat Doloremque'),
(616, 124, 'Molestiae Rerum'),
(617, 124, 'Hic Aliquam'),
(618, 124, 'Minus Assumenda'),
(619, 124, 'Harum Voluptatem'),
(620, 124, 'Fugiat Explicabo'),
(621, 125, 'Qui Aspernatur'),
(622, 125, 'Aut Eveniet'),
(623, 125, 'Ratione Sit'),
(624, 125, 'Omnis Et'),
(625, 125, 'Tempora Illo'),
(626, 126, 'Voluptatem Exercitationem'),
(627, 126, 'Explicabo Ducimus'),
(628, 126, 'Veritatis Ullam'),
(629, 126, 'Quis Illo'),
(630, 126, 'Et Ipsa'),
(631, 127, 'Qui Omnis'),
(632, 127, 'Soluta Doloremque'),
(633, 127, 'Exercitationem Nihil'),
(634, 127, 'Nihil Quia'),
(635, 127, 'Eius Temporibus'),
(636, 128, 'Vel Fuga'),
(637, 128, 'Aut Harum'),
(638, 128, 'Voluptate Laudantium'),
(639, 128, 'Vel Dolores'),
(640, 128, 'Enim Quas'),
(641, 129, 'Eveniet Doloremque'),
(642, 129, 'Soluta Et'),
(643, 129, 'Quia Quis'),
(644, 129, 'Natus Est'),
(645, 129, 'Quia Odit'),
(646, 130, 'Ut Nam'),
(647, 130, 'Omnis Et'),
(648, 130, 'Minima Recusandae'),
(649, 130, 'Quos Error'),
(650, 130, 'Eos Optio'),
(651, 131, 'Dolorem Deleniti'),
(652, 131, 'Rerum Laboriosam'),
(653, 131, 'Voluptatem Et'),
(654, 131, 'Laudantium Et'),
(655, 131, 'Quam Facilis'),
(656, 132, 'Est Dolor'),
(657, 132, 'Aut Officia'),
(658, 132, 'Qui Et'),
(659, 132, 'Dolor Qui'),
(660, 132, 'Maiores Quod'),
(661, 133, 'Perferendis Dignissimos'),
(662, 133, 'Dignissimos A'),
(663, 133, 'Ut Harum'),
(664, 133, 'Reprehenderit Neque'),
(665, 133, 'Cumque Sed'),
(666, 134, 'Vero Beatae'),
(667, 134, 'Facere Voluptate'),
(668, 134, 'Et Inventore'),
(669, 134, 'Possimus Voluptatibus'),
(670, 134, 'Similique Ad'),
(671, 135, 'Neque Nobis'),
(672, 135, 'Quo Ipsa'),
(673, 135, 'Ad Quod'),
(674, 135, 'Enim Neque'),
(675, 135, 'Laboriosam Provident'),
(676, 136, 'Fugit Et'),
(677, 136, 'Provident Nobis'),
(678, 136, 'Aut Vitae'),
(679, 136, 'Non Aut'),
(680, 136, 'Recusandae Aliquam'),
(681, 137, 'Ab Occaecati'),
(682, 137, 'Est Optio'),
(683, 137, 'Incidunt Illum'),
(684, 137, 'Sequi Quaerat'),
(685, 137, 'Tenetur Quia'),
(686, 138, 'Veritatis Magnam'),
(687, 138, 'Ipsum Non'),
(688, 138, 'Excepturi Officia'),
(689, 138, 'Non Ab'),
(690, 138, 'Id Consectetur'),
(691, 139, 'Non Hic'),
(692, 139, 'Et Voluptas'),
(693, 139, 'Cupiditate Ea'),
(694, 139, 'Quam Et'),
(695, 139, 'Nam Autem'),
(696, 140, 'Aut Consequatur'),
(697, 140, 'Mollitia Alias'),
(698, 140, 'Sunt Minima'),
(699, 140, 'Velit Id'),
(700, 140, 'Corporis Eveniet'),
(701, 141, 'Magnam Laboriosam'),
(702, 141, 'Repellat Impedit'),
(703, 141, 'Nihil Nihil'),
(704, 141, 'Animi Doloribus'),
(705, 141, 'Odit Error'),
(706, 142, 'Quaerat Aut'),
(707, 142, 'Sed Error'),
(708, 142, 'Quasi Consectetur'),
(709, 142, 'Qui Quia'),
(710, 142, 'Doloremque Odio'),
(711, 143, 'Officia Ut'),
(712, 143, 'Laudantium Quia'),
(713, 143, 'Pariatur Quasi'),
(714, 143, 'Beatae Reiciendis'),
(715, 143, 'Veritatis Quis'),
(716, 144, 'Animi In'),
(717, 144, 'Accusamus Quis'),
(718, 144, 'Cumque Quae'),
(719, 144, 'Illum Sint'),
(720, 144, 'Id Aperiam'),
(721, 145, 'Mollitia Repudiandae'),
(722, 145, 'Perferendis Et'),
(723, 145, 'Excepturi Quia'),
(724, 145, 'Voluptatem Dolore'),
(725, 145, 'Nam Incidunt'),
(726, 146, 'Cupiditate Magni'),
(727, 146, 'Omnis Ut'),
(728, 146, 'At Odio'),
(729, 146, 'Aut Excepturi'),
(730, 146, 'Nisi Alias'),
(731, 147, 'Ad Nulla'),
(732, 147, 'Nostrum Debitis'),
(733, 147, 'Distinctio Doloremque'),
(734, 147, 'Modi Officia'),
(735, 147, 'Voluptas Quo'),
(736, 148, 'Fugiat Itaque'),
(737, 148, 'Excepturi Inventore'),
(738, 148, 'Eaque Voluptatem'),
(739, 148, 'Et Ab'),
(740, 148, 'Nesciunt Aut'),
(741, 149, 'Est Id'),
(742, 149, 'Non Qui'),
(743, 149, 'Sint Commodi'),
(744, 149, 'Sit Velit'),
(745, 149, 'Ut Exercitationem'),
(746, 150, 'Fugit Officia'),
(747, 150, 'Dolorem Temporibus'),
(748, 150, 'Et Sit'),
(749, 150, 'Nulla Nemo'),
(750, 150, 'Veritatis Incidunt'),
(751, 151, 'Voluptatem Assumenda'),
(752, 151, 'Maxime Tempora'),
(753, 151, 'Eveniet Aliquam'),
(754, 151, 'Aut Laudantium'),
(755, 151, 'Repudiandae Dolorum'),
(756, 152, 'Consectetur Laboriosam'),
(757, 152, 'Soluta Ut'),
(758, 152, 'Aut Est'),
(759, 152, 'Vel Id'),
(760, 152, 'Est Saepe'),
(761, 153, 'Eveniet Repudiandae'),
(762, 153, 'Rerum Odio'),
(763, 153, 'Doloribus Dolor'),
(764, 153, 'Sint Quia'),
(765, 153, 'Maiores Sunt'),
(766, 154, 'Qui Maxime'),
(767, 154, 'Aut Id'),
(768, 154, 'Quia Cum'),
(769, 154, 'Nisi Quibusdam'),
(770, 154, 'Dolorem Doloribus'),
(771, 155, 'Non Dolorum'),
(772, 155, 'Quod Commodi'),
(773, 155, 'Rerum Aut'),
(774, 155, 'Ratione Nisi'),
(775, 155, 'Quo Soluta'),
(776, 156, 'Illo Ducimus'),
(777, 156, 'Molestias Est'),
(778, 156, 'Laboriosam Sint'),
(779, 156, 'Accusamus Repellat'),
(780, 156, 'Qui Ipsum'),
(781, 157, 'Nam Nostrum'),
(782, 157, 'Veritatis Atque'),
(783, 157, 'Reprehenderit Est'),
(784, 157, 'Et Omnis'),
(785, 157, 'Impedit Non'),
(786, 158, 'Quia Id'),
(787, 158, 'Perferendis Ducimus'),
(788, 158, 'Cupiditate Sed'),
(789, 158, 'Autem Veritatis'),
(790, 158, 'Eum Et'),
(791, 159, 'Dicta Ut'),
(792, 159, 'Architecto Enim'),
(793, 159, 'Nihil Maxime'),
(794, 159, 'Perspiciatis Quaerat'),
(795, 159, 'Quia Quasi'),
(796, 160, 'Ex Excepturi'),
(797, 160, 'Eius Earum'),
(798, 160, 'Dolores Quas'),
(799, 160, 'Consequatur Sint'),
(800, 160, 'Dolores Quasi'),
(801, 161, 'Qui Deleniti'),
(802, 161, 'Voluptatem Quidem'),
(803, 161, 'Et Occaecati'),
(804, 161, 'Excepturi Laboriosam'),
(805, 161, 'Laboriosam Ut'),
(806, 162, 'Accusantium Est'),
(807, 162, 'Libero Officia'),
(808, 162, 'Ut Quidem'),
(809, 162, 'Provident Aut'),
(810, 162, 'Aut Dolorem'),
(811, 163, 'Voluptatem Ex'),
(812, 163, 'Voluptas Id'),
(813, 163, 'Consequuntur Ut'),
(814, 163, 'Dicta Reprehenderit'),
(815, 163, 'Molestias Modi'),
(816, 164, 'Cupiditate Voluptatum'),
(817, 164, 'Et Omnis'),
(818, 164, 'Perferendis Natus'),
(819, 164, 'Amet Expedita'),
(820, 164, 'Ut Eligendi'),
(821, 165, 'Dolorum Dolorem'),
(822, 165, 'Est Sit'),
(823, 165, 'Et Qui'),
(824, 165, 'Optio Quo'),
(825, 165, 'Sit Reprehenderit'),
(826, 166, 'Optio Aut'),
(827, 166, 'Expedita Et'),
(828, 166, 'Eos Perferendis'),
(829, 166, 'Dignissimos Voluptatem'),
(830, 166, 'Laborum Amet'),
(831, 167, 'Laudantium Odio'),
(832, 167, 'Illo Aut'),
(833, 167, 'Omnis Omnis'),
(834, 167, 'Vel Quibusdam'),
(835, 167, 'Natus Sed'),
(836, 168, 'Enim Eum'),
(837, 168, 'Suscipit Perferendis'),
(838, 168, 'Minima Cum'),
(839, 168, 'Vel Aliquid'),
(840, 168, 'Repellendus Debitis'),
(841, 169, 'Quia Omnis'),
(842, 169, 'Aut Sequi'),
(843, 169, 'Cum Sapiente'),
(844, 169, 'Et A'),
(845, 169, 'Officiis Excepturi'),
(846, 170, 'Assumenda In'),
(847, 170, 'Sed Cumque'),
(848, 170, 'Nam Dolorum'),
(849, 170, 'Aliquam Hic'),
(850, 170, 'Et Id'),
(851, 171, 'Magnam Ducimus'),
(852, 171, 'Qui Quia'),
(853, 171, 'Accusantium Qui'),
(854, 171, 'Commodi Expedita'),
(855, 171, 'Illum Quia'),
(856, 172, 'Suscipit Doloribus'),
(857, 172, 'Autem Ea'),
(858, 172, 'Natus Eligendi'),
(859, 172, 'Ipsum Nihil'),
(860, 172, 'Ipsam Nihil'),
(861, 173, 'Ut Perspiciatis'),
(862, 173, 'Maxime Aperiam'),
(863, 173, 'Magnam Autem'),
(864, 173, 'Harum Magnam'),
(865, 173, 'Est Et'),
(866, 174, 'Et Facilis'),
(867, 174, 'Voluptatum Sit'),
(868, 174, 'Iste Corporis'),
(869, 174, 'Doloremque Delectus'),
(870, 174, 'Optio Illum'),
(871, 175, 'Id Voluptas'),
(872, 175, 'Aspernatur Enim'),
(873, 175, 'Earum Pariatur'),
(874, 175, 'Esse Nihil'),
(875, 175, 'Repellendus Labore'),
(876, 176, 'Est Quibusdam'),
(877, 176, 'Consequuntur Et'),
(878, 176, 'Unde Placeat'),
(879, 176, 'Provident Nihil'),
(880, 176, 'Enim Id'),
(881, 177, 'Aut Occaecati'),
(882, 177, 'Aut Sint'),
(883, 177, 'Cum Nisi'),
(884, 177, 'Sed Reprehenderit'),
(885, 177, 'Totam Optio'),
(886, 178, 'Tenetur Dolores'),
(887, 178, 'Debitis Nam'),
(888, 178, 'Laborum Id'),
(889, 178, 'Vero In'),
(890, 178, 'Voluptatum Natus'),
(891, 179, 'Perspiciatis Odio'),
(892, 179, 'Aliquid Delectus'),
(893, 179, 'Aut Aliquid'),
(894, 179, 'Fugiat Et'),
(895, 179, 'Quia Velit'),
(896, 180, 'Libero Qui'),
(897, 180, 'Ut Ut'),
(898, 180, 'Aut Recusandae'),
(899, 180, 'Nisi Debitis'),
(900, 180, 'Molestias Consequatur'),
(901, 181, 'Qui Deleniti'),
(902, 181, 'Voluptatem Non'),
(903, 181, 'Laudantium Neque'),
(904, 181, 'Dolorem Impedit'),
(905, 181, 'Fugiat Rerum'),
(906, 182, 'Tempora Laboriosam'),
(907, 182, 'Enim Eaque'),
(908, 182, 'Quia Ut'),
(909, 182, 'Est Deserunt'),
(910, 182, 'Sit Assumenda'),
(911, 183, 'Quis Illum'),
(912, 183, 'Non Voluptas'),
(913, 183, 'Nesciunt Molestiae'),
(914, 183, 'Labore Et'),
(915, 183, 'Corporis Atque'),
(916, 184, 'Ad Eos'),
(917, 184, 'Id Est'),
(918, 184, 'Recusandae Odit'),
(919, 184, 'Voluptate Dolorem'),
(920, 184, 'Velit Voluptas'),
(921, 185, 'Aut Dolorem'),
(922, 185, 'Non Nostrum'),
(923, 185, 'Laboriosam Aperiam'),
(924, 185, 'Alias Velit'),
(925, 185, 'Consequatur Sint'),
(926, 186, 'Dolor Aut'),
(927, 186, 'Fuga Amet'),
(928, 186, 'Illo Tenetur'),
(929, 186, 'Ipsa Explicabo'),
(930, 186, 'Perferendis Minus'),
(931, 187, 'Praesentium Nulla'),
(932, 187, 'Rerum Voluptas'),
(933, 187, 'Qui Enim'),
(934, 187, 'Aut Adipisci'),
(935, 187, 'Commodi Ut'),
(936, 188, 'Voluptatem Nisi'),
(937, 188, 'Eveniet Velit'),
(938, 188, 'Aut Amet'),
(939, 188, 'Unde Et'),
(940, 188, 'Reprehenderit Est'),
(941, 189, 'Quae Aut'),
(942, 189, 'Fugiat Voluptatum'),
(943, 189, 'Quia Accusantium'),
(944, 189, 'Hic Et'),
(945, 189, 'Velit Sit'),
(946, 190, 'Officiis Id'),
(947, 190, 'Est Voluptas'),
(948, 190, 'Placeat Porro'),
(949, 190, 'Eum Sunt'),
(950, 190, 'Libero Molestiae'),
(951, 191, 'Rem Maxime'),
(952, 191, 'Eius Ut'),
(953, 191, 'Deleniti Eos'),
(954, 191, 'Doloribus Laudantium'),
(955, 191, 'Et Odit'),
(956, 192, 'Fugit Et'),
(957, 192, 'Et Minima'),
(958, 192, 'Perspiciatis Et'),
(959, 192, 'Quis Nam'),
(960, 192, 'Et Ut'),
(961, 193, 'Inventore Perspiciatis'),
(962, 193, 'Tempora Ut'),
(963, 193, 'Consequatur Velit'),
(964, 193, 'Fugiat Officiis'),
(965, 193, 'Quod Deserunt'),
(966, 194, 'Facere Accusantium'),
(967, 194, 'Itaque Reprehenderit'),
(968, 194, 'Aut Eos'),
(969, 194, 'Est Alias'),
(970, 194, 'Ut Et'),
(971, 195, 'Alias Vitae'),
(972, 195, 'Illum Ut'),
(973, 195, 'Consectetur Facere'),
(974, 195, 'Quasi Quo'),
(975, 195, 'Sint Aliquam'),
(976, 196, 'Ipsa Aperiam'),
(977, 196, 'Aut Est'),
(978, 196, 'Tempore Nihil'),
(979, 196, 'Autem Et'),
(980, 196, 'Sit Commodi'),
(981, 197, 'Saepe Et'),
(982, 197, 'Enim Molestiae'),
(983, 197, 'Minima Voluptas'),
(984, 197, 'Et Natus'),
(985, 197, 'Ipsam Voluptatum'),
(986, 198, 'Debitis Et'),
(987, 198, 'Veritatis Culpa'),
(988, 198, 'Enim Exercitationem'),
(989, 198, 'Harum Minima'),
(990, 198, 'Laboriosam Voluptate'),
(991, 199, 'Repudiandae Quisquam'),
(992, 199, 'Fuga Aut'),
(993, 199, 'Nisi Ullam'),
(994, 199, 'Inventore Quo'),
(995, 199, 'Et Quisquam'),
(996, 200, 'Ut Sed'),
(997, 200, 'Nisi Et'),
(998, 200, 'Enim Autem'),
(999, 200, 'Est Aut'),
(1000, 200, 'Voluptas Blanditiis'),
(1001, 201, 'Quia Voluptatem'),
(1002, 201, 'Libero Repudiandae'),
(1003, 201, 'Magnam Iure'),
(1004, 201, 'Ullam Debitis'),
(1005, 201, 'Voluptatem Id'),
(1006, 202, 'Nulla Sint'),
(1007, 202, 'Nam Totam'),
(1008, 202, 'Cum Dolore'),
(1009, 202, 'Occaecati Veritatis'),
(1010, 202, 'Architecto Fuga'),
(1011, 203, 'Doloremque Dignissimos'),
(1012, 203, 'Voluptas Voluptas'),
(1013, 203, 'Quibusdam Qui'),
(1014, 203, 'Iste Voluptas'),
(1015, 203, 'Non Ut'),
(1016, 204, 'Est Facere'),
(1017, 204, 'Doloribus Aut'),
(1018, 204, 'Nesciunt Est'),
(1019, 204, 'Nihil In'),
(1020, 204, 'Qui Voluptatem'),
(1021, 205, 'Vitae Ut'),
(1022, 205, 'Dolore Fugiat'),
(1023, 205, 'Quidem Ut'),
(1024, 205, 'Reiciendis Quia'),
(1025, 205, 'Enim Nisi'),
(1026, 206, 'Unde Eos'),
(1027, 206, 'Corrupti Dicta'),
(1028, 206, 'Accusamus Recusandae'),
(1029, 206, 'Quia Culpa'),
(1030, 206, 'Asperiores Laborum'),
(1031, 207, 'Id Unde'),
(1032, 207, 'Ad Et'),
(1033, 207, 'Eos Harum'),
(1034, 207, 'Velit Nihil'),
(1035, 207, 'Eum Sed'),
(1036, 208, 'Occaecati Porro'),
(1037, 208, 'Harum Modi'),
(1038, 208, 'Doloribus Officiis'),
(1039, 208, 'Inventore Aut'),
(1040, 208, 'Eos Sunt'),
(1041, 209, 'Ad Rerum'),
(1042, 209, 'Enim Aut'),
(1043, 209, 'Dignissimos Aliquam'),
(1044, 209, 'Nisi Autem'),
(1045, 209, 'Nam Quasi'),
(1046, 210, 'Doloremque Sunt'),
(1047, 210, 'Iusto Ex'),
(1048, 210, 'Odio Labore'),
(1049, 210, 'Tempora Optio'),
(1050, 210, 'Dolorum Quidem'),
(1051, 211, 'Tempore Possimus'),
(1052, 211, 'Aliquid Consequatur'),
(1053, 211, 'Culpa Ut'),
(1054, 211, 'Sed Et'),
(1055, 211, 'Explicabo Consectetur'),
(1056, 212, 'Eligendi Dolorum'),
(1057, 212, 'Neque Sunt'),
(1058, 212, 'Non Quae'),
(1059, 212, 'Molestiae Perferendis'),
(1060, 212, 'Inventore Ullam'),
(1061, 213, 'Vel Error'),
(1062, 213, 'Molestiae Molestiae'),
(1063, 213, 'Ratione Quo'),
(1064, 213, 'Quasi Vero'),
(1065, 213, 'Libero Et'),
(1066, 214, 'Ipsum Enim'),
(1067, 214, 'Quam Ipsa'),
(1068, 214, 'Quos Quo'),
(1069, 214, 'Cupiditate Enim'),
(1070, 214, 'Neque Eos'),
(1071, 215, 'Impedit Eum'),
(1072, 215, 'Voluptas Earum'),
(1073, 215, 'Sed Dolorum'),
(1074, 215, 'Et Expedita'),
(1075, 215, 'Adipisci Quae'),
(1076, 216, 'Ratione Perspiciatis'),
(1077, 216, 'Et A'),
(1078, 216, 'Saepe Et'),
(1079, 216, 'Earum Molestias'),
(1080, 216, 'Id Cupiditate'),
(1081, 217, 'Pariatur Esse'),
(1082, 217, 'Et In'),
(1083, 217, 'Quisquam Aut'),
(1084, 217, 'Eos Nobis'),
(1085, 217, 'Debitis Adipisci'),
(1086, 218, 'Voluptatem Aut'),
(1087, 218, 'Non Consequatur'),
(1088, 218, 'Rem Expedita'),
(1089, 218, 'Odio Reiciendis'),
(1090, 218, 'Officia Ut'),
(1091, 219, 'Quos Aliquam'),
(1092, 219, 'Ut Consectetur'),
(1093, 219, 'Reiciendis Et'),
(1094, 219, 'Aliquid Quod'),
(1095, 219, 'Voluptates Dolore'),
(1096, 220, 'Delectus Maiores'),
(1097, 220, 'Distinctio Alias'),
(1098, 220, 'Ea Dignissimos'),
(1099, 220, 'Sint Eius'),
(1100, 220, 'Repellendus Et'),
(1101, 221, 'Ipsum Temporibus'),
(1102, 221, 'Vel Veritatis'),
(1103, 221, 'Esse Similique'),
(1104, 221, 'Blanditiis Voluptas'),
(1105, 221, 'Corrupti Consequatur'),
(1106, 222, 'Aut Eaque'),
(1107, 222, 'Quisquam Doloremque'),
(1108, 222, 'Quibusdam Qui'),
(1109, 222, 'Aut Cum'),
(1110, 222, 'Vero Adipisci'),
(1111, 223, 'Amet Dolores'),
(1112, 223, 'Qui Praesentium'),
(1113, 223, 'Aut Ratione'),
(1114, 223, 'Reiciendis Distinctio'),
(1115, 223, 'Aut Voluptatem'),
(1116, 224, 'Molestiae Ipsa'),
(1117, 224, 'Id Aliquam'),
(1118, 224, 'Perspiciatis Aspernatur'),
(1119, 224, 'Omnis Eum'),
(1120, 224, 'Necessitatibus Perspiciatis'),
(1121, 225, 'Consequatur Incidunt'),
(1122, 225, 'Amet Porro'),
(1123, 225, 'Et Deleniti'),
(1124, 225, 'Architecto Perspiciatis'),
(1125, 225, 'Distinctio Repudiandae'),
(1126, 226, 'Sint Accusamus'),
(1127, 226, 'Eligendi Voluptatem'),
(1128, 226, 'Voluptatem Non'),
(1129, 226, 'Sequi Voluptates'),
(1130, 226, 'Consequuntur Vel'),
(1131, 227, 'Aut Aut'),
(1132, 227, 'Ab Id'),
(1133, 227, 'Beatae In'),
(1134, 227, 'Aut Eius'),
(1135, 227, 'Vero Culpa'),
(1136, 228, 'Blanditiis Eos'),
(1137, 228, 'Debitis Quidem'),
(1138, 228, 'Amet Eius'),
(1139, 228, 'Qui Voluptate'),
(1140, 228, 'Ut Optio'),
(1141, 229, 'Sint Temporibus'),
(1142, 229, 'Eligendi Distinctio'),
(1143, 229, 'Officiis Impedit'),
(1144, 229, 'Iusto Iure'),
(1145, 229, 'Adipisci Quam'),
(1146, 230, 'Officiis Similique'),
(1147, 230, 'Molestiae Quo'),
(1148, 230, 'Fuga Velit'),
(1149, 230, 'Modi Possimus'),
(1150, 230, 'Tenetur Neque'),
(1151, 231, 'Aut Odit'),
(1152, 231, 'Consequuntur Illum'),
(1153, 231, 'Error Odio'),
(1154, 231, 'Placeat Porro'),
(1155, 231, 'Est Est'),
(1156, 232, 'Quo Architecto'),
(1157, 232, 'Voluptatibus Ratione'),
(1158, 232, 'Voluptates Et'),
(1159, 232, 'Soluta Laborum'),
(1160, 232, 'Alias Eos'),
(1161, 233, 'Quibusdam Et'),
(1162, 233, 'Quod Repellat'),
(1163, 233, 'Corporis Aut'),
(1164, 233, 'Expedita Debitis'),
(1165, 233, 'Veniam Voluptatum'),
(1166, 234, 'Unde Maiores'),
(1167, 234, 'Nemo Qui'),
(1168, 234, 'Nemo Omnis'),
(1169, 234, 'Incidunt Nisi'),
(1170, 234, 'Laboriosam Autem'),
(1171, 235, 'Rerum Aut'),
(1172, 235, 'Sunt Doloribus'),
(1173, 235, 'Debitis Non'),
(1174, 235, 'Vitae Magnam'),
(1175, 235, 'Sapiente Aperiam'),
(1176, 236, 'Repellat Rerum'),
(1177, 236, 'Voluptatem Voluptatem'),
(1178, 236, 'Sed Sapiente'),
(1179, 236, 'Ea Omnis'),
(1180, 236, 'Vel Quia'),
(1181, 237, 'Rerum Assumenda'),
(1182, 237, 'In Necessitatibus'),
(1183, 237, 'Suscipit Eum'),
(1184, 237, 'Ipsa Ipsum'),
(1185, 237, 'Tempore Est'),
(1186, 238, 'Voluptas Laborum'),
(1187, 238, 'Omnis Omnis'),
(1188, 238, 'Consectetur Similique'),
(1189, 238, 'Rerum Hic'),
(1190, 238, 'Consequatur Ut'),
(1191, 239, 'Doloribus Eveniet'),
(1192, 239, 'Provident Repudiandae'),
(1193, 239, 'Veniam Ea'),
(1194, 239, 'Sunt Et'),
(1195, 239, 'Nobis Assumenda'),
(1196, 240, 'Ratione Repudiandae'),
(1197, 240, 'Sit Illum'),
(1198, 240, 'Sint Libero'),
(1199, 240, 'Rerum Distinctio'),
(1200, 240, 'Dolor Molestias'),
(1201, 241, 'Est Quaerat'),
(1202, 241, 'Quasi Qui'),
(1203, 241, 'Inventore Id'),
(1204, 241, 'Vero Dicta'),
(1205, 241, 'Culpa Consectetur'),
(1206, 242, 'Voluptatem Omnis'),
(1207, 242, 'Non Ut'),
(1208, 242, 'Aut Eum'),
(1209, 242, 'Et Vitae'),
(1210, 242, 'Aut Blanditiis'),
(1211, 243, 'Tenetur Sint'),
(1212, 243, 'Recusandae Voluptatem'),
(1213, 243, 'Beatae Sapiente'),
(1214, 243, 'Voluptas Alias'),
(1215, 243, 'Odio Dolores'),
(1216, 244, 'Qui Eveniet'),
(1217, 244, 'Est Cupiditate'),
(1218, 244, 'Harum Fuga'),
(1219, 244, 'Soluta Odio'),
(1220, 244, 'Sed Officia'),
(1221, 245, 'Quia Impedit'),
(1222, 245, 'Cupiditate Ut'),
(1223, 245, 'Reprehenderit Molestiae'),
(1224, 245, 'Nemo Maiores'),
(1225, 245, 'Dolorem Hic'),
(1226, 246, 'Neque Provident'),
(1227, 246, 'Est Voluptatem'),
(1228, 246, 'Totam Qui'),
(1229, 246, 'Adipisci Et'),
(1230, 246, 'Iure Consequatur'),
(1231, 247, 'Dolorum Veniam'),
(1232, 247, 'Non Numquam'),
(1233, 247, 'Ut Alias'),
(1234, 247, 'Quia Aut'),
(1235, 247, 'Ut Eos'),
(1236, 248, 'Id Ullam'),
(1237, 248, 'Aut Inventore'),
(1238, 248, 'Illum Consequuntur'),
(1239, 248, 'Eos Velit'),
(1240, 248, 'Culpa Blanditiis'),
(1241, 249, 'Natus Rerum'),
(1242, 249, 'Vel Est'),
(1243, 249, 'Perferendis Consectetur'),
(1244, 249, 'Dolor Ullam'),
(1245, 249, 'Sit Optio'),
(1246, 250, 'Porro Asperiores'),
(1247, 250, 'Qui Hic'),
(1248, 250, 'Fugiat Corrupti'),
(1249, 250, 'Quo Non'),
(1250, 250, 'Consequatur Maxime'),
(1251, 251, 'Assumenda Voluptatem'),
(1252, 251, 'Dolores Voluptas'),
(1253, 251, 'Sunt Id'),
(1254, 251, 'Rerum Ut'),
(1255, 251, 'Est Sapiente'),
(1256, 252, 'Voluptatibus Repellat'),
(1257, 252, 'Dolor Omnis'),
(1258, 252, 'Repellat Enim'),
(1259, 252, 'Iste Mollitia'),
(1260, 252, 'Est Sint'),
(1261, 253, 'Nisi Placeat'),
(1262, 253, 'Modi Quis'),
(1263, 253, 'In In'),
(1264, 253, 'Repudiandae Id'),
(1265, 253, 'Accusamus Quia'),
(1266, 254, 'Quod Ea'),
(1267, 254, 'Ducimus Eaque'),
(1268, 254, 'Et Voluptas'),
(1269, 254, 'Autem Aliquam'),
(1270, 254, 'Quam Quo'),
(1271, 255, 'Laudantium Perferendis'),
(1272, 255, 'Occaecati Aspernatur'),
(1273, 255, 'Asperiores Animi'),
(1274, 255, 'Magnam Error'),
(1275, 255, 'Atque Reprehenderit'),
(1276, 256, 'Iure Consequatur'),
(1277, 256, 'Et Aut'),
(1278, 256, 'Maxime Laboriosam'),
(1279, 256, 'Laudantium Similique'),
(1280, 256, 'Praesentium Expedita'),
(1281, 257, 'Et Illum'),
(1282, 257, 'Enim Et'),
(1283, 257, 'Et Non'),
(1284, 257, 'Consequatur Culpa'),
(1285, 257, 'Minima Repellendus'),
(1286, 258, 'Dolor Recusandae'),
(1287, 258, 'Est Eligendi'),
(1288, 258, 'Ut Nostrum'),
(1289, 258, 'Recusandae Error'),
(1290, 258, 'Sed Qui'),
(1291, 259, 'Praesentium Et'),
(1292, 259, 'Dolor Voluptatum'),
(1293, 259, 'Sed Quisquam'),
(1294, 259, 'Nulla Consequuntur'),
(1295, 259, 'Nesciunt Eius'),
(1296, 260, 'Et Voluptatum'),
(1297, 260, 'Ea Eligendi'),
(1298, 260, 'Iusto Incidunt'),
(1299, 260, 'Aperiam Mollitia'),
(1300, 260, 'Commodi Quisquam'),
(1301, 261, 'Beatae Quos'),
(1302, 261, 'Sint Blanditiis'),
(1303, 261, 'Aut Eos'),
(1304, 261, 'Et Aut'),
(1305, 261, 'Deserunt Quae'),
(1306, 262, 'Laboriosam Fuga'),
(1307, 262, 'Non Sint'),
(1308, 262, 'Non Sequi'),
(1309, 262, 'Vel Asperiores'),
(1310, 262, 'Aut Ut'),
(1311, 263, 'Ea Aut'),
(1312, 263, 'Nihil Doloribus'),
(1313, 263, 'Eius Nisi'),
(1314, 263, 'Omnis Praesentium'),
(1315, 263, 'Neque Ea'),
(1316, 264, 'Id Quisquam'),
(1317, 264, 'Praesentium Enim'),
(1318, 264, 'Debitis Perferendis'),
(1319, 264, 'Odit Eveniet'),
(1320, 264, 'Qui Similique'),
(1321, 265, 'Nisi Voluptatibus'),
(1322, 265, 'Et Iusto'),
(1323, 265, 'Aperiam Dolores'),
(1324, 265, 'Fugit Sint'),
(1325, 265, 'Consequatur Est'),
(1326, 266, 'Sunt Voluptatem'),
(1327, 266, 'Aut Maiores'),
(1328, 266, 'Sit Nemo'),
(1329, 266, 'Harum Debitis'),
(1330, 266, 'Laudantium Laudantium'),
(1331, 267, 'Assumenda Excepturi'),
(1332, 267, 'Et Doloribus'),
(1333, 267, 'Odio Ut'),
(1334, 267, 'Explicabo Sint'),
(1335, 267, 'Quia Sequi'),
(1336, 268, 'Perferendis Consequatur'),
(1337, 268, 'Odit Repellat'),
(1338, 268, 'Illo Incidunt'),
(1339, 268, 'Officiis Tenetur'),
(1340, 268, 'Voluptatum In'),
(1341, 269, 'Eveniet Deserunt'),
(1342, 269, 'Et Id'),
(1343, 269, 'Est Qui'),
(1344, 269, 'Non Tempore'),
(1345, 269, 'Praesentium Autem'),
(1346, 270, 'Facilis Repellat'),
(1347, 270, 'Quam Commodi'),
(1348, 270, 'Quisquam Tenetur'),
(1349, 270, 'Sint Et'),
(1350, 270, 'Delectus A'),
(1351, 271, 'Dignissimos Enim'),
(1352, 271, 'Sed Adipisci'),
(1353, 271, 'Occaecati Veniam'),
(1354, 271, 'Eaque Temporibus'),
(1355, 271, 'In Exercitationem'),
(1356, 272, 'Rerum Aut'),
(1357, 272, 'Explicabo Quos'),
(1358, 272, 'Exercitationem Rerum'),
(1359, 272, 'Reprehenderit Numquam'),
(1360, 272, 'Veritatis Ea'),
(1361, 273, 'Eos Enim'),
(1362, 273, 'Asperiores Aut'),
(1363, 273, 'Similique Ducimus'),
(1364, 273, 'Expedita Qui'),
(1365, 273, 'Quia Rerum'),
(1366, 274, 'Sint Dolorum'),
(1367, 274, 'Aliquam Autem'),
(1368, 274, 'Voluptatem Ut'),
(1369, 274, 'Sed Quae'),
(1370, 274, 'Repellendus Nam'),
(1371, 275, 'Dolorem Repudiandae'),
(1372, 275, 'Quod Deserunt'),
(1373, 275, 'Nihil Aut'),
(1374, 275, 'Optio Ex'),
(1375, 275, 'Quia Id'),
(1376, 276, 'Labore Vero'),
(1377, 276, 'Deserunt Fugiat'),
(1378, 276, 'Quo Nostrum'),
(1379, 276, 'Voluptas Ipsum'),
(1380, 276, 'Maxime Praesentium'),
(1381, 277, 'Provident Est'),
(1382, 277, 'Earum Consequatur'),
(1383, 277, 'Adipisci Qui'),
(1384, 277, 'Autem Vel'),
(1385, 277, 'Molestiae Magnam'),
(1386, 278, 'Illum Et'),
(1387, 278, 'Sit Porro'),
(1388, 278, 'Rerum Quis'),
(1389, 278, 'Distinctio Rerum'),
(1390, 278, 'Nihil Et'),
(1391, 279, 'Ipsum Vero'),
(1392, 279, 'Nostrum Quos'),
(1393, 279, 'Nihil Eaque'),
(1394, 279, 'Sit Sint'),
(1395, 279, 'Sint Eligendi'),
(1396, 280, 'Doloribus Debitis'),
(1397, 280, 'Quidem Adipisci'),
(1398, 280, 'Deleniti Sapiente'),
(1399, 280, 'Similique Quam'),
(1400, 280, 'Eius Omnis'),
(1401, 281, 'Est Veniam'),
(1402, 281, 'Sint Ducimus'),
(1403, 281, 'Enim Aliquam'),
(1404, 281, 'Est Sunt'),
(1405, 281, 'Aut Rerum'),
(1406, 282, 'Aliquid Quam'),
(1407, 282, 'Illo Et'),
(1408, 282, 'Maiores Ut'),
(1409, 282, 'Harum Optio'),
(1410, 282, 'Voluptates Rem'),
(1411, 283, 'Ducimus Odit'),
(1412, 283, 'Aut Ratione'),
(1413, 283, 'Atque Aut'),
(1414, 283, 'Omnis Quia'),
(1415, 283, 'Provident Rem'),
(1416, 284, 'Quia Et'),
(1417, 284, 'Tenetur Atque'),
(1418, 284, 'Maiores Nemo'),
(1419, 284, 'Voluptas Aut'),
(1420, 284, 'Corrupti Aut'),
(1421, 285, 'Facere Repudiandae'),
(1422, 285, 'Nostrum Consequatur'),
(1423, 285, 'Labore Sit'),
(1424, 285, 'Perspiciatis Hic'),
(1425, 285, 'Labore Qui'),
(1426, 286, 'Non Doloremque'),
(1427, 286, 'Ipsum Sit'),
(1428, 286, 'Assumenda Molestias'),
(1429, 286, 'Ut Non'),
(1430, 286, 'Fugiat Aut'),
(1431, 287, 'Reprehenderit Eius'),
(1432, 287, 'Ea Sapiente'),
(1433, 287, 'Consequuntur Velit'),
(1434, 287, 'Vitae Nemo'),
(1435, 287, 'Optio Quis'),
(1436, 288, 'Explicabo Voluptatem'),
(1437, 288, 'Autem Nostrum'),
(1438, 288, 'Temporibus Incidunt'),
(1439, 288, 'Aut Modi'),
(1440, 288, 'Enim Sit'),
(1441, 289, 'Qui Ea'),
(1442, 289, 'Et In'),
(1443, 289, 'Quia Ab'),
(1444, 289, 'Pariatur Qui'),
(1445, 289, 'Consequatur Consequuntur'),
(1446, 290, 'Dignissimos Est'),
(1447, 290, 'Accusamus Blanditiis'),
(1448, 290, 'Labore Nihil'),
(1449, 290, 'Numquam Qui'),
(1450, 290, 'Et Dolore'),
(1451, 291, 'Unde Maxime'),
(1452, 291, 'Ea Asperiores'),
(1453, 291, 'Sit Omnis'),
(1454, 291, 'Adipisci Distinctio'),
(1455, 291, 'Eos Officia'),
(1456, 292, 'Sapiente Ullam'),
(1457, 292, 'Quo Quis'),
(1458, 292, 'Eum Aliquam'),
(1459, 292, 'Qui Molestiae'),
(1460, 292, 'Neque Temporibus'),
(1461, 293, 'Saepe Atque'),
(1462, 293, 'Qui Amet'),
(1463, 293, 'Labore Voluptas'),
(1464, 293, 'Laborum Qui'),
(1465, 293, 'Ab Consequuntur'),
(1466, 294, 'Quas Accusamus'),
(1467, 294, 'Repudiandae Et'),
(1468, 294, 'Autem Eum'),
(1469, 294, 'Molestias Rerum'),
(1470, 294, 'Iure Et'),
(1471, 295, 'Possimus Dicta'),
(1472, 295, 'Tenetur Aut'),
(1473, 295, 'Est Aut'),
(1474, 295, 'Assumenda Atque'),
(1475, 295, 'Commodi Molestiae'),
(1476, 296, 'Perferendis Modi'),
(1477, 296, 'Cum Eligendi'),
(1478, 296, 'Itaque Ut'),
(1479, 296, 'Sit Quo'),
(1480, 296, 'Culpa Quia'),
(1481, 297, 'Nobis Aliquam'),
(1482, 297, 'Consectetur Officiis'),
(1483, 297, 'Est Quo'),
(1484, 297, 'Architecto Cum'),
(1485, 297, 'At Est'),
(1486, 298, 'Consequatur Voluptatem'),
(1487, 298, 'Unde Fugiat'),
(1488, 298, 'Molestias Tenetur'),
(1489, 298, 'Sequi Veniam'),
(1490, 298, 'Est Quis'),
(1491, 299, 'Iure Sunt'),
(1492, 299, 'Repellat Quo'),
(1493, 299, 'Nihil Quo'),
(1494, 299, 'Et Et'),
(1495, 299, 'Est Ipsa'),
(1496, 300, 'Quisquam Quas'),
(1497, 300, 'Quia Qui'),
(1498, 300, 'Voluptatem Rem'),
(1499, 300, 'Nam Quidem'),
(1500, 300, 'Tenetur Dolore'),
(1501, 301, 'Asperiores Corrupti'),
(1502, 301, 'Autem Esse'),
(1503, 301, 'Deserunt Suscipit'),
(1504, 301, 'Sed Porro'),
(1505, 301, 'Explicabo Voluptas'),
(1506, 302, 'Pariatur Eum'),
(1507, 302, 'Ea Perferendis'),
(1508, 302, 'Qui Quam'),
(1509, 302, 'Perspiciatis Voluptas'),
(1510, 302, 'Debitis Temporibus'),
(1511, 303, 'Voluptas Debitis'),
(1512, 303, 'Doloribus Maxime'),
(1513, 303, 'Deleniti Vel'),
(1514, 303, 'Eius Consequuntur'),
(1515, 303, 'Nesciunt Molestias'),
(1516, 304, 'Occaecati Ut'),
(1517, 304, 'Impedit Aliquid'),
(1518, 304, 'Impedit Minima'),
(1519, 304, 'Error Consequatur'),
(1520, 304, 'Veritatis Aliquam'),
(1521, 305, 'Aut Aut'),
(1522, 305, 'Blanditiis Nostrum'),
(1523, 305, 'Et Doloremque'),
(1524, 305, 'Autem Hic'),
(1525, 305, 'Ex Ad'),
(1526, 306, 'Eligendi Impedit'),
(1527, 306, 'Omnis Neque'),
(1528, 306, 'Quaerat Et'),
(1529, 306, 'Dolorem Tempora'),
(1530, 306, 'Sint Cum'),
(1531, 307, 'Voluptatem Molestiae'),
(1532, 307, 'Sapiente Aut'),
(1533, 307, 'Vitae Numquam'),
(1534, 307, 'Earum Iusto'),
(1535, 307, 'Nihil Sequi'),
(1536, 308, 'Voluptatum Quod'),
(1537, 308, 'Voluptatem Sequi'),
(1538, 308, 'Quam Harum'),
(1539, 308, 'Repellendus Eveniet'),
(1540, 308, 'Rem Molestiae'),
(1541, 309, 'Repudiandae Animi'),
(1542, 309, 'Eveniet Facilis'),
(1543, 309, 'Ut Voluptatem'),
(1544, 309, 'Eligendi Officia'),
(1545, 309, 'Nobis Eaque'),
(1546, 310, 'Voluptates Cumque'),
(1547, 310, 'Numquam Sit'),
(1548, 310, 'Quibusdam Eos'),
(1549, 310, 'Debitis Suscipit'),
(1550, 310, 'Aut Dolore'),
(1551, 311, 'Magni Et'),
(1552, 311, 'Fugit Rerum'),
(1553, 311, 'Sunt Distinctio'),
(1554, 311, 'Velit Corrupti'),
(1555, 311, 'Et Saepe'),
(1556, 312, 'Sunt Exercitationem'),
(1557, 312, 'Nihil Autem'),
(1558, 312, 'Eos Repellat'),
(1559, 312, 'Incidunt Ipsum'),
(1560, 312, 'Soluta Sed'),
(1561, 313, 'Quo Accusamus'),
(1562, 313, 'Autem Et'),
(1563, 313, 'Velit Necessitatibus'),
(1564, 313, 'Enim Aut'),
(1565, 313, 'Aut Rerum'),
(1566, 314, 'Recusandae Ab'),
(1567, 314, 'A Non'),
(1568, 314, 'Repudiandae Blanditiis'),
(1569, 314, 'Dolores Praesentium'),
(1570, 314, 'Non Perspiciatis'),
(1571, 315, 'Voluptatibus Vero'),
(1572, 315, 'Est Commodi'),
(1573, 315, 'Quia Atque'),
(1574, 315, 'Id Qui'),
(1575, 315, 'Quo Illum'),
(1576, 316, 'Id Asperiores'),
(1577, 316, 'Et Eveniet'),
(1578, 316, 'Ut Aut'),
(1579, 316, 'Asperiores Vitae'),
(1580, 316, 'Voluptatum Numquam'),
(1581, 317, 'Recusandae Rerum'),
(1582, 317, 'Temporibus Adipisci'),
(1583, 317, 'Ut Perferendis'),
(1584, 317, 'Voluptatem Animi'),
(1585, 317, 'Hic Sed'),
(1586, 318, 'Quaerat Corporis'),
(1587, 318, 'Culpa Aut'),
(1588, 318, 'Quo Nihil'),
(1589, 318, 'Magni Beatae'),
(1590, 318, 'Quaerat Enim'),
(1591, 319, 'Omnis Est'),
(1592, 319, 'Quae Est'),
(1593, 319, 'Odio Repudiandae'),
(1594, 319, 'Quibusdam Odit'),
(1595, 319, 'Dignissimos Qui'),
(1596, 320, 'Architecto Inventore'),
(1597, 320, 'Saepe Nam'),
(1598, 320, 'Eum Reprehenderit'),
(1599, 320, 'Culpa Nesciunt'),
(1600, 320, 'Nesciunt Reprehenderit'),
(1601, 321, 'Animi Illo'),
(1602, 321, 'In Qui'),
(1603, 321, 'Nesciunt Laboriosam'),
(1604, 321, 'Minima Delectus'),
(1605, 321, 'Natus Numquam'),
(1606, 322, 'Dolorum Impedit'),
(1607, 322, 'Esse Voluptatem'),
(1608, 322, 'Et Consequatur'),
(1609, 322, 'At Aut'),
(1610, 322, 'Ex Explicabo'),
(1611, 323, 'Itaque Eum'),
(1612, 323, 'Laborum Ut'),
(1613, 323, 'Doloremque Sapiente'),
(1614, 323, 'Laboriosam Alias'),
(1615, 323, 'Fuga Ducimus'),
(1616, 324, 'Assumenda Exercitationem'),
(1617, 324, 'Laboriosam Minima'),
(1618, 324, 'Quas Omnis'),
(1619, 324, 'Nihil Voluptatem'),
(1620, 324, 'Corrupti Quia'),
(1621, 325, 'Dolores Sit'),
(1622, 325, 'Et Et'),
(1623, 325, 'Ex Nihil'),
(1624, 325, 'Eligendi Eligendi'),
(1625, 325, 'Nisi Voluptas'),
(1626, 326, 'Enim Ut'),
(1627, 326, 'Esse Repudiandae'),
(1628, 326, 'Ducimus Necessitatibus'),
(1629, 326, 'Voluptas Sapiente'),
(1630, 326, 'Aperiam Voluptatem'),
(1631, 327, 'Assumenda Natus'),
(1632, 327, 'Est Provident'),
(1633, 327, 'Assumenda Nam'),
(1634, 327, 'Quo Et'),
(1635, 327, 'Et Voluptates'),
(1636, 328, 'Nulla Fugiat'),
(1637, 328, 'Cupiditate Dignissimos'),
(1638, 328, 'Autem Sit'),
(1639, 328, 'Et Voluptatem'),
(1640, 328, 'Soluta Facilis'),
(1641, 329, 'Non Quam'),
(1642, 329, 'Cum Illum'),
(1643, 329, 'Enim Libero'),
(1644, 329, 'Est Nulla'),
(1645, 329, 'Eius Blanditiis'),
(1646, 330, 'Harum Id'),
(1647, 330, 'Sed Doloremque'),
(1648, 330, 'Et Nihil'),
(1649, 330, 'Sed Quo'),
(1650, 330, 'Totam Expedita'),
(1651, 331, 'Similique Reprehenderit'),
(1652, 331, 'Quaerat Temporibus'),
(1653, 331, 'A Commodi'),
(1654, 331, 'Aliquid Odit'),
(1655, 331, 'Facilis Tempore'),
(1656, 332, 'Id Facere'),
(1657, 332, 'Vel Corporis'),
(1658, 332, 'Dolores Qui'),
(1659, 332, 'Et Minima'),
(1660, 332, 'Officiis Debitis'),
(1661, 333, 'Aut Dolores'),
(1662, 333, 'Quasi Est'),
(1663, 333, 'Voluptate Fugit'),
(1664, 333, 'Est Iusto'),
(1665, 333, 'Distinctio Recusandae'),
(1666, 334, 'Eos Repellat'),
(1667, 334, 'Veritatis Commodi'),
(1668, 334, 'Sint Aut'),
(1669, 334, 'Eos Excepturi'),
(1670, 334, 'Cum At'),
(1671, 335, 'Iure Magni'),
(1672, 335, 'Doloremque Esse'),
(1673, 335, 'Architecto Qui'),
(1674, 335, 'Dolorem Aperiam'),
(1675, 335, 'Dolor Consequatur'),
(1676, 336, 'Explicabo Sunt'),
(1677, 336, 'Laudantium A'),
(1678, 336, 'Aut Vel'),
(1679, 336, 'Laboriosam Accusamus'),
(1680, 336, 'Iusto Sint'),
(1681, 337, 'Tempore Dicta'),
(1682, 337, 'Et Impedit'),
(1683, 337, 'Omnis Libero'),
(1684, 337, 'Mollitia Voluptatem'),
(1685, 337, 'Aut Ex'),
(1686, 338, 'Laboriosam Nulla'),
(1687, 338, 'Quam Maxime'),
(1688, 338, 'Aut Voluptates'),
(1689, 338, 'Facere Reiciendis'),
(1690, 338, 'In Autem'),
(1691, 339, 'Voluptas Laborum'),
(1692, 339, 'Non Aut'),
(1693, 339, 'Id Numquam'),
(1694, 339, 'Itaque Veniam'),
(1695, 339, 'Qui Iusto'),
(1696, 340, 'Corporis Ex'),
(1697, 340, 'Incidunt Quibusdam'),
(1698, 340, 'Praesentium Aut'),
(1699, 340, 'Et Et'),
(1700, 340, 'Est Dolorem'),
(1701, 341, 'Quo Quo'),
(1702, 341, 'A Et'),
(1703, 341, 'Et Totam'),
(1704, 341, 'Et Animi'),
(1705, 341, 'Magnam Autem'),
(1706, 342, 'Animi Iusto'),
(1707, 342, 'Tempore Aperiam'),
(1708, 342, 'Praesentium Eos'),
(1709, 342, 'Consequatur Quidem'),
(1710, 342, 'Rerum Molestiae'),
(1711, 343, 'Sed Debitis'),
(1712, 343, 'Atque Distinctio'),
(1713, 343, 'Officia Cum'),
(1714, 343, 'Voluptatibus Sapiente'),
(1715, 343, 'Dolore Eveniet'),
(1716, 344, 'Iusto Sunt'),
(1717, 344, 'Architecto Illo'),
(1718, 344, 'Sit Non'),
(1719, 344, 'Dolorum Repellendus'),
(1720, 344, 'Nulla Et'),
(1721, 345, 'Omnis Sit'),
(1722, 345, 'A Quia'),
(1723, 345, 'Hic Ratione'),
(1724, 345, 'Mollitia Qui'),
(1725, 345, 'Ullam Ut'),
(1726, 346, 'Maxime Velit'),
(1727, 346, 'Perferendis Nihil'),
(1728, 346, 'Et At'),
(1729, 346, 'Illum At'),
(1730, 346, 'Alias Adipisci'),
(1731, 347, 'Adipisci Ipsam'),
(1732, 347, 'Dolore Molestiae'),
(1733, 347, 'Nihil Iusto'),
(1734, 347, 'Earum Dicta'),
(1735, 347, 'Earum Cum'),
(1736, 348, 'Voluptatem Necessitatibus'),
(1737, 348, 'Qui Assumenda'),
(1738, 348, 'Odit Est'),
(1739, 348, 'Ut Dolorem'),
(1740, 348, 'Est Quam'),
(1741, 349, 'Iste Impedit'),
(1742, 349, 'Ut Rerum'),
(1743, 349, 'Eum Quia'),
(1744, 349, 'Blanditiis Eveniet'),
(1745, 349, 'Dolorem Voluptatem'),
(1746, 350, 'Et Dolore'),
(1747, 350, 'At Et'),
(1748, 350, 'Laborum Odio'),
(1749, 350, 'Totam Quis'),
(1750, 350, 'Voluptas Qui'),
(1751, 351, 'Natus Fugit'),
(1752, 351, 'Eveniet Illo'),
(1753, 351, 'Dolor Quam'),
(1754, 351, 'Molestias Et'),
(1755, 351, 'Tempora Tempore'),
(1756, 352, 'Accusantium Dolore'),
(1757, 352, 'Autem Quod'),
(1758, 352, 'Adipisci Dolor'),
(1759, 352, 'Officia Enim'),
(1760, 352, 'Culpa Esse'),
(1761, 353, 'Aut Libero'),
(1762, 353, 'Quos Reiciendis'),
(1763, 353, 'Ipsum Consequuntur'),
(1764, 353, 'Odit Quia'),
(1765, 353, 'Et Dolor'),
(1766, 354, 'Doloremque Ut'),
(1767, 354, 'Et Ut'),
(1768, 354, 'Perspiciatis Exercitationem'),
(1769, 354, 'Quia Est'),
(1770, 354, 'Molestiae Quia'),
(1771, 355, 'Velit Quo'),
(1772, 355, 'Rem Omnis'),
(1773, 355, 'Ut Voluptas'),
(1774, 355, 'Odio Quia'),
(1775, 355, 'Facere Autem'),
(1776, 356, 'Tenetur Tempora'),
(1777, 356, 'Quae Nobis'),
(1778, 356, 'Aut Perspiciatis'),
(1779, 356, 'Sequi Aut'),
(1780, 356, 'Et Excepturi'),
(1781, 357, 'Odit Perferendis'),
(1782, 357, 'Ad Harum'),
(1783, 357, 'Sint Dolor'),
(1784, 357, 'Sapiente Perferendis'),
(1785, 357, 'Ratione Qui'),
(1786, 358, 'Qui Repellat'),
(1787, 358, 'Sed Incidunt'),
(1788, 358, 'Consequatur Laboriosam'),
(1789, 358, 'Sint Commodi'),
(1790, 358, 'Repellendus Magnam'),
(1791, 359, 'Minima Est'),
(1792, 359, 'Ipsa Ipsa'),
(1793, 359, 'Reprehenderit Illo'),
(1794, 359, 'Necessitatibus Ex'),
(1795, 359, 'Laboriosam Saepe'),
(1796, 360, 'Architecto Sunt'),
(1797, 360, 'Enim Occaecati'),
(1798, 360, 'Modi Ipsum'),
(1799, 360, 'Nihil Dolor'),
(1800, 360, 'Quam Quo'),
(1801, 361, 'Qui Laudantium'),
(1802, 361, 'Omnis Sit'),
(1803, 361, 'Ex Nostrum'),
(1804, 361, 'Earum Delectus'),
(1805, 361, 'Optio Qui'),
(1806, 362, 'Quae Quia'),
(1807, 362, 'Quo Dolore'),
(1808, 362, 'Error Sed'),
(1809, 362, 'Aliquid Ut'),
(1810, 362, 'Mollitia Distinctio'),
(1811, 363, 'Provident Distinctio'),
(1812, 363, 'Vero Et'),
(1813, 363, 'Eum Quia'),
(1814, 363, 'Voluptas Repudiandae'),
(1815, 363, 'Vel Expedita'),
(1816, 364, 'Labore Sit'),
(1817, 364, 'Quis Accusantium'),
(1818, 364, 'Et Rerum'),
(1819, 364, 'Iure Consequatur'),
(1820, 364, 'Consequuntur Voluptatem'),
(1821, 365, 'Tempore Voluptates'),
(1822, 365, 'Beatae Temporibus'),
(1823, 365, 'Quis Placeat'),
(1824, 365, 'Et Quis'),
(1825, 365, 'Nulla Voluptate'),
(1826, 366, 'Blanditiis Tempora'),
(1827, 366, 'Ratione Adipisci'),
(1828, 366, 'Velit Sed'),
(1829, 366, 'Magni A'),
(1830, 366, 'Omnis Fugit'),
(1831, 367, 'Ut Occaecati'),
(1832, 367, 'Aperiam Totam'),
(1833, 367, 'Animi Accusantium'),
(1834, 367, 'A Asperiores'),
(1835, 367, 'Harum Dignissimos'),
(1836, 368, 'Tenetur Libero'),
(1837, 368, 'Repudiandae Quia'),
(1838, 368, 'Error Ex'),
(1839, 368, 'Nemo Labore'),
(1840, 368, 'Praesentium A'),
(1841, 369, 'Eos Aut'),
(1842, 369, 'Sit Atque'),
(1843, 369, 'Rerum Incidunt'),
(1844, 369, 'Aut Nostrum'),
(1845, 369, 'Ut Repellat'),
(1846, 370, 'Magni Dolore'),
(1847, 370, 'Necessitatibus Beatae'),
(1848, 370, 'Sunt Atque'),
(1849, 370, 'Eos Ullam'),
(1850, 370, 'Quo Qui'),
(1851, 371, 'Illum Aut'),
(1852, 371, 'Id Voluptatem'),
(1853, 371, 'Neque Ad'),
(1854, 371, 'Alias Inventore'),
(1855, 371, 'Eos Repudiandae'),
(1856, 372, 'Ut Delectus'),
(1857, 372, 'Non Quam'),
(1858, 372, 'Asperiores Et'),
(1859, 372, 'Officiis Cum'),
(1860, 372, 'Minima Maiores'),
(1861, 373, 'Est Deleniti'),
(1862, 373, 'Unde Voluptas'),
(1863, 373, 'Beatae Voluptatem'),
(1864, 373, 'Sunt Officiis'),
(1865, 373, 'Nemo Et');
INSERT INTO `gampong` (`id`, `kemukiman_id`, `nama`) VALUES
(1866, 374, 'Officia Eos'),
(1867, 374, 'Dolor In'),
(1868, 374, 'Saepe Praesentium'),
(1869, 374, 'Explicabo Quae'),
(1870, 374, 'Eos Laborum'),
(1871, 375, 'Eveniet Provident'),
(1872, 375, 'Consequatur Ipsa'),
(1873, 375, 'Enim Autem'),
(1874, 375, 'Ea Quia'),
(1875, 375, 'Praesentium Velit'),
(1876, 376, 'Qui Delectus'),
(1877, 376, 'Animi Vel'),
(1878, 376, 'Voluptate Itaque'),
(1879, 376, 'Vel Molestiae'),
(1880, 376, 'Mollitia Sit'),
(1881, 377, 'Impedit Ut'),
(1882, 377, 'A Aut'),
(1883, 377, 'Consequatur Animi'),
(1884, 377, 'Aut Et'),
(1885, 377, 'Aperiam Doloremque'),
(1886, 378, 'Illum Perferendis'),
(1887, 378, 'Cupiditate Laboriosam'),
(1888, 378, 'Qui Atque'),
(1889, 378, 'Qui Reprehenderit'),
(1890, 378, 'Itaque Adipisci'),
(1891, 379, 'Reiciendis Nam'),
(1892, 379, 'A Delectus'),
(1893, 379, 'Reiciendis Laborum'),
(1894, 379, 'Omnis Dolores'),
(1895, 379, 'Quidem Provident'),
(1896, 380, 'Magnam Atque'),
(1897, 380, 'Odit Nihil'),
(1898, 380, 'Dolor Ab'),
(1899, 380, 'Quaerat Rem'),
(1900, 380, 'Molestiae Qui'),
(1901, 381, 'Quia Omnis'),
(1902, 381, 'Est Molestiae'),
(1903, 381, 'Blanditiis Dicta'),
(1904, 381, 'Iure Aliquid'),
(1905, 381, 'Blanditiis Iusto'),
(1906, 382, 'Ratione Ipsam'),
(1907, 382, 'Cum Quia'),
(1908, 382, 'Autem Rerum'),
(1909, 382, 'Id Enim'),
(1910, 382, 'Beatae Maiores'),
(1911, 383, 'Autem Et'),
(1912, 383, 'Enim Vel'),
(1913, 383, 'Quia Doloremque'),
(1914, 383, 'Consequatur Fugit'),
(1915, 383, 'Maxime Porro'),
(1916, 384, 'Dolorum Sint'),
(1917, 384, 'Rerum Quis'),
(1918, 384, 'Qui Et'),
(1919, 384, 'Necessitatibus Unde'),
(1920, 384, 'Illum Aut'),
(1921, 385, 'Quos Ad'),
(1922, 385, 'Necessitatibus Est'),
(1923, 385, 'Quo Aliquam'),
(1924, 385, 'Qui Consequatur'),
(1925, 385, 'Voluptatem Mollitia'),
(1926, 386, 'Unde Autem'),
(1927, 386, 'Quo Facilis'),
(1928, 386, 'Itaque Cupiditate'),
(1929, 386, 'Quasi Ullam'),
(1930, 386, 'Et Perferendis'),
(1931, 387, 'Esse Qui'),
(1932, 387, 'Est Odio'),
(1933, 387, 'Et Tempora'),
(1934, 387, 'Et Consequuntur'),
(1935, 387, 'Vero Nihil'),
(1936, 388, 'Enim Tempore'),
(1937, 388, 'Illo Officiis'),
(1938, 388, 'Deserunt Ex'),
(1939, 388, 'Unde Adipisci'),
(1940, 388, 'Est Quaerat'),
(1941, 389, 'Nihil Sed'),
(1942, 389, 'Et Tempore'),
(1943, 389, 'Aspernatur Mollitia'),
(1944, 389, 'Voluptates Sunt'),
(1945, 389, 'Consequatur Quo'),
(1946, 390, 'Beatae Omnis'),
(1947, 390, 'Repellendus Ut'),
(1948, 390, 'Esse Voluptas'),
(1949, 390, 'Libero Consequuntur'),
(1950, 390, 'Animi Et'),
(1951, 391, 'Culpa Perferendis'),
(1952, 391, 'Omnis Non'),
(1953, 391, 'Optio Sapiente'),
(1954, 391, 'Molestias Aut'),
(1955, 391, 'Minima Ut'),
(1956, 392, 'Tempore Sunt'),
(1957, 392, 'Iure Aspernatur'),
(1958, 392, 'Aut Odio'),
(1959, 392, 'Quidem Nihil'),
(1960, 392, 'Inventore Ea'),
(1961, 393, 'Rem Non'),
(1962, 393, 'Fugiat Quia'),
(1963, 393, 'Ut Eum'),
(1964, 393, 'Numquam Iste'),
(1965, 393, 'Debitis Quia'),
(1966, 394, 'Et Soluta'),
(1967, 394, 'Necessitatibus Eveniet'),
(1968, 394, 'Optio Accusantium'),
(1969, 394, 'Ea Molestiae'),
(1970, 394, 'Molestiae Numquam'),
(1971, 395, 'Velit Ut'),
(1972, 395, 'Sunt Doloribus'),
(1973, 395, 'Provident Voluptas'),
(1974, 395, 'Et Qui'),
(1975, 395, 'Temporibus Et'),
(1976, 396, 'Quas Qui'),
(1977, 396, 'Velit Ab'),
(1978, 396, 'In Nam'),
(1979, 396, 'Qui Veniam'),
(1980, 396, 'Quia Libero'),
(1981, 397, 'Voluptatem Quis'),
(1982, 397, 'Nobis Voluptates'),
(1983, 397, 'Eos Amet'),
(1984, 397, 'Dolores Iure'),
(1985, 397, 'Maiores Illum'),
(1986, 398, 'Quasi Non'),
(1987, 398, 'Commodi Tempore'),
(1988, 398, 'Nobis Rerum'),
(1989, 398, 'Repellat Dolor'),
(1990, 398, 'Enim Tenetur'),
(1991, 399, 'Officia Reprehenderit'),
(1992, 399, 'Suscipit Incidunt'),
(1993, 399, 'Quibusdam Odit'),
(1994, 399, 'Hic Similique'),
(1995, 399, 'Quaerat Sunt'),
(1996, 400, 'Omnis Incidunt'),
(1997, 400, 'Ipsa Dolores'),
(1998, 400, 'Voluptas Quia'),
(1999, 400, 'Quo Libero'),
(2000, 400, 'Aut Neque'),
(2001, 401, 'Et Quam'),
(2002, 401, 'Ut Nihil'),
(2003, 401, 'Vel Ex'),
(2004, 401, 'Qui Et'),
(2005, 401, 'Qui Quia'),
(2006, 402, 'Vel Voluptas'),
(2007, 402, 'Laudantium Architecto'),
(2008, 402, 'Soluta Dignissimos'),
(2009, 402, 'Autem Expedita'),
(2010, 402, 'Vero Voluptatem'),
(2011, 403, 'Repellat Quod'),
(2012, 403, 'Quia Nulla'),
(2013, 403, 'Voluptas In'),
(2014, 403, 'Modi Quo'),
(2015, 403, 'Id Occaecati'),
(2016, 404, 'Error Cumque'),
(2017, 404, 'Veniam Doloremque'),
(2018, 404, 'Omnis Qui'),
(2019, 404, 'Suscipit Veniam'),
(2020, 404, 'Ad Laboriosam'),
(2021, 405, 'Quidem Maxime'),
(2022, 405, 'Eaque Nemo'),
(2023, 405, 'Sed Est'),
(2024, 405, 'Fuga Unde'),
(2025, 405, 'Corporis Et'),
(2026, 406, 'Consequuntur Facilis'),
(2027, 406, 'Natus Adipisci'),
(2028, 406, 'Velit Recusandae'),
(2029, 406, 'Eos Exercitationem'),
(2030, 406, 'Itaque Excepturi'),
(2031, 407, 'Illum Accusamus'),
(2032, 407, 'Error Sit'),
(2033, 407, 'Maxime Quam'),
(2034, 407, 'Quod Animi'),
(2035, 407, 'Tempore Impedit'),
(2036, 408, 'Quasi Molestiae'),
(2037, 408, 'Officiis Ea'),
(2038, 408, 'Velit Occaecati'),
(2039, 408, 'Qui Rem'),
(2040, 408, 'Enim Corporis'),
(2041, 409, 'Et Sapiente'),
(2042, 409, 'Unde Dolorem'),
(2043, 409, 'Eum Laborum'),
(2044, 409, 'Nostrum Aut'),
(2045, 409, 'Tempore Possimus'),
(2046, 410, 'Saepe Rerum'),
(2047, 410, 'Sed Qui'),
(2048, 410, 'Provident Soluta'),
(2049, 410, 'Voluptatibus Quia'),
(2050, 410, 'Quo Est'),
(2051, 411, 'Aliquam Aut'),
(2052, 411, 'Vel Impedit'),
(2053, 411, 'Enim A'),
(2054, 411, 'Quia Ullam'),
(2055, 411, 'Aut Dolor'),
(2056, 412, 'Placeat Quo'),
(2057, 412, 'Facere Sequi'),
(2058, 412, 'Omnis Quod'),
(2059, 412, 'A Et'),
(2060, 412, 'Error Esse'),
(2061, 413, 'Omnis Unde'),
(2062, 413, 'Accusantium Porro'),
(2063, 413, 'Omnis Dolorem'),
(2064, 413, 'Voluptatem Et'),
(2065, 413, 'Vel Quaerat'),
(2066, 414, 'Et Commodi'),
(2067, 414, 'Illo Accusantium'),
(2068, 414, 'Optio Sed'),
(2069, 414, 'Id Explicabo'),
(2070, 414, 'Laudantium Porro'),
(2071, 415, 'Modi Sed'),
(2072, 415, 'Sit Qui'),
(2073, 415, 'Consequuntur Repellat'),
(2074, 415, 'Deserunt Dolore'),
(2075, 415, 'Molestiae Eligendi'),
(2076, 416, 'Adipisci Ea'),
(2077, 416, 'Omnis Deleniti'),
(2078, 416, 'Occaecati Ut'),
(2079, 416, 'Asperiores Culpa'),
(2080, 416, 'Aut Dolor'),
(2081, 417, 'Consequuntur Impedit'),
(2082, 417, 'Vel Iste'),
(2083, 417, 'Totam Rem'),
(2084, 417, 'Odio Eum'),
(2085, 417, 'Id At'),
(2086, 418, 'Inventore Est'),
(2087, 418, 'Itaque Qui'),
(2088, 418, 'Consequuntur Natus'),
(2089, 418, 'Est Aut'),
(2090, 418, 'Dolores Aspernatur'),
(2091, 419, 'Error Fugiat'),
(2092, 419, 'Qui Eum'),
(2093, 419, 'Asperiores Aut'),
(2094, 419, 'Porro Ut'),
(2095, 419, 'Saepe In'),
(2096, 420, 'Labore Et'),
(2097, 420, 'Laborum Cum'),
(2098, 420, 'Itaque Sit'),
(2099, 420, 'Cumque Veritatis'),
(2100, 420, 'Qui Et'),
(2101, 421, 'Aspernatur Eius'),
(2102, 421, 'Voluptatibus Veniam'),
(2103, 421, 'Assumenda Corporis'),
(2104, 421, 'Assumenda Ut'),
(2105, 421, 'Dolorem Et'),
(2106, 422, 'Mollitia Quo'),
(2107, 422, 'Quas Eum'),
(2108, 422, 'Et Aut'),
(2109, 422, 'Inventore Est'),
(2110, 422, 'Ut Iste'),
(2111, 423, 'Magnam Sunt'),
(2112, 423, 'Ea Consequatur'),
(2113, 423, 'Ipsa Aut'),
(2114, 423, 'Tempore Nihil'),
(2115, 423, 'Eos Debitis'),
(2116, 424, 'Id In'),
(2117, 424, 'Dolores Fugit'),
(2118, 424, 'Inventore Et'),
(2119, 424, 'Ut Est'),
(2120, 424, 'Voluptatibus Dolor'),
(2121, 425, 'Et Consectetur'),
(2122, 425, 'Eligendi Harum'),
(2123, 425, 'Sit Quibusdam'),
(2124, 425, 'Assumenda Placeat'),
(2125, 425, 'Enim Consequuntur'),
(2126, 426, 'Placeat Et'),
(2127, 426, 'Nisi Aut'),
(2128, 426, 'Fuga Doloremque'),
(2129, 426, 'Rerum Mollitia'),
(2130, 426, 'Commodi Rem'),
(2131, 427, 'Ex Et'),
(2132, 427, 'Molestias Nam'),
(2133, 427, 'Id Atque'),
(2134, 427, 'Et Pariatur'),
(2135, 427, 'Non Aut'),
(2136, 428, 'Reprehenderit Commodi'),
(2137, 428, 'Sed Necessitatibus'),
(2138, 428, 'Voluptatibus Non'),
(2139, 428, 'Eveniet Voluptatibus'),
(2140, 428, 'Ut Optio'),
(2141, 429, 'Cumque Odit'),
(2142, 429, 'Et Quam'),
(2143, 429, 'Dolores Autem'),
(2144, 429, 'Ducimus Et'),
(2145, 429, 'Et Atque'),
(2146, 430, 'Possimus Sit'),
(2147, 430, 'Voluptatibus Quaerat'),
(2148, 430, 'Itaque Dolor'),
(2149, 430, 'Soluta Laborum'),
(2150, 430, 'Voluptates Minima'),
(2151, 431, 'Labore Qui'),
(2152, 431, 'Voluptatem Provident'),
(2153, 431, 'Ratione Error'),
(2154, 431, 'Dicta Dolor'),
(2155, 431, 'Quae Veniam'),
(2156, 432, 'Sunt Iste'),
(2157, 432, 'Ut Enim'),
(2158, 432, 'Consequatur Nobis'),
(2159, 432, 'Distinctio Consequatur'),
(2160, 432, 'Est Non'),
(2161, 433, 'Et Natus'),
(2162, 433, 'Quod Dolorum'),
(2163, 433, 'Sint Nam'),
(2164, 433, 'Quos Eius'),
(2165, 433, 'Quae Cum'),
(2166, 434, 'Omnis Rerum'),
(2167, 434, 'Distinctio Eveniet'),
(2168, 434, 'Qui Iste'),
(2169, 434, 'Omnis Animi'),
(2170, 434, 'Non Quisquam'),
(2171, 435, 'Quia Aut'),
(2172, 435, 'Et Voluptatem'),
(2173, 435, 'Illum Fugit'),
(2174, 435, 'Maxime Qui'),
(2175, 435, 'Eos Tempora'),
(2176, 436, 'Necessitatibus Commodi'),
(2177, 436, 'Minus Et'),
(2178, 436, 'Sunt Non'),
(2179, 436, 'Fugit Magni'),
(2180, 436, 'Vel In'),
(2181, 437, 'Officiis Est'),
(2182, 437, 'Aut Voluptas'),
(2183, 437, 'Impedit Voluptas'),
(2184, 437, 'Odit Molestiae'),
(2185, 437, 'Enim Sunt'),
(2186, 438, 'Illum Distinctio'),
(2187, 438, 'Et Sit'),
(2188, 438, 'Mollitia Dolore'),
(2189, 438, 'Impedit Laborum'),
(2190, 438, 'Quod Perspiciatis'),
(2191, 439, 'Repellendus Voluptatem'),
(2192, 439, 'Exercitationem Omnis'),
(2193, 439, 'Nihil Aspernatur'),
(2194, 439, 'Natus Aperiam'),
(2195, 439, 'Assumenda Temporibus'),
(2196, 440, 'Consequatur Sit'),
(2197, 440, 'Suscipit Voluptas'),
(2198, 440, 'Qui Dolores'),
(2199, 440, 'Porro Nostrum'),
(2200, 440, 'Quibusdam Beatae'),
(2201, 441, 'Rerum Dolor'),
(2202, 441, 'Et Eos'),
(2203, 441, 'Quam Aperiam'),
(2204, 441, 'Eaque Asperiores'),
(2205, 441, 'Dolor Excepturi'),
(2206, 442, 'Consequuntur Quasi'),
(2207, 442, 'Numquam Aut'),
(2208, 442, 'Est Nihil'),
(2209, 442, 'Saepe Omnis'),
(2210, 442, 'Consequuntur Occaecati'),
(2211, 443, 'Recusandae Aliquam'),
(2212, 443, 'Ad Dolorem'),
(2213, 443, 'Dicta Porro'),
(2214, 443, 'Quas Dicta'),
(2215, 443, 'Voluptatibus Rerum'),
(2216, 444, 'Laboriosam Ut'),
(2217, 444, 'Eveniet Animi'),
(2218, 444, 'Ut Id'),
(2219, 444, 'Voluptatem Voluptas'),
(2220, 444, 'Explicabo Dolorem'),
(2221, 445, 'Velit Error'),
(2222, 445, 'Consequuntur Ipsam'),
(2223, 445, 'In Recusandae'),
(2224, 445, 'Nobis Autem'),
(2225, 445, 'Nemo Corrupti'),
(2226, 446, 'Non Atque'),
(2227, 446, 'Facere Quis'),
(2228, 446, 'Dolorum Magnam'),
(2229, 446, 'At Sit'),
(2230, 446, 'Ut Ea'),
(2231, 447, 'Qui Aut'),
(2232, 447, 'Laudantium Rerum'),
(2233, 447, 'Sunt Ut'),
(2234, 447, 'Voluptatem Autem'),
(2235, 447, 'Corporis Illum'),
(2236, 448, 'Eum Sit'),
(2237, 448, 'Nemo Sit'),
(2238, 448, 'Aliquam Et'),
(2239, 448, 'Saepe Asperiores'),
(2240, 448, 'Ut Minus'),
(2241, 449, 'Nesciunt Quia'),
(2242, 449, 'Et Expedita'),
(2243, 449, 'Qui Corporis'),
(2244, 449, 'Assumenda Laudantium'),
(2245, 449, 'Id Quae'),
(2246, 450, 'Hic Omnis'),
(2247, 450, 'Voluptates Mollitia'),
(2248, 450, 'Ducimus Numquam'),
(2249, 450, 'Ullam Laboriosam'),
(2250, 450, 'Praesentium Fuga'),
(2251, 451, 'Culpa Eveniet'),
(2252, 451, 'Eum Sequi'),
(2253, 451, 'Voluptatibus Excepturi'),
(2254, 451, 'Mollitia Deleniti'),
(2255, 451, 'Qui Delectus'),
(2256, 452, 'Qui Aliquid'),
(2257, 452, 'Odio Earum'),
(2258, 452, 'Quia Alias'),
(2259, 452, 'Aliquid Quisquam'),
(2260, 452, 'Ex Maxime'),
(2261, 453, 'Nihil Quisquam'),
(2262, 453, 'Occaecati Ea'),
(2263, 453, 'Est Quis'),
(2264, 453, 'Incidunt Necessitatibus'),
(2265, 453, 'Voluptates Amet'),
(2266, 454, 'Animi Hic'),
(2267, 454, 'Sit Atque'),
(2268, 454, 'Nobis Autem'),
(2269, 454, 'Quas Optio'),
(2270, 454, 'Earum Ipsam'),
(2271, 455, 'Consequatur Aut'),
(2272, 455, 'Vitae Pariatur'),
(2273, 455, 'Earum Impedit'),
(2274, 455, 'Nostrum Aut'),
(2275, 455, 'Ea Quia'),
(2276, 456, 'Ut Asperiores'),
(2277, 456, 'Nostrum Fuga'),
(2278, 456, 'Ipsum At'),
(2279, 456, 'Modi Error'),
(2280, 456, 'Ipsum Et'),
(2281, 457, 'Placeat Voluptatem'),
(2282, 457, 'Omnis Est'),
(2283, 457, 'Debitis Odit'),
(2284, 457, 'Ab Et'),
(2285, 457, 'Libero Deleniti'),
(2286, 458, 'Modi Sed'),
(2287, 458, 'Mollitia Ratione'),
(2288, 458, 'Provident Tempore'),
(2289, 458, 'Eum Laborum'),
(2290, 458, 'Maxime In'),
(2291, 459, 'Dolorem Provident'),
(2292, 459, 'Dolorem Minus'),
(2293, 459, 'Odio Harum'),
(2294, 459, 'Magni Repellat'),
(2295, 459, 'Quia Magnam'),
(2296, 460, 'Et Quos'),
(2297, 460, 'Assumenda Eum'),
(2298, 460, 'Voluptatem Corporis'),
(2299, 460, 'Molestiae Ipsum'),
(2300, 460, 'Saepe Numquam'),
(2301, 461, 'Dolores Sunt'),
(2302, 461, 'Et In'),
(2303, 461, 'Impedit Alias'),
(2304, 461, 'In Aspernatur'),
(2305, 461, 'Fugiat Et'),
(2306, 462, 'Quia Enim'),
(2307, 462, 'Aut Quo'),
(2308, 462, 'Autem Voluptatem'),
(2309, 462, 'Commodi Provident'),
(2310, 462, 'Omnis Similique'),
(2311, 463, 'Recusandae Aliquid'),
(2312, 463, 'Ut Dolor'),
(2313, 463, 'Quia Illo'),
(2314, 463, 'Minima Est'),
(2315, 463, 'Totam Saepe'),
(2316, 464, 'Sint Dolorum'),
(2317, 464, 'Est Est'),
(2318, 464, 'Est Vero'),
(2319, 464, 'Harum Maxime'),
(2320, 464, 'Excepturi Aliquam'),
(2321, 465, 'Sunt Quia'),
(2322, 465, 'Et Quo'),
(2323, 465, 'Porro Iusto'),
(2324, 465, 'Veniam Soluta'),
(2325, 465, 'Voluptatem Quod'),
(2326, 466, 'Cum Nostrum'),
(2327, 466, 'Itaque Aspernatur'),
(2328, 466, 'Magnam Cupiditate'),
(2329, 466, 'Dolorem Suscipit'),
(2330, 466, 'Omnis Saepe'),
(2331, 467, 'Eum Alias'),
(2332, 467, 'Unde Sapiente'),
(2333, 467, 'Nesciunt Est'),
(2334, 467, 'Voluptatem Totam'),
(2335, 467, 'Ad Facere'),
(2336, 468, 'Ipsam Occaecati'),
(2337, 468, 'Fugiat Ea'),
(2338, 468, 'Molestias Aliquid'),
(2339, 468, 'Nisi Asperiores'),
(2340, 468, 'Sunt Facilis'),
(2341, 469, 'Et Dolorum'),
(2342, 469, 'Ea Ut'),
(2343, 469, 'Quia Fugiat'),
(2344, 469, 'Est Reiciendis'),
(2345, 469, 'Veniam Voluptatem'),
(2346, 470, 'Aut Qui'),
(2347, 470, 'Dolores Deserunt'),
(2348, 470, 'Aut Placeat'),
(2349, 470, 'Ex Quaerat'),
(2350, 470, 'Repudiandae Iusto'),
(2351, 471, 'Sint Doloremque'),
(2352, 471, 'Est Ullam'),
(2353, 471, 'Maiores Iste'),
(2354, 471, 'Quo Quia'),
(2355, 471, 'Ea Sint'),
(2356, 472, 'Delectus Vel'),
(2357, 472, 'Blanditiis Consectetur'),
(2358, 472, 'Ipsa Veritatis'),
(2359, 472, 'Nobis Vel'),
(2360, 472, 'Deserunt Vel'),
(2361, 473, 'Optio Ut'),
(2362, 473, 'Ad Nam'),
(2363, 473, 'Enim Voluptatibus'),
(2364, 473, 'Sit Saepe'),
(2365, 473, 'In Sit'),
(2366, 474, 'Dicta Saepe'),
(2367, 474, 'Excepturi Perferendis'),
(2368, 474, 'Sed Asperiores'),
(2369, 474, 'Ut Ipsa'),
(2370, 474, 'Deserunt Consequatur'),
(2371, 475, 'Optio Eligendi'),
(2372, 475, 'Sit Tenetur'),
(2373, 475, 'Dignissimos Eaque'),
(2374, 475, 'Aliquam Eum'),
(2375, 475, 'Aut Quia'),
(2376, 476, 'Ratione Non'),
(2377, 476, 'Maxime Iste'),
(2378, 476, 'Ea In'),
(2379, 476, 'Libero Deserunt'),
(2380, 476, 'Aut Qui'),
(2381, 477, 'Laboriosam Iure'),
(2382, 477, 'Labore Aspernatur'),
(2383, 477, 'Nobis Consequatur'),
(2384, 477, 'Aut Optio'),
(2385, 477, 'Rerum Saepe'),
(2386, 478, 'Nostrum Et'),
(2387, 478, 'Harum Quia'),
(2388, 478, 'Omnis Ad'),
(2389, 478, 'Illo Quisquam'),
(2390, 478, 'Inventore Harum'),
(2391, 479, 'Et Ex'),
(2392, 479, 'Eos Illo'),
(2393, 479, 'Sed Et'),
(2394, 479, 'Ut Nostrum'),
(2395, 479, 'Dolorum Omnis'),
(2396, 480, 'Incidunt Laborum'),
(2397, 480, 'Hic Ut'),
(2398, 480, 'Aliquam Quos'),
(2399, 480, 'Consequatur Aut'),
(2400, 480, 'Temporibus Unde'),
(2401, 481, 'Expedita Maiores'),
(2402, 481, 'Quos Excepturi'),
(2403, 481, 'Quia Sit'),
(2404, 481, 'Porro Voluptate'),
(2405, 481, 'Omnis Nemo'),
(2406, 482, 'Id Aperiam'),
(2407, 482, 'Ut Sunt'),
(2408, 482, 'Et Doloribus'),
(2409, 482, 'Dolorum Temporibus'),
(2410, 482, 'Quod Explicabo'),
(2411, 483, 'Nihil Sed'),
(2412, 483, 'Ratione Accusamus'),
(2413, 483, 'Sapiente Quam'),
(2414, 483, 'Iure Facere'),
(2415, 483, 'Rerum Veniam'),
(2416, 484, 'Est Veniam'),
(2417, 484, 'Corporis Quos'),
(2418, 484, 'Et Sint'),
(2419, 484, 'Incidunt Reiciendis'),
(2420, 484, 'Eum Qui'),
(2421, 485, 'Deleniti Quis'),
(2422, 485, 'Fugiat Voluptas'),
(2423, 485, 'Molestiae Sed'),
(2424, 485, 'Nesciunt Vitae'),
(2425, 485, 'Consequatur Laudantium'),
(2426, 486, 'Tempore Aperiam'),
(2427, 486, 'Repellat Molestias'),
(2428, 486, 'Dolor Ut'),
(2429, 486, 'Hic Deleniti'),
(2430, 486, 'Ad Ut'),
(2431, 487, 'Aspernatur Voluptatem'),
(2432, 487, 'Sit Rerum'),
(2433, 487, 'Sit Libero'),
(2434, 487, 'Ut Dolor'),
(2435, 487, 'Et Non'),
(2436, 488, 'Vitae Aut'),
(2437, 488, 'Omnis Doloribus'),
(2438, 488, 'Ad Repellat'),
(2439, 488, 'Ex Voluptatem'),
(2440, 488, 'Suscipit Doloribus'),
(2441, 489, 'Deleniti Eos'),
(2442, 489, 'Tempore Id'),
(2443, 489, 'Autem Doloremque'),
(2444, 489, 'Sequi Et'),
(2445, 489, 'Qui Et'),
(2446, 490, 'Mollitia Et'),
(2447, 490, 'Similique Tempore'),
(2448, 490, 'Vitae Illo'),
(2449, 490, 'Magnam Quae'),
(2450, 490, 'Eos Non'),
(2451, 491, 'Eos Et'),
(2452, 491, 'Ipsum Et'),
(2453, 491, 'Quisquam Maiores'),
(2454, 491, 'Dolores Esse'),
(2455, 491, 'Quas Doloribus'),
(2456, 492, 'Hic Rerum'),
(2457, 492, 'Et Saepe'),
(2458, 492, 'Ut Quis'),
(2459, 492, 'Voluptas Temporibus'),
(2460, 492, 'Nobis Illum'),
(2461, 493, 'Reprehenderit At'),
(2462, 493, 'Est Tenetur'),
(2463, 493, 'Nihil Officia'),
(2464, 493, 'Perferendis Incidunt'),
(2465, 493, 'Hic Expedita'),
(2466, 494, 'Iste Veniam'),
(2467, 494, 'Animi Voluptatem'),
(2468, 494, 'Expedita Consequatur'),
(2469, 494, 'Sequi Laudantium'),
(2470, 494, 'Consequuntur Non'),
(2471, 495, 'Itaque Nam'),
(2472, 495, 'Voluptatem Minus'),
(2473, 495, 'Impedit Voluptate'),
(2474, 495, 'Ipsum Vel'),
(2475, 495, 'Et Eos'),
(2476, 496, 'Aut Non'),
(2477, 496, 'Sint Voluptatem'),
(2478, 496, 'Nihil Aut'),
(2479, 496, 'Temporibus Necessitatibus'),
(2480, 496, 'Illum Ut'),
(2481, 497, 'Cum Voluptatem'),
(2482, 497, 'Non Itaque'),
(2483, 497, 'Et Fugiat'),
(2484, 497, 'Distinctio Veritatis'),
(2485, 497, 'Nostrum Sit'),
(2486, 498, 'Nostrum Nulla'),
(2487, 498, 'Sint Ex'),
(2488, 498, 'Perspiciatis Ut'),
(2489, 498, 'Odio Sit'),
(2490, 498, 'Cumque Non'),
(2491, 499, 'Fuga Commodi'),
(2492, 499, 'Suscipit Ad'),
(2493, 499, 'Soluta Repudiandae'),
(2494, 499, 'Maiores Ea'),
(2495, 499, 'Et Laudantium'),
(2496, 500, 'Libero Et'),
(2497, 500, 'Accusamus Impedit'),
(2498, 500, 'Delectus Recusandae'),
(2499, 500, 'Cupiditate Adipisci'),
(2500, 500, 'Aliquam Ullam'),
(2501, 501, 'Vitae A'),
(2502, 501, 'Nemo Odio'),
(2503, 501, 'Vel Odit'),
(2504, 501, 'Magni Ipsa'),
(2505, 501, 'In Ea'),
(2506, 502, 'Qui Nihil'),
(2507, 502, 'Voluptate Velit'),
(2508, 502, 'Voluptatem Dolore'),
(2509, 502, 'Error Accusamus'),
(2510, 502, 'Aut Est'),
(2511, 503, 'Dignissimos Consectetur'),
(2512, 503, 'Magni Ut'),
(2513, 503, 'Dignissimos Quia'),
(2514, 503, 'Et Officiis'),
(2515, 503, 'Labore Tempore'),
(2516, 504, 'Repudiandae Recusandae'),
(2517, 504, 'Cum Omnis'),
(2518, 504, 'Eveniet Ab'),
(2519, 504, 'Ex Commodi'),
(2520, 504, 'Voluptatem Vero'),
(2521, 505, 'Aut Sit'),
(2522, 505, 'Sit Porro'),
(2523, 505, 'Sint Nisi'),
(2524, 505, 'Itaque Possimus'),
(2525, 505, 'Ipsa Fuga'),
(2526, 506, 'Vel Sint'),
(2527, 506, 'Aut Natus'),
(2528, 506, 'Enim Voluptate'),
(2529, 506, 'Consequatur Quae'),
(2530, 506, 'Velit Eos'),
(2531, 507, 'Minima Excepturi'),
(2532, 507, 'Ipsa Quia'),
(2533, 507, 'Earum Fugit'),
(2534, 507, 'Aspernatur Ipsam'),
(2535, 507, 'Cumque Voluptates'),
(2536, 508, 'Dicta Distinctio'),
(2537, 508, 'Architecto Doloribus'),
(2538, 508, 'Culpa Veritatis'),
(2539, 508, 'Quos Nihil'),
(2540, 508, 'Nihil Aliquid'),
(2541, 509, 'Quia Qui'),
(2542, 509, 'Id Voluptatibus'),
(2543, 509, 'Ipsam Ea'),
(2544, 509, 'Quis Non'),
(2545, 509, 'Rerum Beatae'),
(2546, 510, 'Quo Nemo'),
(2547, 510, 'Qui Quo'),
(2548, 510, 'Ea Occaecati'),
(2549, 510, 'Et Minima'),
(2550, 510, 'Sed Ea'),
(2551, 511, 'Inventore Nobis'),
(2552, 511, 'Mollitia Ratione'),
(2553, 511, 'Praesentium Consequatur'),
(2554, 511, 'Voluptatem Perspiciatis'),
(2555, 511, 'Ipsum Aut'),
(2556, 512, 'Non Totam'),
(2557, 512, 'Incidunt Doloribus'),
(2558, 512, 'Fugiat Tempora'),
(2559, 512, 'Dolor Facilis'),
(2560, 512, 'Similique Veritatis'),
(2561, 513, 'Sunt Est'),
(2562, 513, 'Nesciunt Optio'),
(2563, 513, 'Et Nihil'),
(2564, 513, 'Itaque Temporibus'),
(2565, 513, 'Magnam Voluptatibus'),
(2566, 514, 'Enim Nostrum'),
(2567, 514, 'Ipsam Quia'),
(2568, 514, 'Et Laudantium'),
(2569, 514, 'Quis Nihil'),
(2570, 514, 'Cum Atque'),
(2571, 515, 'Atque Ut'),
(2572, 515, 'Sapiente Vitae'),
(2573, 515, 'Quidem Aut'),
(2574, 515, 'Eos Occaecati'),
(2575, 515, 'Sequi Aut'),
(2576, 516, 'Sed Velit'),
(2577, 516, 'Exercitationem Perferendis'),
(2578, 516, 'Ut Optio'),
(2579, 516, 'Dolorem Eius'),
(2580, 516, 'Maiores Eveniet'),
(2581, 517, 'Consequatur Architecto'),
(2582, 517, 'Perferendis Veritatis'),
(2583, 517, 'Porro Ullam'),
(2584, 517, 'Et Vero'),
(2585, 517, 'Repellendus Corrupti'),
(2586, 518, 'Est Excepturi'),
(2587, 518, 'Est Consectetur'),
(2588, 518, 'Cupiditate Eos'),
(2589, 518, 'Esse Est'),
(2590, 518, 'Et Odio'),
(2591, 519, 'Assumenda Eveniet'),
(2592, 519, 'Nemo Est'),
(2593, 519, 'Eius Enim'),
(2594, 519, 'Quo Saepe'),
(2595, 519, 'Aut Est'),
(2596, 520, 'Est Aut'),
(2597, 520, 'Accusantium Labore'),
(2598, 520, 'Ut Et'),
(2599, 520, 'Cupiditate Labore'),
(2600, 520, 'Esse Id'),
(2601, 521, 'Aut Quia'),
(2602, 521, 'Architecto Inventore'),
(2603, 521, 'Dolorum Assumenda'),
(2604, 521, 'Inventore Facilis'),
(2605, 521, 'Et Nihil'),
(2606, 522, 'Autem Possimus'),
(2607, 522, 'Deleniti Et'),
(2608, 522, 'Deserunt Ut'),
(2609, 522, 'Dolorum Corrupti'),
(2610, 522, 'Exercitationem Sed'),
(2611, 523, 'Quia Consequuntur'),
(2612, 523, 'Facere Aspernatur'),
(2613, 523, 'Sit Dolor'),
(2614, 523, 'Et At'),
(2615, 523, 'Est Consequatur'),
(2616, 524, 'Quia Laboriosam'),
(2617, 524, 'Ut Voluptatibus'),
(2618, 524, 'Beatae Fugiat'),
(2619, 524, 'Aut Laborum'),
(2620, 524, 'Enim Doloremque'),
(2621, 525, 'Et Illum'),
(2622, 525, 'Consequuntur Voluptas'),
(2623, 525, 'Animi Amet'),
(2624, 525, 'Occaecati Iste'),
(2625, 525, 'Voluptate Rerum'),
(2626, 526, 'Suscipit Aut'),
(2627, 526, 'Officia Et'),
(2628, 526, 'Eligendi Ab'),
(2629, 526, 'Eveniet Numquam'),
(2630, 526, 'Quia Est'),
(2631, 527, 'Provident Veritatis'),
(2632, 527, 'Amet Numquam'),
(2633, 527, 'Quia Quo'),
(2634, 527, 'Vel Et'),
(2635, 527, 'Corrupti Aliquam'),
(2636, 528, 'Sed Commodi'),
(2637, 528, 'Ut Ratione'),
(2638, 528, 'Harum Cumque'),
(2639, 528, 'Facilis Quia'),
(2640, 528, 'Suscipit Necessitatibus'),
(2641, 529, 'Omnis Tempora'),
(2642, 529, 'Ex Deserunt'),
(2643, 529, 'Vitae Quis'),
(2644, 529, 'Nisi Debitis'),
(2645, 529, 'Occaecati Ab'),
(2646, 530, 'Adipisci Quaerat'),
(2647, 530, 'Assumenda Eaque'),
(2648, 530, 'Et Officiis'),
(2649, 530, 'Voluptas Velit'),
(2650, 530, 'Nesciunt Maiores'),
(2651, 531, 'Sint Molestias'),
(2652, 531, 'Error Esse'),
(2653, 531, 'Ut Provident'),
(2654, 531, 'Tenetur Numquam'),
(2655, 531, 'Dolor Magnam'),
(2656, 532, 'Sit Voluptate'),
(2657, 532, 'Nesciunt Id'),
(2658, 532, 'Molestiae Et'),
(2659, 532, 'Impedit Vel'),
(2660, 532, 'Vel Facilis'),
(2661, 533, 'Magnam Sed'),
(2662, 533, 'Quas Et'),
(2663, 533, 'Laboriosam Eius'),
(2664, 533, 'Nihil Soluta'),
(2665, 533, 'Sit Commodi'),
(2666, 534, 'Quia Quidem'),
(2667, 534, 'Non Aut'),
(2668, 534, 'Et Quas'),
(2669, 534, 'Molestiae Enim'),
(2670, 534, 'Aut Eum'),
(2671, 535, 'Sint Impedit'),
(2672, 535, 'Sapiente Quam'),
(2673, 535, 'Repellat Adipisci'),
(2674, 535, 'Quia Et'),
(2675, 535, 'Inventore Sunt'),
(2676, 536, 'Sunt Quia'),
(2677, 536, 'Dolores Qui'),
(2678, 536, 'Repellendus Quo'),
(2679, 536, 'Ea Tempora'),
(2680, 536, 'Sit Voluptatem'),
(2681, 537, 'Ut Amet'),
(2682, 537, 'Consequatur Similique'),
(2683, 537, 'Rem Ea'),
(2684, 537, 'Dolorem Laboriosam'),
(2685, 537, 'Dicta At'),
(2686, 538, 'Sequi Molestiae'),
(2687, 538, 'Ut Beatae'),
(2688, 538, 'Laudantium Esse'),
(2689, 538, 'Assumenda Doloremque'),
(2690, 538, 'Et Mollitia'),
(2691, 539, 'Asperiores Veritatis'),
(2692, 539, 'Eaque Et'),
(2693, 539, 'Nam Omnis'),
(2694, 539, 'Rerum Et'),
(2695, 539, 'Ut Ut'),
(2696, 540, 'Qui Illum'),
(2697, 540, 'Velit Amet'),
(2698, 540, 'Quia Blanditiis'),
(2699, 540, 'Accusamus Sed'),
(2700, 540, 'Et Et'),
(2701, 541, 'Labore Sint'),
(2702, 541, 'Asperiores Quo'),
(2703, 541, 'Maxime Et'),
(2704, 541, 'Cumque Rem'),
(2705, 541, 'Ducimus Non'),
(2706, 542, 'Reiciendis Voluptas'),
(2707, 542, 'Sed Libero'),
(2708, 542, 'Pariatur Adipisci'),
(2709, 542, 'Ut Officiis'),
(2710, 542, 'Sit Porro'),
(2711, 543, 'Est Modi'),
(2712, 543, 'Id Illo'),
(2713, 543, 'Optio Esse'),
(2714, 543, 'Fuga Hic'),
(2715, 543, 'Quae Corporis'),
(2716, 544, 'Commodi Quaerat'),
(2717, 544, 'Officiis Eum'),
(2718, 544, 'Pariatur Ipsam'),
(2719, 544, 'Voluptatibus Laudantium'),
(2720, 544, 'Eaque Saepe'),
(2721, 545, 'Voluptate Magnam'),
(2722, 545, 'Qui Qui'),
(2723, 545, 'Nobis Minima'),
(2724, 545, 'Fugiat Occaecati'),
(2725, 545, 'Sit Itaque'),
(2726, 546, 'Et Et'),
(2727, 546, 'Aut Et'),
(2728, 546, 'Natus Voluptas'),
(2729, 546, 'Cumque Distinctio'),
(2730, 546, 'Dicta Neque'),
(2731, 547, 'Expedita Amet'),
(2732, 547, 'Itaque Dolor'),
(2733, 547, 'Expedita Ipsam'),
(2734, 547, 'Et Omnis'),
(2735, 547, 'Similique Praesentium'),
(2736, 548, 'Perferendis Est'),
(2737, 548, 'Debitis Asperiores'),
(2738, 548, 'Doloribus Libero'),
(2739, 548, 'Illo Repellendus'),
(2740, 548, 'Assumenda Doloribus'),
(2741, 549, 'Qui Est'),
(2742, 549, 'Dolorem Hic'),
(2743, 549, 'Sunt Consequuntur'),
(2744, 549, 'Voluptatum Rerum'),
(2745, 549, 'Ratione Corrupti'),
(2746, 550, 'Sint Fugiat'),
(2747, 550, 'Voluptatem Qui'),
(2748, 550, 'Praesentium Autem'),
(2749, 550, 'Aut Incidunt'),
(2750, 550, 'Nemo Recusandae'),
(2751, 551, 'Molestiae Omnis'),
(2752, 551, 'Unde Omnis'),
(2753, 551, 'Quaerat Nulla'),
(2754, 551, 'Debitis Quis'),
(2755, 551, 'Vero Enim'),
(2756, 552, 'Velit Fuga'),
(2757, 552, 'Minima Sint'),
(2758, 552, 'Esse Saepe'),
(2759, 552, 'Omnis Neque'),
(2760, 552, 'Similique Iure'),
(2761, 553, 'Ut Magni'),
(2762, 553, 'Maiores Voluptas'),
(2763, 553, 'Quasi Et'),
(2764, 553, 'Magni Ab'),
(2765, 553, 'Neque Nobis'),
(2766, 554, 'Rerum Tempore'),
(2767, 554, 'Quos Est'),
(2768, 554, 'Nihil Dolores'),
(2769, 554, 'Excepturi Vel'),
(2770, 554, 'Quisquam Eos'),
(2771, 555, 'Ea Aut'),
(2772, 555, 'Minima Est'),
(2773, 555, 'Sunt Totam'),
(2774, 555, 'Quasi Aliquam'),
(2775, 555, 'Aut Eum'),
(2776, 556, 'Voluptas In'),
(2777, 556, 'Placeat Dolorem'),
(2778, 556, 'Et Culpa'),
(2779, 556, 'Odio Dolores'),
(2780, 556, 'Dignissimos Sed'),
(2781, 557, 'Voluptatem Repudiandae'),
(2782, 557, 'A Sed'),
(2783, 557, 'Accusantium Placeat'),
(2784, 557, 'Nam Rerum'),
(2785, 557, 'Consequatur Aliquid'),
(2786, 558, 'Blanditiis Occaecati'),
(2787, 558, 'Quia Quas'),
(2788, 558, 'Inventore Commodi'),
(2789, 558, 'Fugiat Omnis'),
(2790, 558, 'Rerum Ullam'),
(2791, 559, 'Non Ullam'),
(2792, 559, 'Repudiandae Nostrum'),
(2793, 559, 'Id Omnis'),
(2794, 559, 'Asperiores Nulla'),
(2795, 559, 'Dolores Magni'),
(2796, 560, 'Debitis Eos'),
(2797, 560, 'Molestiae Tempore'),
(2798, 560, 'Commodi Quos'),
(2799, 560, 'Tempore Dignissimos'),
(2800, 560, 'Inventore Dolores'),
(2801, 561, 'Est Voluptas'),
(2802, 561, 'Itaque Necessitatibus'),
(2803, 561, 'Modi Qui'),
(2804, 561, 'Ut Est'),
(2805, 561, 'Est Exercitationem'),
(2806, 562, 'Nihil Ullam'),
(2807, 562, 'Voluptate Ratione'),
(2808, 562, 'Cupiditate Non'),
(2809, 562, 'Et Aperiam'),
(2810, 562, 'Praesentium Qui'),
(2811, 563, 'Tempore Similique'),
(2812, 563, 'Et Corporis'),
(2813, 563, 'Est Cupiditate'),
(2814, 563, 'Sit Non'),
(2815, 563, 'Cupiditate Tenetur'),
(2816, 564, 'Non Consectetur'),
(2817, 564, 'Mollitia Aperiam'),
(2818, 564, 'Voluptatem Aliquid'),
(2819, 564, 'Quis Quos'),
(2820, 564, 'Hic Eum'),
(2821, 565, 'Blanditiis Commodi'),
(2822, 565, 'Qui Corporis'),
(2823, 565, 'Quae Sequi'),
(2824, 565, 'Rem Id'),
(2825, 565, 'Ullam Nulla'),
(2826, 566, 'Hic Temporibus'),
(2827, 566, 'A Minima'),
(2828, 566, 'Libero Voluptas'),
(2829, 566, 'Vel Nisi'),
(2830, 566, 'Non Ex'),
(2831, 567, 'Earum Distinctio'),
(2832, 567, 'Est Sequi'),
(2833, 567, 'Architecto Et'),
(2834, 567, 'Nulla Non'),
(2835, 567, 'Exercitationem Voluptas'),
(2836, 568, 'Doloribus Assumenda'),
(2837, 568, 'Sed Omnis'),
(2838, 568, 'Labore Tenetur'),
(2839, 568, 'Adipisci Et'),
(2840, 568, 'Sint Velit'),
(2841, 569, 'Est Laboriosam'),
(2842, 569, 'Maxime Quisquam'),
(2843, 569, 'Facilis Ipsa'),
(2844, 569, 'Autem Sed'),
(2845, 569, 'Sit Maiores'),
(2846, 570, 'Fugit Quae'),
(2847, 570, 'Eos Est'),
(2848, 570, 'Ipsa Aspernatur'),
(2849, 570, 'Laboriosam Voluptatibus'),
(2850, 570, 'Sit Cumque'),
(2851, 571, 'Et Neque'),
(2852, 571, 'Expedita Quaerat'),
(2853, 571, 'Accusantium Alias'),
(2854, 571, 'Rem Deleniti'),
(2855, 571, 'Incidunt Ab'),
(2856, 572, 'Ea Quasi'),
(2857, 572, 'Sint Ut'),
(2858, 572, 'Nesciunt Aut'),
(2859, 572, 'Consectetur Voluptates'),
(2860, 572, 'Aut Repudiandae'),
(2861, 573, 'Vitae Sed'),
(2862, 573, 'Nisi Aut'),
(2863, 573, 'Odio Nihil'),
(2864, 573, 'Delectus Facilis'),
(2865, 573, 'Optio Itaque'),
(2866, 574, 'Laborum Odio'),
(2867, 574, 'Temporibus Cumque'),
(2868, 574, 'Assumenda Ex'),
(2869, 574, 'Maxime Ipsa'),
(2870, 574, 'Accusantium Ea'),
(2871, 575, 'Quia Et'),
(2872, 575, 'Occaecati Doloribus'),
(2873, 575, 'Vel Vero'),
(2874, 575, 'Minima Quasi'),
(2875, 575, 'Minima Occaecati'),
(2876, 576, 'Recusandae Deserunt'),
(2877, 576, 'Atque Ad'),
(2878, 576, 'Sunt Consequatur'),
(2879, 576, 'Fugit Modi'),
(2880, 576, 'Aut Exercitationem'),
(2881, 577, 'Consequatur Eum'),
(2882, 577, 'Delectus Quibusdam'),
(2883, 577, 'Nemo Esse'),
(2884, 577, 'Ipsum Totam'),
(2885, 577, 'In Consequatur'),
(2886, 578, 'Consequuntur Facere'),
(2887, 578, 'Et Earum'),
(2888, 578, 'Mollitia Sunt'),
(2889, 578, 'Adipisci Et'),
(2890, 578, 'Cum Sed'),
(2891, 579, 'Atque Eos'),
(2892, 579, 'Ad Corporis'),
(2893, 579, 'Porro Rerum'),
(2894, 579, 'Voluptas Reprehenderit'),
(2895, 579, 'Voluptas Velit'),
(2896, 580, 'Non Amet'),
(2897, 580, 'Qui Sunt'),
(2898, 580, 'Et Molestias'),
(2899, 580, 'Dicta Quasi'),
(2900, 580, 'Ea Eum'),
(2901, 581, 'Quod Corrupti'),
(2902, 581, 'Omnis Explicabo'),
(2903, 581, 'Rerum Ad'),
(2904, 581, 'Provident Eum'),
(2905, 581, 'Explicabo Quos'),
(2906, 582, 'Perspiciatis Fuga'),
(2907, 582, 'In Dicta'),
(2908, 582, 'Dolore Accusamus'),
(2909, 582, 'Quos Quas'),
(2910, 582, 'Veritatis Ducimus'),
(2911, 583, 'Quis Hic'),
(2912, 583, 'Voluptas Ea'),
(2913, 583, 'Tempora Quisquam'),
(2914, 583, 'Dolor Quis'),
(2915, 583, 'A Et'),
(2916, 584, 'Voluptatum Quae'),
(2917, 584, 'Et Porro'),
(2918, 584, 'Libero Consequatur'),
(2919, 584, 'Ea Dolorem'),
(2920, 584, 'Ea Qui'),
(2921, 585, 'Tenetur Et'),
(2922, 585, 'Nihil Eos'),
(2923, 585, 'Corrupti Sit'),
(2924, 585, 'Nihil Consequatur'),
(2925, 585, 'Consequatur Omnis'),
(2926, 586, 'Autem Est'),
(2927, 586, 'Nisi Dicta'),
(2928, 586, 'Cum Vel'),
(2929, 586, 'Explicabo Pariatur'),
(2930, 586, 'Quo Inventore'),
(2931, 587, 'Deserunt Praesentium'),
(2932, 587, 'Natus Accusamus'),
(2933, 587, 'Commodi Officia'),
(2934, 587, 'Repellendus Temporibus'),
(2935, 587, 'Voluptas Vitae'),
(2936, 588, 'Alias Ipsum'),
(2937, 588, 'Perferendis Ducimus'),
(2938, 588, 'Fugiat Voluptas'),
(2939, 588, 'Accusamus Voluptatum'),
(2940, 588, 'Et Quas'),
(2941, 589, 'Est Nobis'),
(2942, 589, 'Amet Quam'),
(2943, 589, 'Facilis Aut'),
(2944, 589, 'Error Eos'),
(2945, 589, 'Sed Accusamus'),
(2946, 590, 'Ullam Quae'),
(2947, 590, 'Recusandae Quia'),
(2948, 590, 'Suscipit Cupiditate'),
(2949, 590, 'Voluptatum Veniam'),
(2950, 590, 'Qui Atque'),
(2951, 591, 'Dolorum Tenetur'),
(2952, 591, 'Veritatis Ducimus'),
(2953, 591, 'Rerum Voluptatibus'),
(2954, 591, 'Est Enim'),
(2955, 591, 'Repellendus Corrupti'),
(2956, 592, 'Inventore Quam'),
(2957, 592, 'Praesentium Error'),
(2958, 592, 'Consequatur Voluptatem'),
(2959, 592, 'Blanditiis Voluptate'),
(2960, 592, 'Et Non'),
(2961, 593, 'Molestiae Id'),
(2962, 593, 'Placeat Est'),
(2963, 593, 'Id Adipisci'),
(2964, 593, 'Est Ipsa'),
(2965, 593, 'In Temporibus'),
(2966, 594, 'Iste Perspiciatis'),
(2967, 594, 'Laboriosam Libero'),
(2968, 594, 'Qui Iste'),
(2969, 594, 'Reiciendis Sit'),
(2970, 594, 'Cumque Numquam'),
(2971, 595, 'Quidem Voluptatem'),
(2972, 595, 'Eos Sunt'),
(2973, 595, 'Eum Eum'),
(2974, 595, 'Quo Voluptatem'),
(2975, 595, 'Praesentium Omnis'),
(2976, 596, 'Quia Ipsam'),
(2977, 596, 'Voluptas In'),
(2978, 596, 'Sed Quibusdam'),
(2979, 596, 'Et Assumenda'),
(2980, 596, 'Eaque Aspernatur'),
(2981, 597, 'Reiciendis Autem'),
(2982, 597, 'Perferendis Vitae'),
(2983, 597, 'Repellat Et'),
(2984, 597, 'Aut Iusto'),
(2985, 597, 'Similique Ut'),
(2986, 598, 'Culpa Est'),
(2987, 598, 'Iusto Amet'),
(2988, 598, 'Et Aut'),
(2989, 598, 'Consequatur Magnam'),
(2990, 598, 'Ut Qui'),
(2991, 599, 'In Eaque'),
(2992, 599, 'Quae Voluptate'),
(2993, 599, 'Aut Pariatur'),
(2994, 599, 'Quia Maxime'),
(2995, 599, 'Perspiciatis Odit'),
(2996, 600, 'Officia Tempora'),
(2997, 600, 'Repellendus Sint'),
(2998, 600, 'Odio Enim'),
(2999, 600, 'Velit Et'),
(3000, 600, 'Et Est'),
(3001, 601, 'Quis Blanditiis'),
(3002, 601, 'Quae Illum'),
(3003, 601, 'Voluptatem Et'),
(3004, 601, 'Porro Doloremque'),
(3005, 601, 'Dicta Odio'),
(3006, 602, 'Nemo Consequatur'),
(3007, 602, 'Eveniet Temporibus'),
(3008, 602, 'Molestiae Delectus'),
(3009, 602, 'Laborum Assumenda'),
(3010, 602, 'Adipisci Et'),
(3011, 603, 'Aliquid Est'),
(3012, 603, 'Recusandae Perspiciatis'),
(3013, 603, 'Recusandae Recusandae'),
(3014, 603, 'Velit Nostrum'),
(3015, 603, 'Eum Cum'),
(3016, 604, 'Sapiente Qui'),
(3017, 604, 'Et Voluptates'),
(3018, 604, 'Sed Rem'),
(3019, 604, 'Cupiditate Maiores'),
(3020, 604, 'Vero Et'),
(3021, 605, 'Autem Adipisci'),
(3022, 605, 'Cum Veniam'),
(3023, 605, 'Reiciendis Aut'),
(3024, 605, 'Sunt Beatae'),
(3025, 605, 'Exercitationem Est'),
(3026, 606, 'Unde Mollitia'),
(3027, 606, 'Provident Quaerat'),
(3028, 606, 'Sed Nisi'),
(3029, 606, 'Voluptatem Quidem'),
(3030, 606, 'Sint Enim'),
(3031, 607, 'Fugit Culpa'),
(3032, 607, 'Reiciendis Iusto'),
(3033, 607, 'Laudantium Adipisci'),
(3034, 607, 'In Autem'),
(3035, 607, 'Rerum Deserunt'),
(3036, 608, 'Assumenda Consequuntur'),
(3037, 608, 'Expedita Et'),
(3038, 608, 'Vitae Ut'),
(3039, 608, 'Dignissimos Eveniet'),
(3040, 608, 'Sapiente Culpa'),
(3041, 609, 'Consequatur Sed'),
(3042, 609, 'Quae Qui'),
(3043, 609, 'Sed Nemo'),
(3044, 609, 'Totam Quas'),
(3045, 609, 'Laborum Occaecati'),
(3046, 610, 'Enim Ut'),
(3047, 610, 'Est Velit'),
(3048, 610, 'Voluptatem Exercitationem'),
(3049, 610, 'Vero Cupiditate'),
(3050, 610, 'Consequatur Nihil'),
(3051, 611, 'Nemo Quibusdam'),
(3052, 611, 'Quidem Eveniet'),
(3053, 611, 'Ut Sint'),
(3054, 611, 'Deleniti Ut'),
(3055, 611, 'Pariatur Veritatis'),
(3056, 612, 'Debitis Deserunt'),
(3057, 612, 'Dicta Ullam'),
(3058, 612, 'Nobis Soluta'),
(3059, 612, 'Placeat Eum'),
(3060, 612, 'Voluptas Animi'),
(3061, 613, 'Modi Placeat'),
(3062, 613, 'Consequatur Consequatur'),
(3063, 613, 'Est Quia'),
(3064, 613, 'Molestias Quod'),
(3065, 613, 'Deserunt Est'),
(3066, 614, 'Vero In'),
(3067, 614, 'Quo Soluta'),
(3068, 614, 'Occaecati Ratione'),
(3069, 614, 'Dolorum At'),
(3070, 614, 'Magni Quibusdam'),
(3071, 615, 'Et Nisi'),
(3072, 615, 'Mollitia Doloribus'),
(3073, 615, 'Quibusdam Qui'),
(3074, 615, 'Ad Quia'),
(3075, 615, 'Molestias Dolor'),
(3076, 616, 'Sint Sequi'),
(3077, 616, 'Voluptatibus Error'),
(3078, 616, 'Ipsam Dolorum'),
(3079, 616, 'Accusantium Natus'),
(3080, 616, 'Dolorem Autem'),
(3081, 617, 'Fuga Voluptatibus'),
(3082, 617, 'Esse Quam'),
(3083, 617, 'Corporis Eum'),
(3084, 617, 'Quibusdam Sed'),
(3085, 617, 'Est Rerum'),
(3086, 618, 'Sit Veritatis'),
(3087, 618, 'Ipsa Provident'),
(3088, 618, 'Doloremque Repellat'),
(3089, 618, 'Molestias Dolorem'),
(3090, 618, 'Vel Numquam'),
(3091, 619, 'Voluptas Ratione'),
(3092, 619, 'Corporis Cumque'),
(3093, 619, 'Dolores Ipsum'),
(3094, 619, 'Laboriosam Molestiae'),
(3095, 619, 'Animi Omnis'),
(3096, 620, 'Qui Eaque'),
(3097, 620, 'Magnam Alias'),
(3098, 620, 'In Voluptatibus'),
(3099, 620, 'Earum Repellendus'),
(3100, 620, 'Et Hic'),
(3101, 621, 'Dolorem Aut'),
(3102, 621, 'Expedita Non'),
(3103, 621, 'Praesentium Error'),
(3104, 621, 'Id Delectus'),
(3105, 621, 'At Culpa'),
(3106, 622, 'Qui Quod'),
(3107, 622, 'Et Facere'),
(3108, 622, 'At Saepe'),
(3109, 622, 'Totam Reiciendis'),
(3110, 622, 'Consequatur Et'),
(3111, 623, 'Necessitatibus Et'),
(3112, 623, 'Soluta Et'),
(3113, 623, 'Qui Omnis'),
(3114, 623, 'Recusandae Nisi'),
(3115, 623, 'Architecto Sed'),
(3116, 624, 'Consectetur Eligendi'),
(3117, 624, 'Facere Delectus'),
(3118, 624, 'Dicta Ullam'),
(3119, 624, 'Qui Ipsum'),
(3120, 624, 'Unde Autem'),
(3121, 625, 'Qui Porro'),
(3122, 625, 'Sunt Saepe'),
(3123, 625, 'Ea Facilis'),
(3124, 625, 'Maiores Ea'),
(3125, 625, 'Voluptas Cupiditate'),
(3126, 626, 'Eum Quo'),
(3127, 626, 'Quam Consequatur'),
(3128, 626, 'Libero Velit'),
(3129, 626, 'Magni Dolorum'),
(3130, 626, 'Non Quo'),
(3131, 627, 'Perferendis Expedita'),
(3132, 627, 'Et Eaque'),
(3133, 627, 'Ex Expedita'),
(3134, 627, 'Quis Temporibus'),
(3135, 627, 'Neque Est'),
(3136, 628, 'Earum Adipisci'),
(3137, 628, 'Ratione Alias'),
(3138, 628, 'Aspernatur Molestiae'),
(3139, 628, 'In Laudantium'),
(3140, 628, 'Commodi Recusandae'),
(3141, 629, 'Asperiores Perspiciatis'),
(3142, 629, 'Odio Quisquam'),
(3143, 629, 'Nam Vero'),
(3144, 629, 'Tempora Qui'),
(3145, 629, 'Qui Dignissimos'),
(3146, 630, 'Itaque Est'),
(3147, 630, 'Quis Quidem'),
(3148, 630, 'Dolore Et'),
(3149, 630, 'Nesciunt Dicta'),
(3150, 630, 'Adipisci Asperiores'),
(3151, 631, 'Tenetur Sunt'),
(3152, 631, 'Molestias Adipisci'),
(3153, 631, 'Exercitationem Soluta'),
(3154, 631, 'Vel Et'),
(3155, 631, 'Atque Illum'),
(3156, 632, 'Nostrum Totam'),
(3157, 632, 'Quis Et'),
(3158, 632, 'Non Ut'),
(3159, 632, 'Quae Nesciunt'),
(3160, 632, 'Ipsum Optio'),
(3161, 633, 'Omnis Maiores'),
(3162, 633, 'Quidem A'),
(3163, 633, 'Qui Repellendus'),
(3164, 633, 'Aut Ut'),
(3165, 633, 'Omnis Reprehenderit'),
(3166, 634, 'Eius Repudiandae'),
(3167, 634, 'Nam Autem'),
(3168, 634, 'Illo Ab'),
(3169, 634, 'Deleniti Sint'),
(3170, 634, 'Odio Quia'),
(3171, 635, 'Consequatur Commodi'),
(3172, 635, 'Pariatur Assumenda'),
(3173, 635, 'Facere Voluptates'),
(3174, 635, 'Voluptatem Quidem'),
(3175, 635, 'Ab Eveniet'),
(3176, 636, 'Dolor Excepturi'),
(3177, 636, 'Eligendi Consequatur'),
(3178, 636, 'Odit Optio'),
(3179, 636, 'Laudantium Fugiat'),
(3180, 636, 'Quisquam Est'),
(3181, 637, 'Excepturi Qui'),
(3182, 637, 'Voluptas Blanditiis'),
(3183, 637, 'Voluptates Repellendus'),
(3184, 637, 'Officia Dignissimos'),
(3185, 637, 'Natus Tenetur'),
(3186, 638, 'Perferendis Voluptas'),
(3187, 638, 'Consequuntur Iste'),
(3188, 638, 'Voluptatem Quam'),
(3189, 638, 'Sint Pariatur'),
(3190, 638, 'Omnis Aut'),
(3191, 639, 'Illum Accusamus'),
(3192, 639, 'Dolorem Placeat'),
(3193, 639, 'Iusto Rerum'),
(3194, 639, 'Quas Autem'),
(3195, 639, 'Quisquam Qui'),
(3196, 640, 'Laborum Et'),
(3197, 640, 'Voluptas Labore'),
(3198, 640, 'Esse Quos'),
(3199, 640, 'Placeat Aut'),
(3200, 640, 'Quia Praesentium'),
(3201, 641, 'Tempora Quod'),
(3202, 641, 'Enim Consequatur'),
(3203, 641, 'Officiis A'),
(3204, 641, 'Quidem Aut'),
(3205, 641, 'Et Rem'),
(3206, 642, 'Dolor Qui'),
(3207, 642, 'Voluptatem Ducimus'),
(3208, 642, 'Voluptatum Libero'),
(3209, 642, 'Quae Ad'),
(3210, 642, 'Esse Sit'),
(3211, 643, 'Vel Saepe'),
(3212, 643, 'Rerum Repellendus'),
(3213, 643, 'Voluptatem Laborum'),
(3214, 643, 'Nulla At'),
(3215, 643, 'Distinctio Voluptatem'),
(3216, 644, 'Molestiae Minima'),
(3217, 644, 'Enim Occaecati'),
(3218, 644, 'Nobis Sapiente'),
(3219, 644, 'Aliquam Dignissimos'),
(3220, 644, 'Facere Minima'),
(3221, 645, 'A Consectetur'),
(3222, 645, 'Molestiae Eligendi'),
(3223, 645, 'Sunt Voluptatem'),
(3224, 645, 'Eos Quia'),
(3225, 645, 'Tenetur Velit'),
(3226, 646, 'Saepe Perspiciatis'),
(3227, 646, 'Magnam Suscipit'),
(3228, 646, 'Earum Quo'),
(3229, 646, 'Earum Nemo'),
(3230, 646, 'Doloremque Eos'),
(3231, 647, 'Incidunt Aperiam'),
(3232, 647, 'Error Suscipit'),
(3233, 647, 'Deleniti Et'),
(3234, 647, 'Eaque Voluptate'),
(3235, 647, 'In At'),
(3236, 648, 'Alias Aut'),
(3237, 648, 'Repudiandae Quas'),
(3238, 648, 'Cupiditate Odit'),
(3239, 648, 'Ab Et'),
(3240, 648, 'Blanditiis Ipsum'),
(3241, 649, 'Assumenda In'),
(3242, 649, 'Optio Voluptatem'),
(3243, 649, 'Et Qui'),
(3244, 649, 'Occaecati Consequuntur'),
(3245, 649, 'Omnis Architecto'),
(3246, 650, 'Nostrum Laudantium'),
(3247, 650, 'Omnis Est'),
(3248, 650, 'Voluptas Dignissimos'),
(3249, 650, 'Earum Omnis'),
(3250, 650, 'Quisquam Natus'),
(3251, 651, 'Corporis Commodi'),
(3252, 651, 'Aut Perspiciatis'),
(3253, 651, 'Et Quam'),
(3254, 651, 'Itaque Reprehenderit'),
(3255, 651, 'Eos Nulla'),
(3256, 652, 'Saepe Laboriosam'),
(3257, 652, 'Debitis Consequuntur'),
(3258, 652, 'Error Rerum'),
(3259, 652, 'Vitae Quasi'),
(3260, 652, 'Distinctio Quo'),
(3261, 653, 'Unde Recusandae'),
(3262, 653, 'Quos Non'),
(3263, 653, 'Aut Maiores'),
(3264, 653, 'Omnis Nobis'),
(3265, 653, 'Dolores Ab'),
(3266, 654, 'Vel Corrupti'),
(3267, 654, 'Nihil In'),
(3268, 654, 'Occaecati Nobis'),
(3269, 654, 'Vitae Illo'),
(3270, 654, 'Cumque Iure'),
(3271, 655, 'Sed Incidunt'),
(3272, 655, 'Qui Quidem'),
(3273, 655, 'Velit Non'),
(3274, 655, 'Magnam Consequatur'),
(3275, 655, 'Qui Sed'),
(3276, 656, 'Vero Vero'),
(3277, 656, 'At Molestiae'),
(3278, 656, 'Unde Totam'),
(3279, 656, 'Et Dolorem'),
(3280, 656, 'Aut Dolorum'),
(3281, 657, 'Ut Soluta'),
(3282, 657, 'Ut Velit'),
(3283, 657, 'Facilis Odio'),
(3284, 657, 'Magni Saepe'),
(3285, 657, 'Eos Ut'),
(3286, 658, 'Eos Eos'),
(3287, 658, 'Eum Rerum'),
(3288, 658, 'Quis Corrupti'),
(3289, 658, 'Impedit Facilis'),
(3290, 658, 'Quo Totam'),
(3291, 659, 'Impedit Necessitatibus'),
(3292, 659, 'Non Pariatur'),
(3293, 659, 'Autem Consequatur'),
(3294, 659, 'Est Quae'),
(3295, 659, 'Culpa Sed'),
(3296, 660, 'Quos Nihil'),
(3297, 660, 'Aspernatur Ex'),
(3298, 660, 'Autem Quo'),
(3299, 660, 'Hic Recusandae'),
(3300, 660, 'Quis Animi'),
(3301, 661, 'Assumenda Est'),
(3302, 661, 'Accusamus Ipsam'),
(3303, 661, 'Fugit Eius'),
(3304, 661, 'Adipisci Similique'),
(3305, 661, 'Porro Ab'),
(3306, 662, 'Quam Autem'),
(3307, 662, 'Consequuntur Cumque'),
(3308, 662, 'Qui Voluptatem'),
(3309, 662, 'Dolores Nihil'),
(3310, 662, 'Incidunt Aut'),
(3311, 663, 'Animi Culpa'),
(3312, 663, 'Voluptatem Adipisci'),
(3313, 663, 'Voluptatem Non'),
(3314, 663, 'Architecto Fugit'),
(3315, 663, 'Aut Earum'),
(3316, 664, 'Voluptatem Voluptatem'),
(3317, 664, 'Laborum Quis'),
(3318, 664, 'Amet Et'),
(3319, 664, 'Veritatis Natus'),
(3320, 664, 'Aut Inventore'),
(3321, 665, 'Sed Eum'),
(3322, 665, 'Quidem Quae'),
(3323, 665, 'Eos Velit'),
(3324, 665, 'Sunt A'),
(3325, 665, 'Ducimus Dolorum'),
(3326, 666, 'Ab Deserunt'),
(3327, 666, 'Rerum Soluta'),
(3328, 666, 'Iusto Sed'),
(3329, 666, 'Aut Sint'),
(3330, 666, 'Rem Doloremque'),
(3331, 667, 'Debitis Vel'),
(3332, 667, 'Et Enim'),
(3333, 667, 'Soluta Optio'),
(3334, 667, 'Ipsam Fugiat'),
(3335, 667, 'Et Officiis'),
(3336, 668, 'Quis Sint'),
(3337, 668, 'Eum Velit'),
(3338, 668, 'Consequatur Earum'),
(3339, 668, 'Illo Soluta'),
(3340, 668, 'Dolor Sint'),
(3341, 669, 'Est Eveniet'),
(3342, 669, 'Quas Quam'),
(3343, 669, 'Et Sed'),
(3344, 669, 'Eaque Illo'),
(3345, 669, 'Repudiandae Quas'),
(3346, 670, 'Enim Cumque'),
(3347, 670, 'Velit Quasi'),
(3348, 670, 'Possimus Incidunt'),
(3349, 670, 'Sed Ut'),
(3350, 670, 'Odit Odit'),
(3351, 671, 'Voluptatem Eligendi'),
(3352, 671, 'Possimus At'),
(3353, 671, 'Rerum Pariatur'),
(3354, 671, 'Eius Adipisci'),
(3355, 671, 'Est Ut'),
(3356, 672, 'Expedita Itaque'),
(3357, 672, 'Omnis Ut'),
(3358, 672, 'Minima Maiores'),
(3359, 672, 'Ut Quaerat'),
(3360, 672, 'Eum Corporis'),
(3361, 673, 'Nulla Ipsam'),
(3362, 673, 'Ipsa Sapiente'),
(3363, 673, 'Ea Et'),
(3364, 673, 'Et Id'),
(3365, 673, 'Minima Et'),
(3366, 674, 'Aspernatur Aspernatur'),
(3367, 674, 'Consequatur Dolores'),
(3368, 674, 'Repudiandae Reprehenderit'),
(3369, 674, 'Magnam Ex'),
(3370, 674, 'Omnis Quis'),
(3371, 675, 'Rerum Eos'),
(3372, 675, 'Ea Voluptatem'),
(3373, 675, 'Ad Est'),
(3374, 675, 'Cumque Beatae'),
(3375, 675, 'Voluptatem Et'),
(3376, 676, 'Delectus Iusto'),
(3377, 676, 'Voluptas Iste'),
(3378, 676, 'Culpa Deleniti'),
(3379, 676, 'Omnis Facilis'),
(3380, 676, 'Doloribus Minus'),
(3381, 677, 'Consequatur Pariatur'),
(3382, 677, 'Dolor Exercitationem'),
(3383, 677, 'Consequuntur Modi'),
(3384, 677, 'Et Neque'),
(3385, 677, 'In Velit'),
(3386, 678, 'Aut Corrupti'),
(3387, 678, 'Quia Atque'),
(3388, 678, 'Magnam Id'),
(3389, 678, 'Incidunt Inventore'),
(3390, 678, 'Officia Et'),
(3391, 679, 'Quasi Quia'),
(3392, 679, 'Ea Asperiores'),
(3393, 679, 'Non Ea'),
(3394, 679, 'Commodi Autem'),
(3395, 679, 'Ipsam Quod'),
(3396, 680, 'Facere Voluptas'),
(3397, 680, 'Quia Ea'),
(3398, 680, 'Non Odio'),
(3399, 680, 'Sed Quod'),
(3400, 680, 'Maiores Modi'),
(3401, 681, 'Quas Sequi'),
(3402, 681, 'Enim Placeat'),
(3403, 681, 'Quia Eaque'),
(3404, 681, 'Qui Esse'),
(3405, 681, 'Pariatur Atque'),
(3406, 682, 'Incidunt Sed'),
(3407, 682, 'Atque Delectus'),
(3408, 682, 'Placeat Praesentium'),
(3409, 682, 'Corrupti Praesentium'),
(3410, 682, 'Occaecati Rerum'),
(3411, 683, 'Porro Harum'),
(3412, 683, 'Non Perspiciatis'),
(3413, 683, 'Omnis Sequi'),
(3414, 683, 'Quam Accusamus'),
(3415, 683, 'Quis Ipsa'),
(3416, 684, 'Eum Vitae'),
(3417, 684, 'Rerum Et'),
(3418, 684, 'Autem Tempore'),
(3419, 684, 'Non Eligendi'),
(3420, 684, 'Adipisci Laboriosam'),
(3421, 685, 'Et Doloremque'),
(3422, 685, 'Voluptatum Nihil'),
(3423, 685, 'Fugit Ut'),
(3424, 685, 'In Eum'),
(3425, 685, 'Similique Quisquam'),
(3426, 686, 'Et Minima'),
(3427, 686, 'Veritatis Id'),
(3428, 686, 'Minus Molestiae'),
(3429, 686, 'Tempora Non'),
(3430, 686, 'Quibusdam Ad'),
(3431, 687, 'Minus Corporis'),
(3432, 687, 'Esse Repellat'),
(3433, 687, 'Et Dolor'),
(3434, 687, 'Consequuntur Quo'),
(3435, 687, 'Est Asperiores'),
(3436, 688, 'Fuga Corporis'),
(3437, 688, 'Nulla Rerum'),
(3438, 688, 'Expedita Temporibus'),
(3439, 688, 'Saepe Minima'),
(3440, 688, 'Modi Et'),
(3441, 689, 'Ut Dolores'),
(3442, 689, 'Et Perspiciatis'),
(3443, 689, 'Repellendus Earum'),
(3444, 689, 'Ea In'),
(3445, 689, 'Distinctio Cumque'),
(3446, 690, 'Fugit Et'),
(3447, 690, 'Et Excepturi'),
(3448, 690, 'Qui Deleniti'),
(3449, 690, 'Earum Ducimus'),
(3450, 690, 'Maxime Beatae'),
(3451, 691, 'Neque Quis'),
(3452, 691, 'Est Eos'),
(3453, 691, 'Facilis Totam'),
(3454, 691, 'Ut Reiciendis'),
(3455, 691, 'Aliquam Recusandae'),
(3456, 692, 'Ut Accusantium'),
(3457, 692, 'Sunt Culpa'),
(3458, 692, 'Fugit Quia'),
(3459, 692, 'Sed Aut'),
(3460, 692, 'Incidunt Ipsa'),
(3461, 693, 'Quidem Debitis'),
(3462, 693, 'Et Reprehenderit'),
(3463, 693, 'Eos Sunt'),
(3464, 693, 'Minima Recusandae'),
(3465, 693, 'Voluptatibus Quidem'),
(3466, 694, 'Beatae Eaque'),
(3467, 694, 'Eligendi Qui'),
(3468, 694, 'Quibusdam Architecto'),
(3469, 694, 'Explicabo Deserunt'),
(3470, 694, 'Debitis Dignissimos'),
(3471, 695, 'Minima Reprehenderit'),
(3472, 695, 'Sit Modi'),
(3473, 695, 'Incidunt Possimus'),
(3474, 695, 'Temporibus Dignissimos'),
(3475, 695, 'Expedita Aliquam'),
(3476, 696, 'Neque Tempore'),
(3477, 696, 'Placeat Natus'),
(3478, 696, 'Aliquid Ut'),
(3479, 696, 'In Inventore'),
(3480, 696, 'Eos Vel'),
(3481, 697, 'Est Porro'),
(3482, 697, 'Qui Quia'),
(3483, 697, 'Id Rerum'),
(3484, 697, 'Nihil Nobis'),
(3485, 697, 'Ad Quae'),
(3486, 698, 'Molestias Adipisci'),
(3487, 698, 'Sed Odit'),
(3488, 698, 'Suscipit Earum'),
(3489, 698, 'Et Quis'),
(3490, 698, 'Voluptatem Tempore'),
(3491, 699, 'Eveniet Ducimus'),
(3492, 699, 'Qui Sed'),
(3493, 699, 'Voluptatem Repudiandae'),
(3494, 699, 'In Accusantium'),
(3495, 699, 'Rerum Qui'),
(3496, 700, 'Molestias Et'),
(3497, 700, 'Animi Sapiente'),
(3498, 700, 'Assumenda Cupiditate'),
(3499, 700, 'Voluptas Quos'),
(3500, 700, 'Beatae Ut'),
(3501, 701, 'Cum Quis'),
(3502, 701, 'Eveniet Pariatur'),
(3503, 701, 'Natus Et'),
(3504, 701, 'Velit Saepe'),
(3505, 701, 'Ut Quas'),
(3506, 702, 'Mollitia Ut'),
(3507, 702, 'Perferendis Ut'),
(3508, 702, 'Rem Eligendi'),
(3509, 702, 'Voluptatem Veritatis'),
(3510, 702, 'Ducimus Alias'),
(3511, 703, 'Iusto Omnis'),
(3512, 703, 'Pariatur Officiis'),
(3513, 703, 'Consequatur Laborum'),
(3514, 703, 'Accusamus Autem'),
(3515, 703, 'Non Tempora'),
(3516, 704, 'Quos Ea'),
(3517, 704, 'Labore Ea'),
(3518, 704, 'Aut Dolores'),
(3519, 704, 'Atque Saepe'),
(3520, 704, 'Tempore Ducimus'),
(3521, 705, 'Consequuntur Iusto'),
(3522, 705, 'Maxime Aut'),
(3523, 705, 'Sit Sed'),
(3524, 705, 'Iste Qui'),
(3525, 705, 'Inventore Reprehenderit'),
(3526, 706, 'Harum Consequatur'),
(3527, 706, 'Et Non'),
(3528, 706, 'Perspiciatis Sunt'),
(3529, 706, 'In Reprehenderit'),
(3530, 706, 'Quo Perferendis'),
(3531, 707, 'Consequatur Eligendi'),
(3532, 707, 'Modi Inventore'),
(3533, 707, 'Maiores Reprehenderit'),
(3534, 707, 'Commodi Incidunt'),
(3535, 707, 'Qui Cupiditate'),
(3536, 708, 'Deleniti Cumque'),
(3537, 708, 'Numquam Aut'),
(3538, 708, 'Sed Distinctio'),
(3539, 708, 'Neque Hic'),
(3540, 708, 'Aut Dignissimos'),
(3541, 709, 'Molestiae Vero'),
(3542, 709, 'Rem Suscipit'),
(3543, 709, 'Sed Cumque'),
(3544, 709, 'Aliquam Et'),
(3545, 709, 'Sit Autem'),
(3546, 710, 'Quo Placeat'),
(3547, 710, 'Facere Ullam'),
(3548, 710, 'Esse Culpa'),
(3549, 710, 'Esse Et'),
(3550, 710, 'Atque Quo'),
(3551, 711, 'Non Nulla'),
(3552, 711, 'Hic At'),
(3553, 711, 'Laudantium Similique'),
(3554, 711, 'Rerum Qui'),
(3555, 711, 'Inventore Quis'),
(3556, 712, 'Pariatur Dolorem'),
(3557, 712, 'Sit Sunt'),
(3558, 712, 'Sed Ut'),
(3559, 712, 'Sunt Quasi'),
(3560, 712, 'Omnis Corporis'),
(3561, 713, 'Incidunt Eum'),
(3562, 713, 'Pariatur Odio'),
(3563, 713, 'Soluta Quo'),
(3564, 713, 'Et Aliquam'),
(3565, 713, 'Excepturi Rerum'),
(3566, 714, 'Sequi Voluptatum'),
(3567, 714, 'Aperiam Eos'),
(3568, 714, 'Dicta Non'),
(3569, 714, 'Dicta Accusantium'),
(3570, 714, 'Et Aliquid'),
(3571, 715, 'Id Inventore'),
(3572, 715, 'Qui Autem'),
(3573, 715, 'Aliquam Quae'),
(3574, 715, 'Minus Et'),
(3575, 715, 'Repudiandae Voluptatem'),
(3576, 716, 'Ex Incidunt'),
(3577, 716, 'Sint Quam'),
(3578, 716, 'Ad Fuga'),
(3579, 716, 'Ducimus Ratione'),
(3580, 716, 'Non Quis'),
(3581, 717, 'Numquam Culpa'),
(3582, 717, 'Non Saepe'),
(3583, 717, 'Ab Sit'),
(3584, 717, 'Alias Iste'),
(3585, 717, 'Praesentium Incidunt'),
(3586, 718, 'Illo Ut'),
(3587, 718, 'Dolores Asperiores'),
(3588, 718, 'Ipsum Aut'),
(3589, 718, 'Rerum Qui'),
(3590, 718, 'Quos Id'),
(3591, 719, 'Velit Suscipit'),
(3592, 719, 'Rerum Blanditiis'),
(3593, 719, 'Sit Iste'),
(3594, 719, 'Exercitationem Quod'),
(3595, 719, 'Beatae Eum'),
(3596, 720, 'Totam Labore'),
(3597, 720, 'Fuga Accusantium'),
(3598, 720, 'Tempore Temporibus'),
(3599, 720, 'Nemo Qui'),
(3600, 720, 'Accusantium Expedita'),
(3601, 721, 'Et Illum'),
(3602, 721, 'Est Quisquam'),
(3603, 721, 'Natus Dicta'),
(3604, 721, 'Sed Temporibus'),
(3605, 721, 'Quo Voluptatem'),
(3606, 722, 'Consequatur Dicta'),
(3607, 722, 'Numquam Est'),
(3608, 722, 'Illo Eveniet'),
(3609, 722, 'Aut Ut'),
(3610, 722, 'Hic Praesentium'),
(3611, 723, 'Voluptatem Esse'),
(3612, 723, 'Debitis Quam'),
(3613, 723, 'Quo Placeat'),
(3614, 723, 'Quibusdam Iusto'),
(3615, 723, 'Distinctio Consequatur'),
(3616, 724, 'Omnis Sapiente'),
(3617, 724, 'Consequatur Voluptatem'),
(3618, 724, 'Sapiente Et'),
(3619, 724, 'Sed Minima'),
(3620, 724, 'Nihil A'),
(3621, 725, 'Consequuntur Exercitationem'),
(3622, 725, 'Possimus Est'),
(3623, 725, 'Repudiandae In'),
(3624, 725, 'Et Quia'),
(3625, 725, 'Optio Et'),
(3626, 726, 'Exercitationem Libero'),
(3627, 726, 'At Molestiae'),
(3628, 726, 'Unde Aut'),
(3629, 726, 'Fugit Assumenda'),
(3630, 726, 'Ut Et'),
(3631, 727, 'Amet Aut'),
(3632, 727, 'Ad Dignissimos'),
(3633, 727, 'Aut Et'),
(3634, 727, 'Non Dignissimos'),
(3635, 727, 'Sunt Sed'),
(3636, 728, 'Aperiam Aut'),
(3637, 728, 'Nam Similique'),
(3638, 728, 'Aut Et'),
(3639, 728, 'Officia Esse'),
(3640, 728, 'Vel Debitis'),
(3641, 729, 'Autem Eius'),
(3642, 729, 'Quisquam Harum'),
(3643, 729, 'Nihil Asperiores'),
(3644, 729, 'Nam Eos'),
(3645, 729, 'Facilis Dolorem'),
(3646, 730, 'Sed Eos'),
(3647, 730, 'Eos Ullam'),
(3648, 730, 'Temporibus Nobis'),
(3649, 730, 'Ut Est'),
(3650, 730, 'Nemo Totam'),
(3651, 731, 'Totam Omnis'),
(3652, 731, 'Enim Corporis'),
(3653, 731, 'Est Molestiae'),
(3654, 731, 'Qui Velit'),
(3655, 731, 'Dolorem Qui'),
(3656, 732, 'Cupiditate Inventore'),
(3657, 732, 'Eum Dolore'),
(3658, 732, 'Saepe Earum'),
(3659, 732, 'Cupiditate Delectus'),
(3660, 732, 'Eum Assumenda'),
(3661, 733, 'Ut Quibusdam'),
(3662, 733, 'Itaque Dignissimos'),
(3663, 733, 'Non Adipisci'),
(3664, 733, 'Sunt Sit'),
(3665, 733, 'Nisi Velit'),
(3666, 734, 'Rerum Nobis'),
(3667, 734, 'Nihil Porro'),
(3668, 734, 'Quia Sint'),
(3669, 734, 'Soluta Aut'),
(3670, 734, 'Exercitationem Exercitationem'),
(3671, 735, 'Sed Dolor'),
(3672, 735, 'Sunt Autem'),
(3673, 735, 'Est Qui'),
(3674, 735, 'Et Qui'),
(3675, 735, 'Corrupti Voluptates'),
(3676, 736, 'Ut Officia'),
(3677, 736, 'Minus Totam'),
(3678, 736, 'Itaque Doloremque'),
(3679, 736, 'Sit Consequuntur'),
(3680, 736, 'Eos Dolores'),
(3681, 737, 'Delectus Voluptas'),
(3682, 737, 'Porro Expedita'),
(3683, 737, 'Omnis Officia'),
(3684, 737, 'Nihil Aperiam'),
(3685, 737, 'Possimus Facere');
INSERT INTO `gampong` (`id`, `kemukiman_id`, `nama`) VALUES
(3686, 738, 'Voluptatem Ratione'),
(3687, 738, 'Magni Ut'),
(3688, 738, 'Ut Modi'),
(3689, 738, 'Libero Aliquam'),
(3690, 738, 'Deleniti Hic'),
(3691, 739, 'Iure Ea'),
(3692, 739, 'Quod Ducimus'),
(3693, 739, 'Vero Eveniet'),
(3694, 739, 'In Sapiente'),
(3695, 739, 'Minima Ut'),
(3696, 740, 'Maiores Corrupti'),
(3697, 740, 'Cupiditate Perferendis'),
(3698, 740, 'Quidem Odit'),
(3699, 740, 'Ut Impedit'),
(3700, 740, 'Non Explicabo'),
(3701, 741, 'Error Soluta'),
(3702, 741, 'Quos Architecto'),
(3703, 741, 'Eum Id'),
(3704, 741, 'Nisi Nulla'),
(3705, 741, 'Rerum Quod'),
(3706, 742, 'Cupiditate Consequuntur'),
(3707, 742, 'Voluptatum Ipsam'),
(3708, 742, 'Exercitationem Voluptatem'),
(3709, 742, 'Est Ut'),
(3710, 742, 'Ut Est'),
(3711, 743, 'Sed Ex'),
(3712, 743, 'Dolorem Atque'),
(3713, 743, 'Fugit Ut'),
(3714, 743, 'Aut Vero'),
(3715, 743, 'Consectetur Ea'),
(3716, 744, 'Consequatur Amet'),
(3717, 744, 'Dolorem Quod'),
(3718, 744, 'Omnis Hic'),
(3719, 744, 'Tempore Dolores'),
(3720, 744, 'Illum Eos'),
(3721, 745, 'Id Dolorum'),
(3722, 745, 'Reprehenderit Eos'),
(3723, 745, 'Minima Et'),
(3724, 745, 'Vel Dolorem'),
(3725, 745, 'Quibusdam Quam'),
(3726, 746, 'Consequuntur Pariatur'),
(3727, 746, 'Perferendis Repellat'),
(3728, 746, 'Sapiente Voluptates'),
(3729, 746, 'Ipsa Officia'),
(3730, 746, 'Corrupti Id'),
(3731, 747, 'Non Molestias'),
(3732, 747, 'Incidunt Est'),
(3733, 747, 'Est Alias'),
(3734, 747, 'Nemo Repudiandae'),
(3735, 747, 'Aperiam Molestiae'),
(3736, 748, 'Vel Illum'),
(3737, 748, 'Eligendi Et'),
(3738, 748, 'Suscipit Repellat'),
(3739, 748, 'Sed Ullam'),
(3740, 748, 'Consequatur Reiciendis'),
(3741, 749, 'Et Laborum'),
(3742, 749, 'Voluptatem Quia'),
(3743, 749, 'Culpa Quas'),
(3744, 749, 'Necessitatibus Reiciendis'),
(3745, 749, 'Cumque Eum'),
(3746, 750, 'Sit Animi'),
(3747, 750, 'Exercitationem Et'),
(3748, 750, 'Cum Alias'),
(3749, 750, 'Sit Unde'),
(3750, 750, 'Molestias Aut'),
(3751, 751, 'Fugiat Sed'),
(3752, 751, 'Et Ex'),
(3753, 751, 'Quibusdam Qui'),
(3754, 751, 'Velit Reprehenderit'),
(3755, 751, 'A Labore'),
(3756, 752, 'Commodi Nobis'),
(3757, 752, 'Id Repellat'),
(3758, 752, 'Numquam Facere'),
(3759, 752, 'Repellendus Reiciendis'),
(3760, 752, 'Ad Animi'),
(3761, 753, 'Quia Doloribus'),
(3762, 753, 'Fugit Est'),
(3763, 753, 'Dicta Dolor'),
(3764, 753, 'Et Temporibus'),
(3765, 753, 'Consequuntur Alias'),
(3766, 754, 'Sapiente Nobis'),
(3767, 754, 'Sed Quasi'),
(3768, 754, 'Rerum Rem'),
(3769, 754, 'Earum Tempore'),
(3770, 754, 'Sit Labore'),
(3771, 755, 'Quas Repellendus'),
(3772, 755, 'Excepturi Saepe'),
(3773, 755, 'Voluptatem Inventore'),
(3774, 755, 'Nulla Provident'),
(3775, 755, 'Non Laboriosam'),
(3776, 756, 'Ut Modi'),
(3777, 756, 'Iste Eligendi'),
(3778, 756, 'Tenetur Qui'),
(3779, 756, 'Illum Voluptas'),
(3780, 756, 'A Dolore'),
(3781, 757, 'Impedit Modi'),
(3782, 757, 'Sed Aliquid'),
(3783, 757, 'Velit Beatae'),
(3784, 757, 'Expedita Nam'),
(3785, 757, 'Et Et'),
(3786, 758, 'Iusto Voluptatem'),
(3787, 758, 'Provident Harum'),
(3788, 758, 'Impedit Fuga'),
(3789, 758, 'Odit Ut'),
(3790, 758, 'Ut A'),
(3791, 759, 'Vitae Fugiat'),
(3792, 759, 'Exercitationem Aliquam'),
(3793, 759, 'Aperiam Ad'),
(3794, 759, 'Eveniet Rerum'),
(3795, 759, 'Quia Enim'),
(3796, 760, 'Et Aperiam'),
(3797, 760, 'Magnam Ipsa'),
(3798, 760, 'Unde Voluptatem'),
(3799, 760, 'Ut Sed'),
(3800, 760, 'Perferendis Facilis'),
(3801, 761, 'Inventore Ex'),
(3802, 761, 'Veniam Ad'),
(3803, 761, 'Rerum Repellendus'),
(3804, 761, 'Accusamus Sequi'),
(3805, 761, 'Quo Laboriosam'),
(3806, 762, 'Mollitia Commodi'),
(3807, 762, 'Quas Adipisci'),
(3808, 762, 'Debitis Optio'),
(3809, 762, 'Ducimus Totam'),
(3810, 762, 'Facilis Sint'),
(3811, 763, 'Velit Ut'),
(3812, 763, 'Qui Magnam'),
(3813, 763, 'Iure Optio'),
(3814, 763, 'Vitae Occaecati'),
(3815, 763, 'Tempore Eos'),
(3816, 764, 'Vero Enim'),
(3817, 764, 'Itaque Non'),
(3818, 764, 'Ipsam Sint'),
(3819, 764, 'Veritatis Et'),
(3820, 764, 'Esse Magnam'),
(3821, 765, 'Tempora Est'),
(3822, 765, 'Porro Perspiciatis'),
(3823, 765, 'Praesentium Aut'),
(3824, 765, 'Repudiandae Debitis'),
(3825, 765, 'Aut Quod'),
(3826, 766, 'Repudiandae Omnis'),
(3827, 766, 'Nulla Fugit'),
(3828, 766, 'Dolor Et'),
(3829, 766, 'Quia Quae'),
(3830, 766, 'Incidunt Est'),
(3831, 767, 'Nihil Sint'),
(3832, 767, 'Accusantium Voluptas'),
(3833, 767, 'Quia Porro'),
(3834, 767, 'Dignissimos Blanditiis'),
(3835, 767, 'Ut Aliquam'),
(3836, 768, 'Quam Quo'),
(3837, 768, 'Ad Rerum'),
(3838, 768, 'Vitae Aut'),
(3839, 768, 'Praesentium Quisquam'),
(3840, 768, 'Veritatis Vel'),
(3841, 769, 'Nisi Rerum'),
(3842, 769, 'Laboriosam Accusantium'),
(3843, 769, 'Commodi Labore'),
(3844, 769, 'In Excepturi'),
(3845, 769, 'Omnis Dicta'),
(3846, 770, 'Et Non'),
(3847, 770, 'Dolor Facere'),
(3848, 770, 'Adipisci Doloremque'),
(3849, 770, 'Architecto Velit'),
(3850, 770, 'Aliquam Quae'),
(3851, 771, 'Iste Consectetur'),
(3852, 771, 'Error Molestias'),
(3853, 771, 'In Omnis'),
(3854, 771, 'Ea Aliquid'),
(3855, 771, 'Doloribus Dolore'),
(3856, 772, 'Deleniti Suscipit'),
(3857, 772, 'Sed Voluptatem'),
(3858, 772, 'Dolore Incidunt'),
(3859, 772, 'Commodi Ab'),
(3860, 772, 'Suscipit Non'),
(3861, 773, 'Non Illum'),
(3862, 773, 'Ut Qui'),
(3863, 773, 'Unde Odit'),
(3864, 773, 'Atque Rerum'),
(3865, 773, 'Consectetur Sapiente'),
(3866, 774, 'Laudantium Qui'),
(3867, 774, 'Porro Sed'),
(3868, 774, 'Nam Et'),
(3869, 774, 'Velit Rem'),
(3870, 774, 'Doloribus Ipsam'),
(3871, 775, 'A Aut'),
(3872, 775, 'Illum Rem'),
(3873, 775, 'Aut Harum'),
(3874, 775, 'Odit Aut'),
(3875, 775, 'Consequatur Repellat'),
(3876, 776, 'Consequuntur Doloremque'),
(3877, 776, 'Expedita Est'),
(3878, 776, 'Nisi Facilis'),
(3879, 776, 'Quia Sed'),
(3880, 776, 'Porro Ad'),
(3881, 777, 'Repudiandae Perspiciatis'),
(3882, 777, 'Accusamus Id'),
(3883, 777, 'Veritatis Dicta'),
(3884, 777, 'Doloremque Doloremque'),
(3885, 777, 'Velit Quia'),
(3886, 778, 'Sint Quia'),
(3887, 778, 'Sapiente Architecto'),
(3888, 778, 'Velit Recusandae'),
(3889, 778, 'Laudantium Eos'),
(3890, 778, 'Ut In'),
(3891, 779, 'Rerum Quos'),
(3892, 779, 'Quia Earum'),
(3893, 779, 'Occaecati Minus'),
(3894, 779, 'Consequatur Sed'),
(3895, 779, 'Minima Dolor'),
(3896, 780, 'Quam Nihil'),
(3897, 780, 'Ea Et'),
(3898, 780, 'Tempore Enim'),
(3899, 780, 'Architecto Harum'),
(3900, 780, 'At Doloremque'),
(3901, 781, 'Modi Est'),
(3902, 781, 'Commodi Sed'),
(3903, 781, 'Atque Quas'),
(3904, 781, 'Veritatis Deserunt'),
(3905, 781, 'Nostrum Beatae'),
(3906, 782, 'Labore Et'),
(3907, 782, 'Animi Officia'),
(3908, 782, 'Qui Est'),
(3909, 782, 'Dolores Nihil'),
(3910, 782, 'Non Quia'),
(3911, 783, 'Assumenda Quibusdam'),
(3912, 783, 'Laborum Magni'),
(3913, 783, 'Possimus Consequatur'),
(3914, 783, 'Vel Error'),
(3915, 783, 'Soluta Ipsum'),
(3916, 784, 'Optio Iste'),
(3917, 784, 'Facilis Eos'),
(3918, 784, 'Et Quo'),
(3919, 784, 'Sint Voluptas'),
(3920, 784, 'Doloremque Blanditiis'),
(3921, 785, 'Sit Est'),
(3922, 785, 'Totam Ut'),
(3923, 785, 'Et Dolores'),
(3924, 785, 'Perspiciatis Perspiciatis'),
(3925, 785, 'Voluptas Et'),
(3926, 786, 'Ullam Dicta'),
(3927, 786, 'Deserunt Saepe'),
(3928, 786, 'Nihil Adipisci'),
(3929, 786, 'Deleniti Rerum'),
(3930, 786, 'Quis Dolor'),
(3931, 787, 'Minus Qui'),
(3932, 787, 'Non Omnis'),
(3933, 787, 'Quae Inventore'),
(3934, 787, 'Omnis Et'),
(3935, 787, 'Libero Repellendus'),
(3936, 788, 'Perspiciatis Est'),
(3937, 788, 'Deserunt Autem'),
(3938, 788, 'Quibusdam Molestiae'),
(3939, 788, 'Rerum Id'),
(3940, 788, 'Et Sint'),
(3941, 789, 'Necessitatibus Quis'),
(3942, 789, 'Facere Voluptate'),
(3943, 789, 'Qui Laborum'),
(3944, 789, 'Voluptatem Harum'),
(3945, 789, 'Iste Eum'),
(3946, 790, 'Cumque Possimus'),
(3947, 790, 'Dolorum Hic'),
(3948, 790, 'Ut Quasi'),
(3949, 790, 'Blanditiis Nemo'),
(3950, 790, 'Sit Qui'),
(3951, 791, 'Aut Laboriosam'),
(3952, 791, 'Qui Illum'),
(3953, 791, 'Aut Inventore'),
(3954, 791, 'Ea Sit'),
(3955, 791, 'Quis Ut'),
(3956, 792, 'Est Rerum'),
(3957, 792, 'Pariatur Amet'),
(3958, 792, 'Est Et'),
(3959, 792, 'Ipsam Quo'),
(3960, 792, 'Eos Cupiditate'),
(3961, 793, 'Aut Blanditiis'),
(3962, 793, 'Voluptatibus Aliquam'),
(3963, 793, 'Soluta Consequatur'),
(3964, 793, 'Fugit Voluptas'),
(3965, 793, 'Voluptas Est'),
(3966, 794, 'Culpa Quasi'),
(3967, 794, 'Omnis Perspiciatis'),
(3968, 794, 'Facere Et'),
(3969, 794, 'Perspiciatis Maxime'),
(3970, 794, 'Assumenda Omnis'),
(3971, 795, 'Veniam Sapiente'),
(3972, 795, 'Numquam Blanditiis'),
(3973, 795, 'Quisquam Quo'),
(3974, 795, 'Nostrum Qui'),
(3975, 795, 'Debitis Illo'),
(3976, 796, 'Eum Ut'),
(3977, 796, 'Et Doloribus'),
(3978, 796, 'Est Sed'),
(3979, 796, 'Quas Et'),
(3980, 796, 'Repellendus Dolores'),
(3981, 797, 'Et Aut'),
(3982, 797, 'Quo Odit'),
(3983, 797, 'Omnis Aut'),
(3984, 797, 'Nemo Sit'),
(3985, 797, 'Harum Asperiores'),
(3986, 798, 'In Similique'),
(3987, 798, 'Et Quia'),
(3988, 798, 'Quis Ad'),
(3989, 798, 'Voluptas Sint'),
(3990, 798, 'Natus Mollitia'),
(3991, 799, 'Laboriosam Et'),
(3992, 799, 'Sit Eligendi'),
(3993, 799, 'Corrupti Repellendus'),
(3994, 799, 'Ut Odit'),
(3995, 799, 'Non Doloremque'),
(3996, 800, 'Quis Non'),
(3997, 800, 'Voluptatem Ab'),
(3998, 800, 'Assumenda Eligendi'),
(3999, 800, 'Qui Voluptatem'),
(4000, 800, 'Et Aliquid'),
(4001, 801, 'Quod Reiciendis'),
(4002, 801, 'Pariatur Repudiandae'),
(4003, 801, 'Deleniti Fugit'),
(4004, 801, 'Dolorem Illum'),
(4005, 801, 'Sunt Vel'),
(4006, 802, 'Et Omnis'),
(4007, 802, 'Dolorum Est'),
(4008, 802, 'Repellendus Et'),
(4009, 802, 'Dolorem Sit'),
(4010, 802, 'Corporis Explicabo'),
(4011, 803, 'Id Dolores'),
(4012, 803, 'Animi Consequatur'),
(4013, 803, 'Nihil Quas'),
(4014, 803, 'Voluptas Quasi'),
(4015, 803, 'Earum Reiciendis'),
(4016, 804, 'Beatae Nam'),
(4017, 804, 'Est Quis'),
(4018, 804, 'Atque Earum'),
(4019, 804, 'Sequi Nobis'),
(4020, 804, 'Placeat Pariatur'),
(4021, 805, 'Temporibus Totam'),
(4022, 805, 'Rerum Exercitationem'),
(4023, 805, 'Voluptates Debitis'),
(4024, 805, 'Ipsum Dolorem'),
(4025, 805, 'Iusto Laboriosam'),
(4026, 806, 'Numquam Dolorem'),
(4027, 806, 'Commodi Aut'),
(4028, 806, 'Eius Fuga'),
(4029, 806, 'Odit Deserunt'),
(4030, 806, 'Velit Eos'),
(4031, 807, 'Placeat Ad'),
(4032, 807, 'Sunt Et'),
(4033, 807, 'Voluptatum Omnis'),
(4034, 807, 'Est Ab'),
(4035, 807, 'Corporis Reiciendis'),
(4036, 808, 'Ut Beatae'),
(4037, 808, 'Deleniti Consectetur'),
(4038, 808, 'Qui Et'),
(4039, 808, 'Ab Omnis'),
(4040, 808, 'Veritatis Fugit'),
(4041, 809, 'Est Libero'),
(4042, 809, 'Voluptatem Sed'),
(4043, 809, 'Laudantium Tempora'),
(4044, 809, 'Et Quam'),
(4045, 809, 'Commodi Numquam'),
(4046, 810, 'Quasi Culpa'),
(4047, 810, 'Rerum Tempora'),
(4048, 810, 'Beatae Qui'),
(4049, 810, 'Et Non'),
(4050, 810, 'Corporis Iste'),
(4051, 811, 'Velit Sint'),
(4052, 811, 'Alias Atque'),
(4053, 811, 'Alias Aut'),
(4054, 811, 'Laudantium Et'),
(4055, 811, 'Ipsam Qui'),
(4056, 812, 'Magnam Minus'),
(4057, 812, 'Magnam Ad'),
(4058, 812, 'Nostrum Et'),
(4059, 812, 'Ipsum Et'),
(4060, 812, 'Sed Laudantium'),
(4061, 813, 'Minus Neque'),
(4062, 813, 'Est Suscipit'),
(4063, 813, 'Facilis Qui'),
(4064, 813, 'Est Enim'),
(4065, 813, 'Eligendi Sit'),
(4066, 814, 'Ut Facere'),
(4067, 814, 'Autem Ut'),
(4068, 814, 'Odio Consequatur'),
(4069, 814, 'Aut Asperiores'),
(4070, 814, 'Inventore Eaque'),
(4071, 815, 'Officia Itaque'),
(4072, 815, 'Dolores Repellendus'),
(4073, 815, 'Tempore Et'),
(4074, 815, 'Dolor Quidem'),
(4075, 815, 'Sit Soluta'),
(4076, 816, 'Natus Ratione'),
(4077, 816, 'Alias Voluptates'),
(4078, 816, 'Quo Natus'),
(4079, 816, 'Delectus Est'),
(4080, 816, 'Minima Quibusdam'),
(4081, 817, 'Est Quas'),
(4082, 817, 'Reiciendis Ut'),
(4083, 817, 'Sint Sit'),
(4084, 817, 'Nisi Quas'),
(4085, 817, 'Animi Ut'),
(4086, 819, 'gampong samalanga'),
(4087, 820, 'gampong jeumpa');

-- --------------------------------------------------------

--
-- Struktur dari tabel `hal`
--

CREATE TABLE `hal` (
  `id` bigint(20) UNSIGNED NOT NULL,
  `nama` varchar(191) COLLATE utf8mb4_unicode_ci NOT NULL,
  `keterangan` varchar(191) COLLATE utf8mb4_unicode_ci DEFAULT NULL
) ENGINE=InnoDB DEFAULT CHARSET=utf8mb4 COLLATE=utf8mb4_unicode_ci;

--
-- Dumping data untuk tabel `hal`
--

INSERT INTO `hal` (`id`, `nama`, `keterangan`) VALUES
(1, 'Tetap', NULL),
(2, 'Tidak Tetap', NULL);

-- --------------------------------------------------------

--
-- Struktur dari tabel `jawaban`
--

CREATE TABLE `jawaban` (
  `id` bigint(20) UNSIGNED NOT NULL,
  `jawaban` varchar(191) COLLATE utf8mb4_unicode_ci NOT NULL,
  `bobot` int(11) NOT NULL
) ENGINE=InnoDB DEFAULT CHARSET=utf8mb4 COLLATE=utf8mb4_unicode_ci;

--
-- Dumping data untuk tabel `jawaban`
--

INSERT INTO `jawaban` (`id`, `jawaban`, `bobot`) VALUES
(1, 'Diabetes Melitus', 1),
(2, 'Hipertensi', 3),
(3, 'Dislipidemia', 2),
(4, 'GFH', 1),
(5, 'GFG', 4),
(6, 'Obesitas', 3),
(7, 'Radang Sendi', 2),
(8, 'Potensi Komorbid', 1);

-- --------------------------------------------------------

--
-- Struktur dari tabel `jawaban_soal`
--

CREATE TABLE `jawaban_soal` (
  `soal_id` bigint(20) UNSIGNED NOT NULL,
  `jawaban_id` bigint(20) UNSIGNED NOT NULL
) ENGINE=InnoDB DEFAULT CHARSET=utf8mb4 COLLATE=utf8mb4_unicode_ci;

-- --------------------------------------------------------

--
-- Struktur dari tabel `jawaban_soal_kecamatan`
--

CREATE TABLE `jawaban_soal_kecamatan` (
  `kecamatan_id` bigint(20) UNSIGNED NOT NULL,
  `soal_id` bigint(20) UNSIGNED NOT NULL,
  `jawaban_id` bigint(20) UNSIGNED NOT NULL,
  `dokumen` varchar(191) COLLATE utf8mb4_unicode_ci DEFAULT NULL,
  `jawaban_faktual` int(11) DEFAULT NULL,
  `admin` int(11) DEFAULT NULL
) ENGINE=InnoDB DEFAULT CHARSET=utf8mb4 COLLATE=utf8mb4_unicode_ci;

-- --------------------------------------------------------

--
-- Struktur dari tabel `jawaban_subin_kecamatan`
--

CREATE TABLE `jawaban_subin_kecamatan` (
  `subin_id` bigint(20) UNSIGNED NOT NULL,
  `kecamatan_id` bigint(20) UNSIGNED NOT NULL,
  `jawab_kec` varchar(191) COLLATE utf8mb4_unicode_ci DEFAULT NULL,
  `jawab_tapem` varchar(191) COLLATE utf8mb4_unicode_ci DEFAULT NULL,
  `nilai_tapem` bigint(20) UNSIGNED DEFAULT NULL,
  `lokasi_file` varchar(191) COLLATE utf8mb4_unicode_ci DEFAULT NULL
) ENGINE=InnoDB DEFAULT CHARSET=utf8mb4 COLLATE=utf8mb4_unicode_ci;

-- --------------------------------------------------------

--
-- Struktur dari tabel `jenis_peraturan`
--

CREATE TABLE `jenis_peraturan` (
  `id` bigint(20) UNSIGNED NOT NULL,
  `nama` varchar(191) COLLATE utf8mb4_unicode_ci NOT NULL
) ENGINE=InnoDB DEFAULT CHARSET=utf8mb4 COLLATE=utf8mb4_unicode_ci;

--
-- Dumping data untuk tabel `jenis_peraturan`
--

INSERT INTO `jenis_peraturan` (`id`, `nama`) VALUES
(1, 'Undang-Undang'),
(2, 'Qanun'),
(3, 'Pergub'),
(4, 'Permen'),
(5, 'Keppres');

-- --------------------------------------------------------

--
-- Struktur dari tabel `jurnal_konsultasi`
--

CREATE TABLE `jurnal_konsultasi` (
  `konsultasi_id` bigint(20) UNSIGNED NOT NULL,
  `status_konsultasi_id` bigint(20) UNSIGNED NOT NULL,
  `administrator_id` bigint(20) UNSIGNED DEFAULT NULL,
  `created_at` timestamp NULL DEFAULT NULL,
  `updated_at` timestamp NULL DEFAULT NULL
) ENGINE=InnoDB DEFAULT CHARSET=utf8mb4 COLLATE=utf8mb4_unicode_ci;

--
-- Dumping data untuk tabel `jurnal_konsultasi`
--

INSERT INTO `jurnal_konsultasi` (`konsultasi_id`, `status_konsultasi_id`, `administrator_id`, `created_at`, `updated_at`) VALUES
(34, 1, NULL, '2022-06-28 04:34:36', '2022-06-28 04:34:36'),
(34, 3, NULL, '2022-06-29 04:18:23', '2022-06-29 04:18:23'),
(39, 1, NULL, '2022-07-02 00:34:54', '2022-07-02 00:34:54'),
(39, 4, NULL, '2022-07-02 00:39:42', '2022-07-02 00:39:42'),
(46, 1, NULL, '2022-07-04 10:02:03', '2022-07-04 10:02:03'),
(46, 5, NULL, '2022-07-04 10:05:20', '2022-07-04 10:05:20'),
(47, 1, NULL, '2022-07-04 10:21:19', '2022-07-04 10:21:19'),
(47, 5, NULL, '2022-07-04 10:24:16', '2022-07-04 10:24:16'),
(48, 1, NULL, '2022-07-04 12:16:00', '2022-07-04 12:16:00'),
(48, 4, NULL, '2022-07-04 12:16:36', '2022-07-04 12:16:36'),
(49, 1, NULL, '2022-07-05 03:07:57', '2022-07-05 03:07:57'),
(49, 4, NULL, '2022-07-05 03:25:35', '2022-07-05 03:25:35'),
(50, 1, NULL, '2022-07-05 21:00:59', '2022-07-05 21:00:59'),
(50, 2, NULL, '2022-07-05 21:01:30', '2022-07-05 21:01:30'),
(51, 1, NULL, '2022-07-05 21:01:19', '2022-07-05 21:01:19'),
(51, 4, NULL, '2022-07-05 21:02:42', '2022-07-05 21:02:42'),
(52, 1, NULL, '2022-07-05 21:02:01', '2022-07-05 21:02:01'),
(52, 2, NULL, '2022-07-07 08:52:35', '2022-07-07 08:52:35'),
(54, 1, NULL, '2022-07-11 22:33:31', '2022-07-11 22:33:31'),
(54, 3, NULL, '2022-07-15 08:47:11', '2022-07-15 08:47:11'),
(55, 1, NULL, '2022-07-16 02:09:07', '2022-07-16 02:09:07'),
(55, 5, NULL, '2022-07-16 02:09:45', '2022-07-16 02:09:45'),
(56, 1, NULL, '2022-07-16 02:36:21', '2022-07-16 02:36:21'),
(57, 1, NULL, '2022-07-16 03:15:57', '2022-07-16 03:15:57'),
(57, 5, NULL, '2022-07-19 10:37:16', '2022-07-19 10:37:16'),
(58, 1, NULL, '2022-07-16 06:28:35', '2022-07-16 06:28:35'),
(58, 5, NULL, '2022-07-16 06:50:34', '2022-07-16 06:50:34'),
(59, 1, NULL, '2022-07-27 22:07:16', '2022-07-27 22:07:16'),
(60, 1, NULL, '2022-07-28 00:21:26', '2022-07-28 00:21:26'),
(60, 5, NULL, '2022-07-28 01:15:41', '2022-07-28 01:15:41'),
(61, 1, NULL, '2022-07-28 00:23:01', '2022-07-28 00:23:01'),
(61, 5, NULL, '2022-07-28 01:07:26', '2022-07-28 01:07:26'),
(62, 1, NULL, '2022-07-28 20:54:54', '2022-07-28 20:54:54'),
(62, 5, NULL, '2022-07-28 20:57:08', '2022-07-28 20:57:08'),
(63, 1, NULL, '2022-08-02 20:44:03', '2022-08-02 20:44:03'),
(63, 5, NULL, '2022-08-02 20:46:25', '2022-08-02 20:46:25'),
(64, 1, NULL, '2022-08-03 19:37:05', '2022-08-03 19:37:05'),
(64, 4, NULL, '2022-08-08 04:06:04', '2022-08-08 04:06:04'),
(65, 1, NULL, '2022-08-22 02:27:57', '2022-08-22 02:27:57'),
(65, 5, NULL, '2022-08-22 02:31:52', '2022-08-22 02:31:52'),
(66, 1, NULL, '2022-08-23 21:43:37', '2022-08-23 21:43:37'),
(66, 4, NULL, '2022-08-23 21:45:16', '2022-08-23 21:45:16'),
(67, 1, NULL, '2022-08-23 23:33:29', '2022-08-23 23:33:29'),
(67, 2, 15, '2022-08-23 23:33:48', '2022-08-23 23:33:48'),
(68, 1, NULL, '2022-08-23 23:34:24', '2022-08-23 23:34:24'),
(68, 3, NULL, '2022-08-23 23:34:51', '2022-08-23 23:34:51'),
(69, 1, NULL, '2022-08-23 23:35:47', '2022-08-23 23:35:47'),
(69, 4, 15, '2022-08-23 23:36:25', '2022-08-23 23:36:25'),
(70, 1, NULL, '2022-08-23 23:37:11', '2022-08-23 23:37:11'),
(70, 5, NULL, '2022-08-23 23:37:52', '2022-08-23 23:37:52'),
(71, 1, NULL, '2022-08-24 09:33:40', '2022-08-24 09:33:40'),
(71, 5, NULL, '2022-08-24 09:51:55', '2022-08-24 09:51:55'),
(72, 1, NULL, '2022-08-24 16:14:11', '2022-08-24 16:14:11'),
(72, 5, NULL, '2022-08-24 16:23:07', '2022-08-24 16:23:07'),
(73, 1, NULL, '2022-08-24 16:24:16', '2022-08-24 16:24:16'),
(74, 1, NULL, '2022-08-24 16:25:47', '2022-08-24 16:25:47'),
(74, 5, NULL, '2022-08-24 16:49:44', '2022-08-24 16:49:44'),
(75, 1, NULL, '2022-08-24 16:26:21', '2022-08-24 16:26:21'),
(75, 5, NULL, '2022-08-24 16:28:55', '2022-08-24 16:28:55'),
(76, 1, NULL, '2022-08-24 16:27:53', '2022-08-24 16:27:53'),
(77, 1, NULL, '2022-08-24 16:28:49', '2022-08-24 16:28:49'),
(78, 1, NULL, '2022-08-24 16:29:51', '2022-08-24 16:29:51'),
(79, 1, NULL, '2022-08-24 16:31:41', '2022-08-24 16:31:41'),
(80, 1, NULL, '2022-08-24 16:33:43', '2022-08-24 16:33:43'),
(81, 1, NULL, '2022-08-24 16:35:26', '2022-08-24 16:35:26'),
(82, 1, NULL, '2022-08-24 16:36:25', '2022-08-24 16:36:25'),
(83, 1, NULL, '2022-08-24 16:37:10', '2022-08-24 16:37:10'),
(84, 1, NULL, '2022-08-24 16:38:32', '2022-08-24 16:38:32'),
(85, 1, NULL, '2022-08-24 16:39:40', '2022-08-24 16:39:40'),
(86, 1, NULL, '2022-08-24 16:40:22', '2022-08-24 16:40:22'),
(87, 1, NULL, '2022-08-24 16:45:41', '2022-08-24 16:45:41'),
(88, 1, NULL, '2022-08-24 16:46:27', '2022-08-24 16:46:27'),
(89, 1, NULL, '2022-08-24 16:48:21', '2022-08-24 16:48:21'),
(90, 1, NULL, '2022-08-24 16:49:08', '2022-08-24 16:49:08'),
(91, 1, NULL, '2022-08-24 16:49:53', '2022-08-24 16:49:53'),
(92, 1, NULL, '2022-08-24 16:51:36', '2022-08-24 16:51:36'),
(93, 1, NULL, '2022-08-24 16:52:25', '2022-08-24 16:52:25'),
(94, 1, NULL, '2022-08-24 16:53:48', '2022-08-24 16:53:48'),
(95, 1, NULL, '2022-08-24 16:55:38', '2022-08-24 16:55:38'),
(96, 1, NULL, '2022-08-24 16:56:37', '2022-08-24 16:56:37'),
(97, 1, NULL, '2022-08-24 16:59:49', '2022-08-24 16:59:49'),
(98, 1, NULL, '2022-08-24 17:01:34', '2022-08-24 17:01:34'),
(99, 1, NULL, '2022-08-24 17:02:21', '2022-08-24 17:02:21'),
(100, 1, NULL, '2022-08-24 17:03:05', '2022-08-24 17:03:05'),
(101, 1, NULL, '2022-08-24 17:06:09', '2022-08-24 17:06:09'),
(102, 1, NULL, '2022-08-24 17:07:33', '2022-08-24 17:07:33'),
(103, 1, NULL, '2022-08-24 17:08:43', '2022-08-24 17:08:43'),
(104, 1, NULL, '2022-08-24 17:09:32', '2022-08-24 17:09:32'),
(105, 1, NULL, '2022-08-24 17:10:23', '2022-08-24 17:10:23'),
(106, 1, NULL, '2022-08-24 17:11:12', '2022-08-24 17:11:12'),
(107, 1, NULL, '2022-08-24 17:11:55', '2022-08-24 17:11:55'),
(108, 1, NULL, '2022-08-24 17:12:33', '2022-08-24 17:12:33'),
(109, 1, NULL, '2022-08-24 17:13:10', '2022-08-24 17:13:10'),
(110, 1, NULL, '2022-08-24 17:14:00', '2022-08-24 17:14:00'),
(111, 1, NULL, '2022-08-24 17:15:00', '2022-08-24 17:15:00'),
(112, 1, NULL, '2022-08-24 17:15:41', '2022-08-24 17:15:41'),
(113, 1, NULL, '2022-08-24 17:16:21', '2022-08-24 17:16:21'),
(114, 1, NULL, '2022-08-24 17:17:13', '2022-08-24 17:17:13'),
(115, 1, NULL, '2022-08-24 17:17:44', '2022-08-24 17:17:44'),
(116, 1, NULL, '2022-08-24 17:18:19', '2022-08-24 17:18:19'),
(117, 1, NULL, '2022-08-24 17:18:58', '2022-08-24 17:18:58'),
(118, 1, NULL, '2022-08-24 17:19:31', '2022-08-24 17:19:31'),
(119, 1, NULL, '2022-08-24 17:20:30', '2022-08-24 17:20:30'),
(120, 1, NULL, '2022-08-24 17:21:10', '2022-08-24 17:21:10'),
(121, 1, NULL, '2022-08-24 17:21:45', '2022-08-24 17:21:45'),
(122, 1, NULL, '2022-08-24 17:22:18', '2022-08-24 17:22:18'),
(123, 1, NULL, '2022-08-24 17:23:06', '2022-08-24 17:23:06'),
(124, 1, NULL, '2022-08-24 17:23:43', '2022-08-24 17:23:43'),
(125, 1, NULL, '2022-08-24 17:24:39', '2022-08-24 17:24:39'),
(126, 1, NULL, '2022-08-24 17:25:15', '2022-08-24 17:25:15'),
(127, 1, NULL, '2022-08-24 17:25:46', '2022-08-24 17:25:46'),
(128, 1, NULL, '2022-08-24 17:26:20', '2022-08-24 17:26:20'),
(129, 1, NULL, '2022-08-24 17:26:58', '2022-08-24 17:26:58'),
(130, 1, NULL, '2022-08-24 17:43:14', '2022-08-24 17:43:14'),
(131, 1, NULL, '2022-08-24 17:44:07', '2022-08-24 17:44:07'),
(132, 1, NULL, '2022-08-24 17:44:52', '2022-08-24 17:44:52'),
(133, 1, NULL, '2022-08-24 17:45:37', '2022-08-24 17:45:37'),
(134, 1, NULL, '2022-08-24 17:46:10', '2022-08-24 17:46:10'),
(135, 1, NULL, '2022-08-24 17:47:12', '2022-08-24 17:47:12'),
(136, 1, NULL, '2022-08-24 17:48:20', '2022-08-24 17:48:20'),
(137, 1, NULL, '2022-08-24 17:49:17', '2022-08-24 17:49:17'),
(138, 1, NULL, '2022-08-24 17:50:08', '2022-08-24 17:50:08'),
(139, 1, NULL, '2022-08-24 17:51:18', '2022-08-24 17:51:18'),
(140, 1, NULL, '2022-08-24 17:53:21', '2022-08-24 17:53:21'),
(141, 1, NULL, '2022-08-24 17:54:05', '2022-08-24 17:54:05'),
(141, 5, NULL, '2022-08-26 23:50:03', '2022-08-26 23:50:03'),
(142, 1, NULL, '2022-08-24 17:54:51', '2022-08-24 17:54:51'),
(143, 1, NULL, '2022-08-24 17:56:14', '2022-08-24 17:56:14'),
(144, 1, NULL, '2022-08-24 17:57:03', '2022-08-24 17:57:03'),
(145, 1, NULL, '2022-08-24 17:57:57', '2022-08-24 17:57:57'),
(146, 1, NULL, '2022-08-24 17:59:12', '2022-08-24 17:59:12'),
(147, 1, NULL, '2022-08-24 18:00:02', '2022-08-24 18:00:02'),
(147, 5, NULL, '2022-08-24 18:50:42', '2022-08-24 18:50:42'),
(148, 1, NULL, '2022-08-24 18:00:53', '2022-08-24 18:00:53'),
(148, 5, NULL, '2022-08-24 18:31:19', '2022-08-24 18:31:19'),
(149, 1, NULL, '2022-08-24 18:02:21', '2022-08-24 18:02:21'),
(149, 4, 15, '2022-08-24 18:28:29', '2022-08-24 18:28:29'),
(150, 1, NULL, '2022-08-24 18:03:07', '2022-08-24 18:03:07'),
(150, 3, NULL, '2022-08-24 18:26:21', '2022-08-24 18:26:21'),
(151, 1, NULL, '2022-08-24 18:03:50', '2022-08-24 18:03:50'),
(151, 2, 15, '2022-08-24 18:24:28', '2022-08-24 18:24:28'),
(152, 1, NULL, '2022-08-24 18:05:05', '2022-08-24 18:05:05'),
(152, 5, NULL, '2022-08-24 18:20:22', '2022-08-24 18:20:22'),
(153, 1, NULL, '2022-08-24 18:05:54', '2022-08-24 18:05:54'),
(153, 5, NULL, '2022-08-24 18:17:33', '2022-08-24 18:17:33'),
(154, 1, NULL, '2022-08-24 18:06:42', '2022-08-24 18:06:42'),
(154, 5, NULL, '2022-08-24 18:13:15', '2022-08-24 18:13:15'),
(155, 1, NULL, '2022-08-24 18:07:23', '2022-08-24 18:07:23'),
(155, 5, NULL, '2022-08-24 18:11:27', '2022-08-24 18:11:27'),
(156, 1, NULL, '2022-08-24 18:47:30', '2022-08-24 18:47:30'),
(157, 1, NULL, '2022-08-24 18:48:57', '2022-08-24 18:48:57'),
(158, 1, NULL, '2022-08-24 18:50:53', '2022-08-24 18:50:53'),
(159, 1, NULL, '2022-08-24 18:52:02', '2022-08-24 18:52:02'),
(160, 1, NULL, '2022-08-24 18:58:59', '2022-08-24 18:58:59'),
(161, 1, NULL, '2022-08-24 19:01:07', '2022-08-24 19:01:07'),
(162, 1, NULL, '2022-08-24 19:02:21', '2022-08-24 19:02:21'),
(163, 1, NULL, '2022-08-24 19:03:32', '2022-08-24 19:03:32'),
(164, 1, NULL, '2022-08-24 20:11:53', '2022-08-24 20:11:53'),
(165, 1, NULL, '2022-08-24 20:13:29', '2022-08-24 20:13:29'),
(166, 1, NULL, '2022-08-24 20:14:47', '2022-08-24 20:14:47'),
(167, 1, NULL, '2022-08-24 20:16:20', '2022-08-24 20:16:20'),
(168, 1, NULL, '2022-08-24 20:17:39', '2022-08-24 20:17:39'),
(169, 1, NULL, '2022-08-24 20:18:45', '2022-08-24 20:18:45'),
(170, 1, NULL, '2022-08-24 20:19:46', '2022-08-24 20:19:46'),
(171, 1, NULL, '2022-08-24 20:20:51', '2022-08-24 20:20:51'),
(172, 1, NULL, '2022-08-24 20:22:48', '2022-08-24 20:22:48'),
(173, 1, NULL, '2022-08-24 20:24:29', '2022-08-24 20:24:29'),
(174, 1, NULL, '2022-08-24 20:27:15', '2022-08-24 20:27:15'),
(175, 1, NULL, '2022-08-24 20:28:33', '2022-08-24 20:28:33'),
(176, 1, NULL, '2022-08-24 20:29:37', '2022-08-24 20:29:37'),
(177, 1, NULL, '2022-08-24 20:31:02', '2022-08-24 20:31:02'),
(178, 1, NULL, '2022-08-24 20:38:22', '2022-08-24 20:38:22'),
(179, 1, NULL, '2022-08-24 20:39:29', '2022-08-24 20:39:29'),
(180, 1, NULL, '2022-08-24 20:48:56', '2022-08-24 20:48:56'),
(181, 1, NULL, '2022-08-24 20:53:10', '2022-08-24 20:53:10'),
(182, 1, NULL, '2022-08-24 20:56:31', '2022-08-24 20:56:31'),
(183, 1, NULL, '2022-08-24 20:57:28', '2022-08-24 20:57:28'),
(184, 1, NULL, '2022-08-24 20:59:02', '2022-08-24 20:59:02'),
(185, 1, NULL, '2022-08-24 21:00:12', '2022-08-24 21:00:12'),
(186, 1, NULL, '2022-08-24 21:01:15', '2022-08-24 21:01:15'),
(187, 1, NULL, '2022-08-24 21:02:22', '2022-08-24 21:02:22'),
(188, 1, NULL, '2022-08-24 21:03:36', '2022-08-24 21:03:36'),
(189, 1, NULL, '2022-08-24 21:14:14', '2022-08-24 21:14:14'),
(190, 1, NULL, '2022-08-24 21:15:41', '2022-08-24 21:15:41'),
(191, 1, NULL, '2022-08-24 21:17:10', '2022-08-24 21:17:10'),
(192, 1, NULL, '2022-08-24 21:19:13', '2022-08-24 21:19:13'),
(193, 1, NULL, '2022-08-24 22:01:47', '2022-08-24 22:01:47'),
(194, 1, NULL, '2022-08-24 22:02:50', '2022-08-24 22:02:50'),
(195, 1, NULL, '2022-08-24 22:04:01', '2022-08-24 22:04:01'),
(196, 1, NULL, '2022-08-24 22:04:59', '2022-08-24 22:04:59'),
(197, 1, NULL, '2022-08-24 22:06:16', '2022-08-24 22:06:16'),
(198, 1, NULL, '2022-08-24 22:07:28', '2022-08-24 22:07:28'),
(199, 1, NULL, '2022-08-24 22:09:07', '2022-08-24 22:09:07'),
(200, 1, NULL, '2022-08-24 22:10:15', '2022-08-24 22:10:15'),
(201, 1, NULL, '2022-08-24 22:11:00', '2022-08-24 22:11:00'),
(202, 1, NULL, '2022-08-24 22:13:06', '2022-08-24 22:13:06'),
(203, 1, NULL, '2022-08-25 00:22:13', '2022-08-25 00:22:13'),
(204, 1, NULL, '2022-08-25 00:29:18', '2022-08-25 00:29:18'),
(205, 1, NULL, '2022-08-25 00:31:29', '2022-08-25 00:31:29'),
(206, 1, NULL, '2022-08-25 00:33:16', '2022-08-25 00:33:16'),
(207, 1, NULL, '2022-08-25 00:35:27', '2022-08-25 00:35:27'),
(208, 1, NULL, '2022-08-25 00:37:06', '2022-08-25 00:37:06'),
(209, 1, NULL, '2022-08-25 00:39:13', '2022-08-25 00:39:13'),
(210, 1, NULL, '2022-08-25 00:40:27', '2022-08-25 00:40:27'),
(211, 1, NULL, '2022-08-25 01:01:59', '2022-08-25 01:01:59'),
(212, 1, NULL, '2022-08-25 01:03:36', '2022-08-25 01:03:36'),
(213, 1, NULL, '2022-08-25 01:06:35', '2022-08-25 01:06:35'),
(214, 1, NULL, '2022-08-25 01:33:24', '2022-08-25 01:33:24'),
(215, 1, NULL, '2022-08-25 01:34:18', '2022-08-25 01:34:18'),
(216, 1, NULL, '2022-08-25 01:35:12', '2022-08-25 01:35:12'),
(217, 1, NULL, '2022-08-25 01:36:05', '2022-08-25 01:36:05'),
(218, 1, NULL, '2022-08-25 01:38:03', '2022-08-25 01:38:03'),
(219, 1, NULL, '2022-08-25 01:38:54', '2022-08-25 01:38:54'),
(220, 1, NULL, '2022-08-25 01:39:52', '2022-08-25 01:39:52'),
(221, 1, NULL, '2022-08-25 01:41:09', '2022-08-25 01:41:09'),
(222, 1, NULL, '2022-08-25 01:43:46', '2022-08-25 01:43:46'),
(223, 1, NULL, '2022-08-25 01:47:06', '2022-08-25 01:47:06'),
(224, 1, NULL, '2022-08-25 01:49:19', '2022-08-25 01:49:19'),
(225, 1, NULL, '2022-08-25 01:53:14', '2022-08-25 01:53:14'),
(226, 1, NULL, '2022-08-25 01:55:53', '2022-08-25 01:55:53'),
(227, 1, NULL, '2022-08-25 01:57:18', '2022-08-25 01:57:18'),
(228, 1, NULL, '2022-08-25 01:58:56', '2022-08-25 01:58:56'),
(229, 1, NULL, '2022-08-25 02:00:06', '2022-08-25 02:00:06'),
(230, 1, NULL, '2022-08-25 02:01:10', '2022-08-25 02:01:10'),
(231, 1, NULL, '2022-08-25 02:05:16', '2022-08-25 02:05:16'),
(232, 1, NULL, '2022-08-25 02:06:33', '2022-08-25 02:06:33'),
(233, 1, NULL, '2022-08-25 02:07:30', '2022-08-25 02:07:30'),
(234, 1, NULL, '2022-08-25 02:08:32', '2022-08-25 02:08:32'),
(235, 1, NULL, '2022-08-25 02:09:28', '2022-08-25 02:09:28'),
(236, 1, NULL, '2022-08-25 02:10:48', '2022-08-25 02:10:48'),
(237, 1, NULL, '2022-08-25 02:12:54', '2022-08-25 02:12:54'),
(238, 1, NULL, '2022-08-25 02:17:56', '2022-08-25 02:17:56'),
(239, 1, NULL, '2022-08-25 02:18:51', '2022-08-25 02:18:51'),
(240, 1, NULL, '2022-08-25 02:22:49', '2022-08-25 02:22:49'),
(241, 1, NULL, '2022-08-25 02:24:34', '2022-08-25 02:24:34'),
(242, 1, NULL, '2022-08-26 07:30:16', '2022-08-26 07:30:16'),
(243, 1, NULL, '2022-08-26 07:30:51', '2022-08-26 07:30:51'),
(243, 4, 15, '2022-08-26 07:31:59', '2022-08-26 07:31:59');

-- --------------------------------------------------------

--
-- Struktur dari tabel `kabupaten`
--

CREATE TABLE `kabupaten` (
  `id` bigint(20) UNSIGNED NOT NULL,
  `nama` varchar(191) COLLATE utf8mb4_unicode_ci NOT NULL
) ENGINE=InnoDB DEFAULT CHARSET=utf8mb4 COLLATE=utf8mb4_unicode_ci;

--
-- Dumping data untuk tabel `kabupaten`
--

INSERT INTO `kabupaten` (`id`, `nama`) VALUES
(1, 'Aceh Selatan'),
(2, 'Aceh Tenggara'),
(3, 'Aceh Timur'),
(4, 'Aceh Tengah'),
(5, 'Aceh Barat'),
(6, 'Aceh Besar'),
(7, 'Pidie'),
(8, 'Aceh Utara'),
(9, 'Simeulue'),
(10, 'Aceh Singkil'),
(11, 'Bireueun'),
(12, 'Aceh Barat Daya'),
(13, 'Gayo Lues'),
(14, 'Aceh Jaya'),
(15, 'Nagan Raya'),
(16, 'Aceh Tamiang'),
(17, 'Bener Meriah'),
(18, 'Pidie Jaya'),
(19, 'Banda Aceh'),
(20, 'Sabang'),
(21, 'Lhokseumawe'),
(22, 'Langsa'),
(23, 'Subulussalam');

-- --------------------------------------------------------

--
-- Struktur dari tabel `kecamatan`
--

CREATE TABLE `kecamatan` (
  `id` bigint(20) UNSIGNED NOT NULL,
  `kabupaten_id` bigint(20) UNSIGNED NOT NULL,
  `nama` varchar(191) COLLATE utf8mb4_unicode_ci NOT NULL,
  `status_program` varchar(10) COLLATE utf8mb4_unicode_ci DEFAULT NULL
) ENGINE=InnoDB DEFAULT CHARSET=utf8mb4 COLLATE=utf8mb4_unicode_ci;

--
-- Dumping data untuk tabel `kecamatan`
--

INSERT INTO `kecamatan` (`id`, `kabupaten_id`, `nama`, `status_program`) VALUES
(1, 1, 'Bakongan ', NULL),
(2, 1, 'Kluet Utara', NULL),
(3, 1, 'Kluet Selatan', NULL),
(4, 1, 'Labuhan Haji', NULL),
(5, 1, 'Meukek', NULL),
(6, 1, 'Samadua', NULL),
(7, 1, 'Sawang', NULL),
(8, 1, 'Tapaktuan', NULL),
(9, 1, 'Trumon', NULL),
(10, 1, 'Pasie Raja', NULL),
(11, 1, 'Labuhanhaji Timur', NULL),
(12, 1, 'Labuhanhaji Barat', NULL),
(13, 1, 'Kluet Tengah', NULL),
(14, 1, 'Kluet Timur', NULL),
(15, 1, 'Bakongan Timur', NULL),
(16, 1, 'Trumon Timur', NULL),
(17, 1, 'Kota Bahagia', NULL),
(18, 1, 'Trumon Tengah', NULL),
(19, 2, 'Lawe Alas', NULL),
(20, 2, 'Lawe Sigala-gala', NULL),
(21, 2, 'Bambel', NULL),
(22, 2, 'Babussalam', NULL),
(23, 2, 'Badar', NULL),
(24, 2, 'Babul Makmur', NULL),
(25, 2, 'Darul Hasanah', NULL),
(26, 2, 'Lawe Bulan', NULL),
(27, 2, 'Bukit Tusan', NULL),
(28, 2, 'Semadam', NULL),
(29, 2, 'Babul Rahmah', NULL),
(30, 2, 'Ketambe', NULL),
(31, 2, 'Deleng Pokhisen', NULL),
(32, 2, 'Lawe Sumur', NULL),
(33, 2, 'Tanoh Alas', NULL),
(34, 2, 'Leuser', NULL),
(35, 3, 'Darul Aman', NULL),
(36, 3, 'Julok', NULL),
(37, 3, 'Idi Rayeuk', NULL),
(38, 3, 'Birem Bayeum', NULL),
(39, 3, 'Serbajadi', NULL),
(40, 3, 'Nurussalam', NULL),
(41, 3, 'Peureulak', NULL),
(42, 3, 'Rantau Selamat', NULL),
(43, 3, 'Simpang Ulim', NULL),
(44, 3, 'Ranto Peureulak', NULL),
(45, 3, 'Pantee Bidari', NULL),
(46, 3, 'Madat', NULL),
(47, 3, 'Indra Makmu', NULL),
(48, 3, 'Idi Tunong', NULL),
(49, 3, 'Banda Alam', NULL),
(50, 3, 'Peudawa', NULL),
(51, 3, 'Peureulak Timu', NULL),
(52, 3, 'Peureulak Barat', NULL),
(53, 3, 'Sungai Raya', NULL),
(54, 3, 'Simpang Jernih', NULL),
(55, 3, 'Darul Ihsan', NULL),
(56, 3, 'Darul Falah', NULL),
(57, 3, 'Idi Timur', NULL),
(58, 3, 'Peunaron', NULL),
(59, 4, 'Linge', NULL),
(60, 4, 'Silih Nara', NULL),
(61, 4, 'Bebesen', NULL),
(62, 4, 'Pegasing', NULL),
(63, 4, 'Bintang', NULL),
(64, 4, 'Ketol', NULL),
(65, 4, 'Kebayakan', NULL),
(66, 4, 'Kute Panang', NULL),
(67, 4, 'Celala', NULL),
(68, 4, 'Lut Tawar', NULL),
(69, 4, 'Atu Lintang', NULL),
(70, 4, 'Jagong Jeget', NULL),
(71, 4, 'Bies', NULL),
(72, 4, 'Rusip Antara', NULL),
(73, 5, 'Johan Pahlawan', 'aktif'),
(74, 5, 'Kawai Xvi', NULL),
(75, 5, 'Panton Reu', NULL),
(76, 5, 'Sungai Mas', NULL),
(77, 5, 'Woyla', NULL),
(78, 5, 'Samatiga', NULL),
(79, 5, 'Bubon', NULL),
(80, 5, 'Arongan Lambalek', NULL),
(81, 5, 'Pante Ceureumen', 'aktif'),
(82, 5, 'Meureubo', NULL),
(83, 5, 'Woyla Barat', NULL),
(84, 5, 'Woyla Timur', NULL),
(85, 5, ' ', NULL),
(86, 6, 'Lhoong', NULL),
(87, 6, 'Lhoknga', NULL),
(88, 6, 'Indrapuri', NULL),
(89, 6, 'Seulimeum', NULL),
(90, 6, 'Montasik', NULL),
(91, 6, 'Sukamakmur', NULL),
(92, 6, 'Darul Imarah', NULL),
(93, 6, 'Peukan Bada', NULL),
(94, 6, 'Mesjid Raya', NULL),
(95, 6, 'Ingin Jaya', NULL),
(96, 6, 'Kuta Baro', NULL),
(97, 6, 'Darussalam', NULL),
(98, 6, 'Pulo Aceh', NULL),
(99, 6, 'Lembah Seulawah', NULL),
(100, 6, 'Kota Jantho', NULL),
(101, 6, 'Kuta Cot Glie', NULL),
(102, 6, 'Kuta Malaka', NULL),
(103, 6, 'Simpang Tiga', NULL),
(104, 6, 'Darul Kamal', NULL),
(105, 6, 'Baitussalam', NULL),
(106, 6, 'Krueng Barona Jaya', NULL),
(107, 6, 'Leupung', NULL),
(108, 6, 'Blang Bintang', NULL),
(109, 7, 'Bate', NULL),
(110, 7, 'Delima', NULL),
(111, 7, 'Geumpang', NULL),
(112, 7, 'Geulumpang Tiga', NULL),
(113, 7, 'Indra Jaya', NULL),
(114, 7, 'Kembang Tanjong', NULL),
(115, 7, 'Kota Sigli', NULL),
(116, 7, 'Mila', NULL),
(117, 7, 'Muara Tiga', NULL),
(118, 7, 'Mutiara', NULL),
(119, 7, 'Padang Tiji', NULL),
(120, 7, 'Peukan Baro', NULL),
(121, 7, 'Pidie', NULL),
(122, 7, 'Sakti', NULL),
(123, 7, 'Simpang Tiga', NULL),
(124, 7, 'Tangse', NULL),
(125, 7, 'Tiro/truseb', NULL),
(126, 7, 'Keumala', NULL),
(127, 7, 'Titeue', NULL),
(128, 7, 'Mutiara Timur', NULL),
(129, 7, 'Grong-grong', NULL),
(130, 7, 'Mane', NULL),
(131, 7, 'Glumpang Baro', NULL),
(132, 8, 'Baktya', NULL),
(133, 8, 'Dewantara', NULL),
(134, 8, 'Kuta Makmur', NULL),
(135, 8, 'Lhoksukon', NULL),
(136, 8, 'Matang Kuli', NULL),
(137, 8, 'Muara Batu', NULL),
(138, 8, 'Meurah Mulia', NULL),
(139, 8, 'Samudera', NULL),
(140, 8, 'Seunuddon', NULL),
(141, 8, 'Syamtalira Aron', NULL),
(142, 8, 'Syamtalira Bayu', NULL),
(143, 8, 'Tanah Luas', NULL),
(144, 8, 'Tanah Pasir', NULL),
(145, 8, 'Tanah Jambo Aye', NULL),
(146, 8, 'Sawang', NULL),
(147, 8, 'Nisam', NULL),
(148, 8, 'Cot Girek', NULL),
(149, 8, 'Langkahan', NULL),
(150, 8, 'Baktiya Barat', NULL),
(151, 8, 'Paya Bakong', NULL),
(152, 8, 'Nibong', NULL),
(153, 8, 'Simpang Keuramat', NULL),
(154, 8, 'Lapang', NULL),
(155, 8, 'Pirak Timu', NULL),
(156, 8, 'Geureudong Pase', NULL),
(157, 8, 'Banda Baro', NULL),
(158, 8, 'Nisam Antara', NULL),
(159, 9, 'Simeulue Tengah', NULL),
(160, 9, 'Salang', NULL),
(161, 9, 'Teupah Barat', NULL),
(162, 9, 'Simeulue Timur', NULL),
(163, 9, 'Teluk Dalam', NULL),
(164, 9, 'Simeulue Barat', NULL),
(165, 9, 'Teupah Selatan', NULL),
(166, 9, 'Alafan', NULL),
(167, 9, 'Teupah Tengah', NULL),
(168, 9, 'Simeulue Cut', NULL),
(169, 10, 'Pulau Banyak', NULL),
(170, 10, 'Simpang Kanan', NULL),
(171, 10, 'Singkil', NULL),
(172, 10, 'Gunung Meriah', NULL),
(173, 10, 'Kota Baharu', NULL),
(174, 10, 'Singkil Utara', NULL),
(175, 10, 'Danau Paris', NULL),
(176, 10, 'Suro', NULL),
(177, 10, 'Singkohor', NULL),
(178, 10, 'Kuala Baru', NULL),
(179, 10, 'Pulau Banyak', NULL),
(180, 11, 'Samalanga', 'aktif'),
(181, 11, 'Jeunieb', NULL),
(182, 11, 'Peudada', NULL),
(183, 11, 'Jeumpa', 'aktif'),
(184, 11, 'Peusangan', NULL),
(185, 11, 'Makmur', NULL),
(186, 11, 'Gandapura', NULL),
(187, 11, 'Pandrah', NULL),
(188, 11, 'Juli', NULL),
(189, 11, 'Jangka', NULL),
(190, 11, 'Simpang Mamplam', NULL),
(191, 11, 'Peulimbang', NULL),
(192, 11, 'Kota Juang', NULL),
(193, 11, 'Kuala', NULL),
(194, 11, 'Peusangan Siblah Krueng', NULL),
(195, 11, 'Peusangan Selatan ', NULL),
(196, 11, 'Kuta Blang', NULL),
(197, 12, 'Blangpidie', NULL),
(198, 12, 'Tangan-tangan', NULL),
(199, 12, 'Manggeng', NULL),
(200, 12, 'Susoh', NULL),
(201, 12, 'Kuala Batee', NULL),
(202, 12, 'Babarot', NULL),
(203, 12, 'Setia', NULL),
(204, 12, 'Jeumpa', NULL),
(205, 12, 'Lembah Sabil', NULL),
(206, 13, 'Blangkejeren', NULL),
(207, 13, 'Kuta Panjang', NULL),
(208, 13, 'Rikir Gaib', NULL),
(209, 13, 'Terangun', NULL),
(210, 13, 'Pining', NULL),
(211, 13, 'Blangpegayon', NULL),
(212, 13, 'Puteri Betung', NULL),
(213, 13, 'Dabun Gelang', NULL),
(214, 13, 'Blangjerango', NULL),
(215, 13, 'Tripe Jaya', NULL),
(216, 13, 'Pantai Cuaca', NULL),
(217, 14, 'Teunom', NULL),
(218, 14, 'Krueng Sabee', NULL),
(219, 14, 'Setia Bakti', NULL),
(220, 14, 'Sampoiniet', NULL),
(221, 14, 'Jaya', NULL),
(222, 14, 'Panga', NULL),
(223, 14, 'Indra Jaya', NULL),
(224, 14, 'Darul Hikmah', NULL),
(225, 14, 'Pasie Raya', NULL),
(226, 15, 'Kuala', NULL),
(227, 15, 'Seunagan', NULL),
(228, 15, 'Seunagan Timur', NULL),
(229, 15, 'Beutong', NULL),
(230, 15, 'Darul Makmur', NULL),
(231, 15, 'Suka Makmue', NULL),
(232, 15, 'Kuala Pesisir', NULL),
(233, 15, 'Tadu Raya', NULL),
(234, 15, 'Tripa Makmur', NULL),
(235, 15, 'Beutong Ateuh Banggalang', NULL),
(236, 16, 'Manyak Payed', NULL),
(237, 16, 'Bendahara', NULL),
(238, 16, 'Banda Mulia', NULL),
(239, 16, 'Karang Baru', NULL),
(240, 16, 'Sekerak', NULL),
(241, 16, 'Seruway', NULL),
(242, 16, 'Kota Kualasimpang', NULL),
(243, 16, 'Kejuruan Muda', NULL),
(244, 16, 'Tenggulun', NULL),
(245, 16, 'Tamiang Hulu', NULL),
(246, 16, 'Bandar Pusaka', NULL),
(247, 16, 'Rantau', NULL),
(248, 17, 'Pintu Rime Gayo', 'aktif'),
(249, 17, 'Permata', NULL),
(250, 17, 'Syiah Utama', NULL),
(251, 17, 'Bandar', NULL),
(252, 17, 'Bukit', 'aktif'),
(253, 17, 'Wih Pesam', NULL),
(254, 17, 'Timang Gajah', NULL),
(255, 17, 'Bener Kelipah', NULL),
(256, 17, 'Mesidah', NULL),
(257, 17, 'Gajah Putih', NULL),
(258, 18, 'Meureudu', NULL),
(259, 18, 'Ulim', NULL),
(260, 18, 'Jangka Buya', NULL),
(261, 18, 'Bandar Dua', NULL),
(262, 18, 'Ulim', NULL),
(263, 18, 'Jangka Buya', NULL),
(264, 18, 'Bandar Dua', NULL),
(265, 18, 'Ulim', NULL),
(266, 19, 'Baiturrahman', NULL),
(267, 19, 'Kuta Alam', NULL),
(268, 19, 'Meuraxa', NULL),
(269, 19, 'Syiah Kuala', NULL),
(270, 19, 'Lueng Bata', NULL),
(271, 19, 'Kuta Raja', NULL),
(272, 19, 'Banda Raya', NULL),
(273, 19, 'Jaya Baru', NULL),
(274, 19, 'Ulee Kareng', NULL),
(275, 20, 'Sukakarya', NULL),
(276, 20, 'Sukajaya', NULL),
(277, 21, 'Muara Dua', NULL),
(278, 21, 'Banda Sakti', NULL),
(279, 21, 'Blang Mangat', NULL),
(280, 21, 'Muara Satu', NULL),
(281, 22, 'Langsa Timur', NULL),
(282, 22, 'Langsa Lama', NULL),
(283, 22, 'Langsa Barat', NULL),
(284, 22, 'Langsa Baro', NULL),
(285, 22, 'Langsa Kota', NULL),
(286, 23, 'Simpang Kiri', NULL),
(287, 23, 'Penanggalan', NULL),
(288, 23, 'Rundeng', NULL),
(289, 23, 'Sultan Daulat', NULL),
(290, 23, 'Longkib', NULL);

-- --------------------------------------------------------

--
-- Struktur dari tabel `kemukiman`
--

CREATE TABLE `kemukiman` (
  `id` bigint(20) UNSIGNED NOT NULL,
  `kecamatan_id` bigint(20) UNSIGNED NOT NULL,
  `nama` varchar(191) COLLATE utf8mb4_unicode_ci NOT NULL,
  `imum` varchar(191) COLLATE utf8mb4_unicode_ci DEFAULT NULL
) ENGINE=InnoDB DEFAULT CHARSET=utf8mb4 COLLATE=utf8mb4_unicode_ci;

--
-- Dumping data untuk tabel `kemukiman`
--

INSERT INTO `kemukiman` (`id`, `kecamatan_id`, `nama`, `imum`) VALUES
(1, 1, 'Ujong Padang', NULL),
(2, 1, 'Keude Bakongan', NULL),
(3, 2, 'Kuala Ba\'u', NULL),
(4, 2, 'Sejahtera', NULL),
(5, 2, 'Asahan', NULL),
(6, 3, 'Utama', NULL),
(7, 3, 'Kandang', NULL),
(8, 3, 'Jaya', NULL),
(9, 4, 'Pisang Baru', NULL),
(10, 4, 'Pawoh Apha', NULL),
(11, 4, 'Padang Bakau', NULL),
(12, 5, 'Ujong', NULL),
(13, 5, 'Teungoh', NULL),
(14, 5, 'Bahagia', NULL),
(15, 5, 'Ateuh', NULL),
(16, 6, 'Kasik Putih', NULL),
(17, 6, 'Suaq', NULL),
(18, 6, 'Sedar', NULL),
(19, 6, 'Panton Luas', NULL),
(20, 7, 'Alue Paku', NULL),
(21, 7, 'Trieng Meuduro', NULL),
(22, 7, 'Lhok Pawoh', NULL),
(23, 7, 'Sikulat', NULL),
(24, 8, 'Hulu', NULL),
(25, 8, 'Hilir', NULL),
(26, 9, 'Buloh Seuma', NULL),
(27, 9, 'Kuta Tuha', NULL),
(28, 10, 'Rasian', NULL),
(29, 10, 'Terbangan', NULL),
(30, 11, 'Keumumu', NULL),
(31, 11, 'Peulumat', NULL),
(32, 12, 'Kuta Trieng', NULL),
(33, 12, 'Blang Baru', NULL),
(34, 12, 'Blang Keujeren', NULL),
(35, 13, 'Menggamat', NULL),
(36, 14, 'Makmur', NULL),
(37, 14, 'Perdamaian', NULL),
(38, 15, 'Seubadeh', NULL),
(39, 16, 'Krueng Luas', NULL),
(40, 17, 'Ujong Tanah', NULL),
(41, 17, 'Beutong', NULL),
(42, 19, 'Engkeran', NULL),
(43, 19, 'Ladang Misik', NULL),
(44, 19, 'Biak Mentelang', NULL),
(45, 19, 'Penungkunen', NULL),
(46, 20, 'Sepakat', NULL),
(47, 20, 'Lawe tua', NULL),
(48, 20, 'Suka Damai', NULL),
(49, 20, 'Kute Tengah', NULL),
(50, 21, 'Sekedang', NULL),
(51, 21, 'Munthe', NULL),
(52, 21, 'Beruh', NULL),
(53, 21, 'Al-Whusta', NULL),
(54, 22, 'Jaya Sakti', NULL),
(55, 22, 'Selian', NULL),
(56, 22, 'Dese', NULL),
(57, 23, 'Cibro', NULL),
(58, 23, 'Anugerah Jaya', NULL),
(59, 23, 'Kodrat Alas', NULL),
(60, 24, 'Lawe Desky', NULL),
(61, 24, 'Tanoh Alas', NULL),
(62, 24, 'Ukhat Paseluk', NULL),
(63, 25, 'Kembang Kertan', NULL),
(64, 25, 'Darul Makmur', NULL),
(65, 25, 'Seri Muda', NULL),
(66, 26, 'Pelis', NULL),
(67, 26, 'Perintis', NULL),
(68, 26, 'Bunga Tanjong', NULL),
(69, 27, 'Darul Hayat', NULL),
(70, 27, 'Al-huda', NULL),
(71, 27, 'Bechu Dihe', NULL),
(72, 28, 'Simpang Semadam', NULL),
(73, 28, 'Salman', NULL),
(74, 28, 'Istiqomah', NULL),
(75, 29, 'Penembak Alas', NULL),
(76, 29, 'Babussalam', NULL),
(77, 29, 'Kompas Jaya', NULL),
(78, 30, 'Lawe Mencirm', NULL),
(79, 30, 'Tuah Negeri', NULL),
(80, 30, 'Selayakh', NULL),
(81, 31, 'Alas Maju', NULL),
(82, 31, 'Lawe Kisam', NULL),
(83, 31, 'Mandiri', NULL),
(84, 32, 'Khaje Bambel', NULL),
(85, 32, 'Permata', NULL),
(86, 32, 'Baitul Hikmah', NULL),
(87, 33, 'Nurul Huda', NULL),
(88, 33, 'Gaye Sendah', NULL),
(89, 33, 'Payung Mesikhat', NULL),
(90, 34, 'Darul Arafah', NULL),
(91, 34, 'Reformasi', NULL),
(92, 34, 'Gukhu Mbelin', NULL),
(93, 35, 'Pulo Baro', NULL),
(94, 35, 'Rambong', NULL),
(95, 35, 'Kuta Idi cut', NULL),
(96, 35, 'pulo Blang', NULL),
(97, 35, 'Pulo Pineung', NULL),
(98, 35, 'Caleue', NULL),
(99, 36, 'Pante Geulima', NULL),
(100, 36, 'Labuhan', NULL),
(101, 36, 'Indra Caya', NULL),
(102, 36, 'Julok Cut', NULL),
(103, 37, 'Kuta', NULL),
(104, 37, 'teupin Batee', NULL),
(105, 37, 'Gureb Blang', NULL),
(106, 38, 'Birem Bayeum', NULL),
(107, 38, 'Birem Barat', NULL),
(108, 38, 'Birem Timu', NULL),
(109, 39, 'Tualang', NULL),
(110, 39, 'Jering', NULL),
(111, 39, 'Bunin', NULL),
(112, 40, 'Kuta Bagok', NULL),
(113, 40, 'Bugeng', NULL),
(114, 40, 'Ulee Glee', NULL),
(115, 40, 'Matang Panyang', NULL),
(116, 41, 'Peureulak', NULL),
(117, 41, 'Kuta Cot', NULL),
(118, 41, 'Banda Khalifah', NULL),
(119, 41, 'Rambong Payong', NULL),
(120, 41, 'Blang Simpo', NULL),
(121, 42, 'Bayeun', NULL),
(122, 42, 'Rantau Panyang', NULL),
(123, 43, 'Simpang Ulim', NULL),
(124, 43, 'Blang nie', NULL),
(125, 43, 'Pucok Alue', NULL),
(126, 44, 'Rantau Panyang', NULL),
(127, 44, 'Snb Baro', NULL),
(128, 44, 'Nurul A\'la', NULL),
(129, 45, 'Blang Seunong', NULL),
(130, 45, 'Lhok Nibong', NULL),
(131, 45, 'Paya Demam', NULL),
(132, 46, 'Madat', NULL),
(133, 46, 'Bintah', NULL),
(134, 46, 'Lueng', NULL),
(135, 46, 'Matang Keupula', NULL),
(136, 47, 'Indra Makmu', NULL),
(137, 47, 'Indra Makmu Timu', NULL),
(138, 48, 'Blang Siguci', NULL),
(139, 48, 'Keumuneng', NULL),
(140, 48, 'Kuta Baro', NULL),
(141, 49, 'Dama Puteh', NULL),
(142, 50, 'Peudawa Rayeuk', NULL),
(143, 51, 'Alue Lhok', NULL),
(144, 51, 'Alue Nireh', NULL),
(145, 51, 'Teuku Chik Lamkapang', NULL),
(146, 52, 'Kuta Dayah', NULL),
(147, 52, 'Tgk. Digeudham', NULL),
(148, 53, 'Sungai Raya', NULL),
(149, 54, 'simpang Jernih', NULL),
(150, 55, 'Keude Dua', NULL),
(151, 55, 'Lhok Tujoh ', NULL),
(152, 56, 'Ulee Gajah', NULL),
(153, 57, 'Seuneubok Meuku', NULL),
(154, 57, 'Peudawa Puntong', NULL),
(155, 58, 'Buntul Reje', NULL),
(156, 59, 'Winhi Dusun Jamat', NULL),
(157, 59, 'Glung Prajah', NULL),
(158, 59, 'Singgah Mata', NULL),
(159, 59, 'Isaq', NULL),
(160, 60, 'Silih Nara', NULL),
(161, 61, 'Bebesen', NULL),
(162, 62, 'Pegasing', NULL),
(163, 63, 'Nosar', NULL),
(164, 63, 'Bintang', NULL),
(165, 64, 'Ketol', NULL),
(166, 65, 'Kebayakan', NULL),
(167, 66, 'Ratawali', NULL),
(168, 67, 'Celala', NULL),
(169, 68, 'Laut Tawar', NULL),
(170, 68, 'Kota', NULL),
(171, 69, 'Burni Reje Linge', NULL),
(172, 70, 'Gedum Malik', NULL),
(173, 71, 'Musara Bies', NULL),
(174, 72, 'Pameu', NULL),
(175, 72, 'Cahaya Harapan', NULL),
(176, 73, 'Ujong Kalak', NULL),
(177, 73, 'Balee Puteh', NULL),
(178, 73, 'Tgk. Chik dirundeng', NULL),
(179, 73, 'Putroe ijo', NULL),
(180, 74, 'Peureumeu', NULL),
(181, 74, 'Pasi Jeumpa', NULL),
(182, 74, 'Tanjong Meulaboh', NULL),
(183, 75, 'Mugo', NULL),
(184, 75, 'Meuko', NULL),
(185, 75, 'Babah Krueng Manggie', NULL),
(186, 76, 'Tungkop', NULL),
(187, 76, 'Darul Ihsan', NULL),
(188, 77, 'Kuala Bhee', NULL),
(189, 77, 'Keulembah', NULL),
(190, 77, 'Cot Murong', NULL),
(191, 78, 'Pasie', NULL),
(192, 78, 'Mesjid Tuha', NULL),
(193, 78, 'Meuneubok', NULL),
(194, 78, 'Krueng tinggai', NULL),
(195, 78, 'Mesjid Baro', NULL),
(196, 78, 'Lhok Bubon', NULL),
(197, 79, 'Gunong Panah', NULL),
(198, 79, 'Kuta Padang', NULL),
(199, 79, 'Suak Pangkat', NULL),
(200, 80, 'Arongan', NULL),
(201, 80, 'Lambalek', NULL),
(202, 81, 'Meunuang Kinco', NULL),
(203, 81, 'Lango', NULL),
(204, 81, 'Manjeng', NULL),
(205, 81, 'Gunoeng Meuh', NULL),
(206, 82, 'Ranto Panyang', NULL),
(207, 82, 'Meureubo', NULL),
(208, 83, 'Lhok Malee', NULL),
(209, 83, 'Bakat', NULL),
(210, 84, 'Woyla Tunong', NULL),
(211, 84, 'Krueng Bhee', NULL),
(212, 86, 'Lhoong', NULL),
(213, 86, 'Blang Mee', NULL),
(214, 86, 'Cot Jeumpa', NULL),
(215, 87, 'Lamlhom', NULL),
(216, 87, 'Kueh', NULL),
(217, 87, 'Lhoknga', NULL),
(218, 88, 'Jruek', NULL),
(219, 88, 'Empee Ara', NULL),
(220, 88, 'Reukih', NULL),
(221, 89, 'Lam Teuba', NULL),
(222, 89, 'Lam Kabeu', NULL),
(223, 89, 'Seulimeum', NULL),
(224, 90, 'Sibreh', NULL),
(225, 90, 'piyeung', NULL),
(226, 90, 'Bukit Baro', NULL),
(227, 90, 'Montasik', NULL),
(228, 91, 'Sungai Limpah', NULL),
(229, 91, 'Aneuk Batee', NULL),
(230, 91, 'Lamlheu', NULL),
(231, 91, 'Sibreh', NULL),
(232, 92, 'Daroy/Jeumpet', NULL),
(233, 92, 'Lam Ara', NULL),
(234, 92, 'Ulee Susu', NULL),
(235, 92, 'Lamreung', NULL),
(236, 93, 'Lam Teungoh', NULL),
(237, 93, 'Lam Pangeu', NULL),
(238, 94, 'Lamnga', NULL),
(239, 94, 'Krueng Raya', NULL),
(240, 95, 'Lamjampok', NULL),
(241, 95, 'Pagar Air', NULL),
(242, 95, 'Gani', NULL),
(243, 95, 'Lubok', NULL),
(244, 95, 'Lamgarot', NULL),
(245, 96, 'Lamblang', NULL),
(246, 96, 'Leupung', NULL),
(247, 96, 'Bung Cala', NULL),
(248, 97, 'Siem', NULL),
(249, 97, 'Tungkop', NULL),
(250, 97, 'Lambaro Angan', NULL),
(251, 98, 'Pulo Breuh Selatan', NULL),
(252, 98, 'Pulo Breuh Utara', NULL),
(253, 99, 'Gunung Biram', NULL),
(254, 100, 'Glee Yeung', NULL),
(255, 100, 'Jantho', NULL),
(256, 101, 'Glee Yeung', NULL),
(257, 102, 'Samahani', NULL),
(258, 103, 'Simpang Tiga', NULL),
(259, 104, 'Biluy', NULL),
(260, 105, 'Klieng', NULL),
(261, 105, 'Silang Cadek', NULL),
(262, 106, 'Ulee Kareeng', NULL),
(263, 107, 'Leupung', NULL),
(264, 108, 'Melayo', NULL),
(265, 108, 'Cot Saluran', NULL),
(266, 108, 'Sungai Makmur', NULL),
(267, 132, 'Panteu Breuh', NULL),
(268, 132, 'Alu Ie Puteh', NULL),
(269, 133, 'Cot Murong', NULL),
(270, 134, 'Buloh Blang Ara', NULL),
(271, 139, 'Madan', NULL),
(272, 139, 'Blang Mee', NULL),
(273, 139, 'Langgahan', NULL),
(274, 154, 'Pirak Timu', NULL),
(275, 154, 'Matangkuli Timu', NULL),
(276, 165, 'Devayan', NULL),
(277, 167, 'Delok Kulungan', NULL),
(278, 167, 'Delok Antengan', NULL),
(279, 169, 'Haloban', NULL),
(280, 169, 'Pulau Salapan', NULL),
(281, 170, 'Kuta Batu', NULL),
(282, 170, 'Silatong', NULL),
(283, 171, 'Pemuka', NULL),
(284, 171, 'Rantau Gedang', NULL),
(285, 172, 'Punaga', NULL),
(286, 173, 'Kota Baharu', NULL),
(287, 174, 'Gosong Telaga', NULL),
(288, 175, 'Biskang', NULL),
(289, 176, 'Suro Baru', NULL),
(290, 177, 'Singkohor [Mukim Persiapan]', NULL),
(291, 178, 'Kuala Baru', NULL),
(292, 179, 'Haloban', NULL),
(293, 190, 'Plimbang', NULL),
(294, 190, 'Po-Teumeureuhom', NULL),
(295, 190, 'Batee Kureng', NULL),
(296, 197, 'Kuta Tinggi', NULL),
(297, 197, 'Guhang', NULL),
(298, 199, 'Sejahtera', NULL),
(299, 199, 'Blang Manggeng', NULL),
(300, 199, 'Ayah Gadeng', NULL),
(301, 200, 'Rawa', NULL),
(302, 200, 'Pinang', NULL),
(303, 200, 'Durian Rampak', NULL),
(304, 201, 'Kuta Bahagia', NULL),
(305, 202, 'Pante Rakyat', NULL),
(306, 203, 'Setia', NULL),
(307, 204, 'Kuta Jeumpa', NULL),
(308, 205, 'Suak Beurembang', NULL),
(309, 217, 'Sarah Raya', NULL),
(310, 217, 'Pasie Tubee', NULL),
(311, 217, 'Paya Baro', NULL),
(312, 217, 'Keude Tunom', NULL),
(313, 218, 'Krueng Sabee', NULL),
(314, 218, 'Calang', NULL),
(315, 219, 'Rigaih', NULL),
(316, 219, 'Lageun', NULL),
(317, 220, 'Lamteungoh', NULL),
(318, 220, 'Kuta Baro', NULL),
(319, 220, 'Pante Purba', NULL),
(320, 220, 'Kulam Mutia', NULL),
(321, 221, 'Kuala Unga', NULL),
(322, 222, 'Panga Pucok', NULL),
(323, 222, 'Panga Pasie', NULL),
(324, 223, 'Kuala Unga', NULL),
(325, 223, 'Lambeusoi', NULL),
(326, 224, 'Lamteungoh', NULL),
(327, 224, 'Kuta Baro', NULL),
(328, 225, 'Sarah Raya', NULL),
(329, 236, 'Gunung Mesjid', NULL),
(330, 236, 'Raja Tuha', NULL),
(331, 237, 'Bendahara Hilir', NULL),
(332, 237, 'Upah Hulu', NULL),
(333, 238, 'Telaga Meuku Dua', NULL),
(334, 238, 'Telaga Meuku', NULL),
(335, 239, 'Simpang Empat', NULL),
(336, 239, 'Meudang Ara', NULL),
(337, 239, 'Karang Bundar', NULL),
(338, 240, 'Sekerak Hulu', NULL),
(339, 240, 'Sekerak', NULL),
(340, 241, 'Muka Sungai Kuruk', NULL),
(341, 241, 'Sungai Kuruk', NULL),
(342, 241, 'Gedung Biara', NULL),
(343, 241, 'Tangsi Lama', NULL),
(344, 242, 'Kota Kualasimpang', NULL),
(345, 243, 'Sungai Liput', NULL),
(346, 243, 'Bukit Rata', NULL),
(347, 245, 'Kaloy', NULL),
(348, 246, 'Sangka Pane', NULL),
(349, 246, 'Alur Jambu', NULL),
(350, 247, 'Rantau', NULL),
(351, 247, 'Imam Balai', NULL),
(352, 248, 'Datu Derakal', NULL),
(353, 260, 'Tgk. Syech Abdurrauf', NULL),
(354, 260, 'Kayee Adang', NULL),
(355, 260, 'Tgk Dilamyong', NULL),
(356, 262, 'Tgk.Dianjong', NULL),
(357, 265, 'Poteumeureuhom', NULL),
(358, 265, 'Simpang Tujuh', NULL),
(359, 275, 'Iboih', NULL),
(360, 275, 'Paya Raya', NULL),
(361, 276, 'Paya', NULL),
(362, 276, 'Balohan', NULL),
(363, 276, ' ', NULL),
(364, 276, 'Ie Meulee', NULL),
(365, 275, 'Sabang', NULL),
(366, 284, 'Langsa Tunong', NULL),
(367, 282, 'Langsa Lama', NULL),
(368, 9, 'Keude Trumon', NULL),
(369, 276, 'Cot Ba`u', NULL),
(370, 197, 'Kuta Batee', NULL),
(371, 197, 'Babah Lhok', NULL),
(372, 198, 'Tangan-tangan Rayeuk', NULL),
(373, 198, 'Bineh Krueng', NULL),
(374, 200, 'Palak Kerambil', NULL),
(375, 201, 'Sikabu', NULL),
(376, 201, 'Krueng Batee', NULL),
(377, 86, 'Glee Bruek', NULL),
(378, 87, 'Lampuuk', NULL),
(379, 89, 'Lam Panah', NULL),
(380, 89, 'Tanoh Abee', NULL),
(381, 93, 'Gurah', NULL),
(382, 93, 'Lambaro', NULL),
(383, 95, 'Lamteungoh', NULL),
(384, 96, 'Ateuk', NULL),
(385, 96, 'Lambaro Dayah', NULL),
(386, 98, 'Pulo Nasi', NULL),
(387, 99, 'Saree', NULL),
(388, 101, 'Lam Leuot', NULL),
(389, 103, 'Lamkrak', NULL),
(390, 106, 'Pango', NULL),
(391, 106, 'Lam Ujong', NULL),
(392, 221, 'Kuala Daya', NULL),
(393, 221, 'Lamme', NULL),
(394, 221, 'Lamno', NULL),
(395, 221, 'Keuluang', NULL),
(396, 221, 'Pante Cermin', NULL),
(397, 221, 'Lambeusoi', NULL),
(398, 225, 'Pasie Tubee', NULL),
(399, 18, 'Ladang Rimba', NULL),
(400, 171, 'Kuta Simboling', NULL),
(401, 171, 'Singkil', NULL),
(402, 172, 'Tanjong Mas', NULL),
(403, 236, 'Tualang Cut', NULL),
(404, 236, 'Manyak Payed', NULL),
(405, 237, 'Tumpok Teungoh', NULL),
(406, 237, 'Tengku Tinggi', NULL),
(407, 237, 'Khalifah', NULL),
(408, 237, 'Bandar Baru', NULL),
(409, 237, 'Mesjid', NULL),
(410, 244, 'Simpang Kiri', NULL),
(411, 132, 'Matang Linya', NULL),
(412, 133, 'Krueng Geukuh', NULL),
(413, 134, 'Keude Krueng', NULL),
(414, 134, 'Beureughang', NULL),
(415, 135, 'Matang Ubi', NULL),
(416, 135, 'Ara Bungkok', NULL),
(417, 135, 'Lhok Sukon Barat', NULL),
(418, 135, 'Lhok Sukon Teungoh', NULL),
(419, 136, 'Matang Kuli', NULL),
(420, 136, 'Pirak', NULL),
(421, 136, 'Seulemak', NULL),
(422, 136, 'Glumpang VII', NULL),
(423, 137, 'Mane', NULL),
(424, 137, 'Bungkaih', NULL),
(425, 138, 'Baroh', NULL),
(426, 138, 'Teungoh', NULL),
(427, 138, 'Teunong', NULL),
(428, 140, 'Seunuddon', NULL),
(429, 140, 'Kuta Piadah', NULL),
(430, 140, 'Pante Seunuddon', NULL),
(431, 141, 'Aron', NULL),
(432, 141, 'Krueng Pase', NULL),
(433, 141, 'Blang Asan', NULL),
(434, 141, 'Syamtarail', NULL),
(435, 142, 'Mancang', NULL),
(436, 142, 'Meuraksa', NULL),
(437, 142, 'Kareung', NULL),
(438, 142, 'Mbang', NULL),
(439, 143, 'Matang Pangkat', NULL),
(440, 143, 'Teungoh', NULL),
(441, 143, 'Seuleumak Barat', NULL),
(442, 144, 'Jrat Mayang', NULL),
(443, 144, 'Matang Panyang', NULL),
(444, 145, 'Jambo Aye Utara', NULL),
(445, 145, 'Jambo Teungoh', NULL),
(446, 145, 'jambo Aye Kota', NULL),
(447, 145, 'Jambo Aye Barat', NULL),
(448, 146, 'Sawang Utara', NULL),
(449, 146, 'Sawang Selatan', NULL),
(450, 147, 'Keude Amplaih', NULL),
(451, 147, 'Blang Dalam', NULL),
(452, 147, 'Cot Batee', NULL),
(453, 148, 'Bandar Baru', NULL),
(454, 148, 'Alue Rampah', NULL),
(455, 148, 'Beuradang', NULL),
(456, 149, 'Lueng Angen', NULL),
(457, 149, 'Pinto Rimba', NULL),
(458, 149, 'Rampah', NULL),
(459, 150, 'Sampoinet', NULL),
(460, 150, 'Makmur', NULL),
(461, 150, 'Buwah', NULL),
(462, 151, 'Pirak Teunong', NULL),
(463, 151, 'Seuleumak', NULL),
(464, 151, 'Tgk Syik Paya Bakong', NULL),
(465, 151, 'Pante Bahagia', NULL),
(466, 152, 'Simpang Paya', NULL),
(467, 152, 'Datu Nibong', NULL),
(468, 153, 'Simpang Keuramat', NULL),
(469, 153, 'Buloh Raya Mancang', NULL),
(470, 154, 'Lapang', NULL),
(471, 154, 'Teungku di Banda', NULL),
(472, 155, 'Pirak Timu', NULL),
(473, 155, 'Matang Kuli Timu', NULL),
(474, 156, 'Pante Raja Mbang', NULL),
(475, 156, 'Tgk di Manyang Mbang', NULL),
(476, 157, 'Bandar Baru', NULL),
(477, 157, 'Lhok Weng', NULL),
(478, 158, 'Bale Pila', NULL),
(479, 158, 'Lhok Drien', NULL),
(480, 266, 'Putroe Phang', NULL),
(481, 266, 'Baiturrahman', NULL),
(482, 267, 'Lamkuta', NULL),
(483, 267, 'Kuta Alam', NULL),
(484, 268, 'Meuraxa', NULL),
(485, 268, 'Tgk Chik Lamjabat', NULL),
(486, 269, 'Tgk Syech Abdurrauf', NULL),
(487, 269, 'Kaye Adang', NULL),
(488, 269, 'Tgk Di Lamnyong', NULL),
(489, 270, 'Lueng Bata', NULL),
(490, 271, 'Tgk Di Anjong', NULL),
(491, 272, 'Banda Jaya', NULL),
(492, 272, 'Lam Ara', NULL),
(493, 273, 'Pos Blang', NULL),
(494, 273, 'Lambaroeh Banda', NULL),
(495, 274, 'Poteumeureuhom', NULL),
(496, 274, 'Simpang Tujuh', NULL),
(497, 248, 'Tugu Rime Raya', NULL),
(498, 249, 'Mude Gunter', NULL),
(499, 249, 'Pilar Jaya', NULL),
(500, 249, 'Pegayon Antara', NULL),
(501, 249, 'Tawar Bengi', NULL),
(502, 250, 'Samar Kilang', NULL),
(503, 250, 'Pantan Seni', NULL),
(504, 251, 'Kute Teras', NULL),
(505, 251, 'Janarata', NULL),
(506, 251, 'Pemango Kute Derma', NULL),
(507, 251, 'Gajah Mungkur', NULL),
(508, 251, 'Kute Tengah', NULL),
(509, 252, 'Teriti', NULL),
(510, 252, 'Simpang tiga', NULL),
(511, 252, 'redelong', NULL),
(512, 253, 'Bur Ni Cempege', NULL),
(513, 253, 'Reje Ilang', NULL),
(514, 253, 'Negeri Antara', NULL),
(515, 254, 'Lampahan', NULL),
(516, 254, 'Bandar Lampahan', NULL),
(517, 254, 'Tunyang', NULL),
(518, 255, 'Bener Kelipah', NULL),
(519, 255, 'Bener Selan', NULL),
(520, 256, 'Tungkuh Tige', NULL),
(521, 256, 'Atu Mesjid', NULL),
(522, 257, 'Rerongga', NULL),
(523, 286, 'Kombih', NULL),
(524, 286, 'Belegen', NULL),
(525, 287, 'Penanggalan', NULL),
(526, 288, 'Binanga', NULL),
(527, 288, 'Kuala Kepeng', NULL),
(528, 289, 'Pasir Belo', NULL),
(529, 289, 'Batu-Batu', NULL),
(530, 290, 'Longkib', NULL),
(531, 159, 'Bano', NULL),
(532, 159, 'Tengku Diujung', NULL),
(533, 159, 'Laure\'e', NULL),
(534, 159, 'Blang ujung', NULL),
(535, 159, 'Latel', NULL),
(536, 160, 'Along', NULL),
(537, 160, 'Alang', NULL),
(538, 160, 'Alang Tengah', NULL),
(539, 161, 'Bakudo Batu', NULL),
(540, 161, 'Batu rundung', NULL),
(541, 161, 'Darul Ikhsan', NULL),
(542, 162, 'Delok Antengan', NULL),
(543, 162, 'Delok Kulungan', NULL),
(544, 162, 'Maskapai', NULL),
(545, 162, 'Delog Sibao', NULL),
(546, 162, 'Ujubg Ganting', NULL),
(547, 162, 'Kualo Tujuh', NULL),
(548, 163, 'Talo Bano', NULL),
(549, 163, 'Tete Bano', NULL),
(550, 164, 'Sigulai', NULL),
(551, 164, 'Teluk Arun', NULL),
(552, 164, 'Sibigo', NULL),
(553, 164, 'Rantai Raneub', NULL),
(554, 165, 'Teupah', NULL),
(555, 165, 'Batu Berlayar', NULL),
(556, 165, 'Araban', NULL),
(557, 166, 'Nasrah', NULL),
(558, 166, 'Lekon', NULL),
(559, 168, 'Bano', NULL),
(560, 168, 'Tengku Di Ujung', NULL),
(561, 109, 'Bintang Hu', NULL),
(562, 109, 'Calong', NULL),
(563, 109, 'Pandee', NULL),
(564, 109, 'Tungkop', NULL),
(565, 110, 'Reubee', NULL),
(566, 110, 'Aree', NULL),
(567, 110, 'Beuah', NULL),
(568, 110, 'Bambong', NULL),
(569, 111, 'Bangkeh', NULL),
(570, 112, 'Aron', NULL),
(571, 112, 'Teupin Raya', NULL),
(572, 112, 'Glumpang Minyeuk', NULL),
(573, 112, 'Lambaro', NULL),
(574, 113, 'Caleue', NULL),
(575, 113, 'Lhok kaju', NULL),
(576, 113, 'Garot Tungkop', NULL),
(577, 113, 'Bluek Grong-grong', NULL),
(578, 113, 'Gapui Suwiek', NULL),
(579, 114, 'Asan Kumbang', NULL),
(580, 114, 'Arusan', NULL),
(581, 114, 'Kampong Asan', NULL),
(582, 114, 'Blang Gapu', NULL),
(583, 114, 'Rheung-rheung', NULL),
(584, 114, 'Kuta Baro', NULL),
(585, 115, 'Kuta Asan', NULL),
(586, 115, 'Kuta Budee', NULL),
(587, 115, 'Kota Sigli', NULL),
(588, 116, 'Meutereum', NULL),
(589, 116, 'Ilot', NULL),
(590, 116, 'Andeue', NULL),
(591, 117, 'Tgk Laweueng', NULL),
(592, 117, 'Cure', NULL),
(593, 117, 'Kalee', NULL),
(594, 118, 'Yaman', NULL),
(595, 118, 'Keumangan', NULL),
(596, 118, 'Beureueh', NULL),
(597, 118, 'Busu', NULL),
(598, 119, 'Kunyet', NULL),
(599, 119, 'Peudaya', NULL),
(600, 119, 'Paloh', NULL),
(601, 119, 'Beurabo', NULL),
(602, 119, 'Gogo', NULL),
(603, 119, 'Tanjong', NULL),
(604, 120, 'Mesjid', NULL),
(605, 120, 'Guci rumpong', NULL),
(606, 120, 'Bambi', NULL),
(607, 120, 'Pinueng', NULL),
(608, 120, 'Krueng Dayah', NULL),
(609, 120, 'Krueng Seumideun', NULL),
(610, 121, 'Gampong Lhang', NULL),
(611, 121, 'Keulibeut', NULL),
(612, 121, 'Asan', NULL),
(613, 121, 'Paloh', NULL),
(614, 121, 'Gampong Baro', NULL),
(615, 121, 'Teubeng', NULL),
(616, 121, 'Sanggeue', NULL),
(617, 122, 'Langga', NULL),
(618, 122, 'kandang', NULL),
(619, 122, 'Cot Murong', NULL),
(620, 122, 'Leumpeum', NULL),
(621, 122, 'Mali', NULL),
(622, 122, 'Lameue', NULL),
(623, 122, 'Sakti', NULL),
(624, 123, 'Bunggie', NULL),
(625, 123, 'Lancang', NULL),
(626, 123, 'Iboih', NULL),
(627, 123, 'Gigieng', NULL),
(628, 123, 'Peukan', NULL),
(629, 123, 'Mangki', NULL),
(630, 123, 'Tungoe', NULL),
(631, 124, 'Pulo Mesjid', NULL),
(632, 124, 'Layan', NULL),
(633, 124, 'Tanjong Bungong', NULL),
(634, 124, 'Bungga', NULL),
(635, 125, 'Tiro', NULL),
(636, 125, 'Truseb', NULL),
(637, 125, 'Daya', NULL),
(638, 125, 'Blang Keudah', NULL),
(639, 126, 'Keumala Raya', NULL),
(640, 126, 'Keumala Dalam', NULL),
(641, 127, 'titeue', NULL),
(642, 127, 'Tong Pudeng', NULL),
(643, 128, 'Usi', NULL),
(644, 128, 'Ujong Rimba', NULL),
(645, 128, 'Ujong Rimba', NULL),
(646, 128, 'Alue Batee', NULL),
(647, 128, 'Jeurat Manyang', NULL),
(648, 128, 'Gumpueng', NULL),
(649, 128, 'Adan', NULL),
(650, 128, 'Tiba', NULL),
(651, 129, 'Beureuleung', NULL),
(652, 129, 'Meumeuaneuk', NULL),
(653, 130, 'Leutueng', NULL),
(654, 131, 'Unoe', NULL),
(655, 131, 'Glumpang Payong', NULL),
(656, 131, 'Riwat', NULL),
(657, 131, 'Trueng Campli', NULL),
(658, 258, 'Manyang', NULL),
(659, 258, 'Meureudu Dalam', NULL),
(660, 258, 'Beuriweuh', NULL),
(661, 258, 'Beuracan', NULL),
(662, 259, 'Paya seutui', NULL),
(663, 265, 'Ulim Baroh', NULL),
(664, 259, 'Ulim Tunong', NULL),
(665, 265, 'Nangrhoe', NULL),
(666, 265, 'Blang Rheue', NULL),
(667, 263, 'Jangka Buya Baroh', NULL),
(668, 263, 'Jangka Buya Barat', NULL),
(669, 264, 'Ulee Gle Dalam', NULL),
(670, 264, 'Ulee Gle Barat', NULL),
(671, 264, 'ulee Gle Timu', NULL),
(672, 264, 'ulee gle Tunong', NULL),
(673, 264, 'Jangka Buya Timu', NULL),
(674, 226, 'pulo Ie', NULL),
(675, 226, 'Suak Sikha', NULL),
(676, 227, 'Jeuram', NULL),
(677, 227, 'Parom', NULL),
(678, 227, 'Nigan', NULL),
(679, 227, 'Paya Udeung', NULL),
(680, 227, 'Kulu', NULL),
(681, 228, 'Blang Panyang', NULL),
(682, 228, 'Keude linteung', NULL),
(683, 228, 'Paya', NULL),
(684, 228, 'Blang Ara', NULL),
(685, 229, 'Krueng Neuang', NULL),
(686, 229, 'Pulo raga', NULL),
(687, 229, 'Blang Seumot', NULL),
(688, 229, 'Bungong Taloe', NULL),
(689, 229, 'Butong Ateuh', NULL),
(690, 230, 'kuta Nibong', NULL),
(691, 230, 'Tripa Baroh', NULL),
(692, 230, 'Tripa teungoh', NULL),
(693, 230, 'Blang Tripa', NULL),
(694, 230, 'Tripa Ateuh', NULL),
(695, 230, 'Seuneuam', NULL),
(696, 230, 'Ujong Raja', NULL),
(697, 231, 'Suka Makmue', NULL),
(698, 231, 'Blang muling', NULL),
(699, 232, 'Kuala Baro', NULL),
(700, 232, 'Kuala Tuha', NULL),
(701, 232, 'Kuala Trang', NULL),
(702, 233, 'Tadu Ateuh', NULL),
(703, 233, 'Kuala Tadu', NULL),
(704, 234, 'Kuta Nibong', NULL),
(705, 234, 'Tripa Baroh', NULL),
(706, 235, 'Beutong Ateuh', NULL),
(707, 281, 'Seuneubok Antara', NULL),
(708, 283, 'Langsa Baroh', NULL),
(709, 285, 'Langsa Kuta', NULL),
(710, 285, 'Langsa Teungoh', NULL),
(711, 277, 'kandang', NULL),
(712, 277, 'Cunda', NULL),
(713, 278, 'Lhokseumawe Selatan', NULL),
(714, 278, 'Lhokseumawe Utara', NULL),
(715, 279, 'Meuraksa', NULL),
(716, 279, 'Teungoh', NULL),
(717, 279, 'Mangat Makmu', NULL),
(718, 280, 'Paloh Timur', NULL),
(719, 280, 'Paloh Barat', NULL),
(720, 180, 'Lima', NULL),
(721, 180, 'Tgk Chiek Di Puloe Baroh', NULL),
(722, 180, 'Tgk Chiek Di Matang', NULL),
(723, 180, 'Mesjid Raya', NULL),
(724, 180, 'Tanjong', NULL),
(725, 181, 'Tufah', NULL),
(726, 181, 'Lhok Kulam', NULL),
(727, 181, 'Syuhada', NULL),
(728, 181, 'Batee Cut Lem', NULL),
(729, 181, 'Darussalam', NULL),
(730, 182, 'Krueng', NULL),
(731, 182, 'Blang Birah', NULL),
(732, 182, 'Alue Rheng', NULL),
(733, 182, 'Batee Kureng', NULL),
(734, 182, 'Tgk. Dipaya', NULL),
(735, 182, 'Pinto Batee', NULL),
(736, 183, 'Kuta Jeumpa', NULL),
(737, 183, 'Glumpang Payong', NULL),
(738, 183, 'Balee Labang', NULL),
(739, 183, 'Blang Bladeh', NULL),
(740, 183, 'Paloh', NULL),
(741, 184, 'Matang Glumpang Baro', NULL),
(742, 184, 'Matang Panyang', NULL),
(743, 184, 'Glumpang Tujoh', NULL),
(744, 184, 'Tgk. Di Krueng', NULL),
(745, 184, 'Simpang Empat', NULL),
(746, 184, 'Banjir Asin', NULL),
(747, 184, 'Simpang Dua', NULL),
(748, 184, 'Cot Bada', NULL),
(749, 184, 'Tgk. Di Tanoh Mirah', NULL),
(750, 185, 'Suka Makmur', NULL),
(751, 185, 'Suka maju', NULL),
(752, 185, 'Suka Damai', NULL),
(753, 185, 'Suka Jaya', NULL),
(754, 186, 'Gandapura Timur', NULL),
(755, 186, 'Bukit Rata', NULL),
(756, 186, 'Buket Antara', NULL),
(757, 186, 'Gandapura Barat', NULL),
(758, 187, 'Pandrah Timur', NULL),
(759, 187, 'Pamdrah Selatan', NULL),
(760, 187, 'Pandrah Barat', NULL),
(761, 188, 'Juli Utara', NULL),
(762, 188, 'Juli Barat', NULL),
(763, 188, 'Juli Timur', NULL),
(764, 188, 'Juli Selatan', NULL),
(765, 189, 'Jangka', NULL),
(766, 189, 'Lamkuta', NULL),
(767, 189, 'Banjir Asing Jangka', NULL),
(768, 189, 'Bugak', NULL),
(769, 189, 'Ulee Kuta', NULL),
(770, 189, 'Tiga', NULL),
(771, 189, 'Tgk. Di ie Rhop', NULL),
(772, 189, 'Tambue', NULL),
(773, 191, 'Plimbang', NULL),
(774, 191, 'Po-Teumeureuhom', NULL),
(775, 191, 'Batee Kureng', NULL),
(776, 192, 'Bireun', NULL),
(777, 192, 'Geudong', NULL),
(778, 192, 'Cot Kupula', NULL),
(779, 192, 'Geulanggang Raya', NULL),
(780, 193, 'Cot Batee', NULL),
(781, 193, 'Kuta Trieng', NULL),
(782, 193, 'Lancok', NULL),
(783, 193, 'Ujung Blang', NULL),
(784, 194, 'Siblah Krueng', NULL),
(785, 194, 'Simpang Baro', NULL),
(786, 194, 'Tgk. Chiek Krueng Meuh', NULL),
(787, 195, 'Simpang Tanjong', NULL),
(788, 195, 'Paya Malem', NULL),
(789, 195, 'Keude Asan', NULL),
(790, 196, 'Tgk. Chiek Umar', NULL),
(791, 196, 'Tgk. Ciek Dimanyang', NULL),
(792, 196, 'Kuta Meusee', NULL),
(793, 196, 'Kuta Hom', NULL),
(794, 206, 'Blang Perlombaan', NULL),
(795, 206, 'Blang Peugayon', NULL),
(796, 206, 'Ujong Baro', NULL),
(797, 207, 'Waluh Kampung', NULL),
(798, 207, 'Blang Sere', NULL),
(799, 208, 'Suluh Utama', NULL),
(800, 208, 'Suluh Jaya', NULL),
(801, 209, 'Ingin Jaya', NULL),
(802, 209, 'Suka Maju', NULL),
(803, 209, 'Pintu Rime Gayo', NULL),
(804, 209, 'Bujang Selamat', NULL),
(805, 210, 'Pining', NULL),
(806, 210, 'Goh Lemu', NULL),
(807, 211, 'Cinta Maju', NULL),
(808, 211, 'Senubung jaya', NULL),
(809, 212, 'Marpunge', NULL),
(810, 212, 'Gumpang Raya', NULL),
(811, 213, 'Sangir', NULL),
(812, 213, 'Dah Kalang', NULL),
(813, 214, 'Blangjerango', NULL),
(814, 214, 'Air Jernih', NULL),
(815, 215, 'Tripe Jaya', NULL),
(816, 215, 'Pasir Antara', NULL),
(817, 216, 'Kenyaran', NULL),
(818, 216, 'Antara', NULL),
(819, 180, 'mukim samalanga', NULL),
(820, 183, 'mukim jeumpa', NULL);

-- --------------------------------------------------------

--
-- Struktur dari tabel `kepegawaian`
--

CREATE TABLE `kepegawaian` (
  `id` bigint(20) UNSIGNED NOT NULL,
  `nip` varchar(191) COLLATE utf8mb4_unicode_ci NOT NULL,
  `jabatan` varchar(191) COLLATE utf8mb4_unicode_ci NOT NULL,
  `pangkat` varchar(191) COLLATE utf8mb4_unicode_ci NOT NULL,
  `no_sk` varchar(191) COLLATE utf8mb4_unicode_ci NOT NULL,
  `tanggal_sk` date NOT NULL,
  `created_at` timestamp NULL DEFAULT NULL,
  `updated_at` timestamp NULL DEFAULT NULL
) ENGINE=InnoDB DEFAULT CHARSET=utf8mb4 COLLATE=utf8mb4_unicode_ci;

-- --------------------------------------------------------

--
-- Struktur dari tabel `konsultasi`
--

CREATE TABLE `konsultasi` (
  `id` bigint(20) UNSIGNED NOT NULL,
  `umum_id` bigint(20) UNSIGNED DEFAULT NULL,
  `no_registrasi` varchar(191) COLLATE utf8mb4_unicode_ci DEFAULT NULL,
  `RM_risalah` text COLLATE utf8mb4_unicode_ci DEFAULT NULL,
  `RM_Hemoglobin` int(11) DEFAULT NULL,
  `RM_Leukosit` int(11) DEFAULT NULL,
  `RM_Trombosit` int(11) DEFAULT NULL,
  `RM_Hematokrit` int(11) DEFAULT NULL,
  `RM_Eritrosit` int(11) DEFAULT NULL,
  `RM_LED` int(11) DEFAULT NULL,
  `RM_GlukosaPuasa` int(11) DEFAULT NULL,
  `RM_HbA1C` int(11) DEFAULT NULL,
  `RM_Ureum` int(11) DEFAULT NULL,
  `RM_Creatinin` int(11) DEFAULT NULL,
  `RM_AsamUrat` int(11) DEFAULT NULL,
  `RM_KolesterolTotal` int(11) DEFAULT NULL,
  `RM_HDLKolesterol` int(11) DEFAULT NULL,
  `RM_LDLKolesterol` int(11) DEFAULT NULL,
  `RM_Trigliserida` int(11) DEFAULT NULL,
  `RM_SGOT` int(11) DEFAULT NULL,
  `RM_SGPT` int(11) DEFAULT NULL,
  `RM_GammaGT` int(11) DEFAULT NULL,
  `RM_Sistole` int(11) DEFAULT NULL,
  `RM_Diastole` int(11) DEFAULT NULL,
  `RM_TinggiBadan` int(11) DEFAULT NULL,
  `RM_BeratBadan` int(11) DEFAULT NULL,
  `RM_LingkarPerut` int(11) DEFAULT NULL,
  `created_at` timestamp NULL DEFAULT NULL,
  `updated_at` timestamp NULL DEFAULT NULL
) ENGINE=InnoDB DEFAULT CHARSET=utf8mb4 COLLATE=utf8mb4_unicode_ci;

--
-- Dumping data untuk tabel `konsultasi`
--

INSERT INTO `konsultasi` (`id`, `umum_id`, `no_registrasi`, `RM_risalah`, `RM_Hemoglobin`, `RM_Leukosit`, `RM_Trombosit`, `RM_Hematokrit`, `RM_Eritrosit`, `RM_LED`, `RM_GlukosaPuasa`, `RM_HbA1C`, `RM_Ureum`, `RM_Creatinin`, `RM_AsamUrat`, `RM_KolesterolTotal`, `RM_HDLKolesterol`, `RM_LDLKolesterol`, `RM_Trigliserida`, `RM_SGOT`, `RM_SGPT`, `RM_GammaGT`, `RM_Sistole`, `RM_Diastole`, `RM_TinggiBadan`, `RM_BeratBadan`, `RM_LingkarPerut`, `created_at`, `updated_at`) VALUES
(72, 48, '0202250820220000', NULL, NULL, NULL, NULL, NULL, NULL, NULL, NULL, NULL, NULL, NULL, NULL, NULL, NULL, NULL, NULL, NULL, NULL, NULL, NULL, NULL, NULL, 85, 102, '2022-08-24 16:14:11', '2022-08-24 16:14:11'),
(73, 49, '0202250820220000', NULL, NULL, NULL, NULL, NULL, NULL, NULL, NULL, NULL, NULL, NULL, NULL, NULL, NULL, NULL, NULL, NULL, NULL, NULL, NULL, NULL, 160, 68, 91, '2022-08-24 16:24:16', '2022-08-24 16:24:16'),
(74, 51, '0202250820220000', NULL, NULL, NULL, NULL, NULL, NULL, NULL, NULL, NULL, NULL, NULL, NULL, NULL, NULL, NULL, NULL, NULL, NULL, NULL, NULL, NULL, 155, 72, 100, '2022-08-24 16:25:47', '2022-08-24 16:25:47'),
(75, 50, '0202250820220000', NULL, NULL, NULL, NULL, NULL, NULL, NULL, NULL, NULL, NULL, NULL, NULL, NULL, NULL, NULL, NULL, NULL, NULL, NULL, NULL, NULL, NULL, 99, 118, '2022-08-24 16:26:21', '2022-08-24 16:26:21'),
(76, 53, '0202250820220000', NULL, NULL, NULL, NULL, NULL, NULL, NULL, NULL, NULL, NULL, NULL, NULL, NULL, NULL, NULL, NULL, NULL, NULL, NULL, NULL, NULL, 162, 66, 95, '2022-08-24 16:27:53', '2022-08-24 16:27:53'),
(77, 55, '0202250820220000', NULL, NULL, NULL, NULL, NULL, NULL, NULL, NULL, NULL, NULL, NULL, NULL, NULL, NULL, NULL, NULL, NULL, NULL, NULL, NULL, NULL, 173, 72, 93, '2022-08-24 16:28:49', '2022-08-24 16:28:49'),
(78, 57, '0202250820220000', NULL, NULL, NULL, NULL, NULL, NULL, NULL, NULL, NULL, NULL, NULL, NULL, NULL, NULL, NULL, NULL, NULL, NULL, NULL, NULL, NULL, 170, 89, 105, '2022-08-24 16:29:51', '2022-08-24 16:29:51'),
(79, 59, '0202250820220000', NULL, NULL, NULL, NULL, NULL, NULL, NULL, NULL, NULL, NULL, NULL, NULL, NULL, NULL, NULL, NULL, NULL, NULL, NULL, NULL, NULL, 148, 65, 92, '2022-08-24 16:31:41', '2022-08-24 16:31:41'),
(80, 52, '0202250820220000', NULL, NULL, NULL, NULL, NULL, NULL, NULL, NULL, NULL, NULL, NULL, NULL, NULL, NULL, NULL, NULL, NULL, NULL, NULL, NULL, NULL, 166, 79, 98, '2022-08-24 16:33:43', '2022-08-24 16:33:43'),
(81, 54, '0202250820220000', NULL, NULL, NULL, NULL, NULL, NULL, NULL, NULL, NULL, NULL, NULL, NULL, NULL, NULL, NULL, NULL, NULL, NULL, NULL, NULL, NULL, 172, 91, 102, '2022-08-24 16:35:26', '2022-08-24 16:35:26'),
(82, 56, '0202250820220000', NULL, NULL, NULL, NULL, NULL, NULL, NULL, NULL, NULL, NULL, NULL, NULL, NULL, NULL, NULL, NULL, NULL, NULL, NULL, NULL, NULL, 154, 81, 105, '2022-08-24 16:36:25', '2022-08-24 16:36:25'),
(83, 58, '0202250820220000', NULL, NULL, NULL, NULL, NULL, NULL, NULL, NULL, NULL, NULL, NULL, NULL, NULL, NULL, NULL, NULL, NULL, NULL, NULL, NULL, NULL, 165, 70, 100, '2022-08-24 16:37:10', '2022-08-24 16:37:10'),
(84, 60, '0202250820220000', NULL, NULL, NULL, NULL, NULL, NULL, NULL, NULL, NULL, NULL, NULL, NULL, NULL, NULL, NULL, NULL, NULL, NULL, NULL, NULL, NULL, 169, 67, 77, '2022-08-24 16:38:32', '2022-08-24 16:38:32'),
(85, 61, '0202250820220000', NULL, NULL, NULL, NULL, NULL, NULL, NULL, NULL, NULL, NULL, NULL, NULL, NULL, NULL, NULL, NULL, NULL, NULL, NULL, NULL, NULL, 175, 82, 101, '2022-08-24 16:39:40', '2022-08-24 16:39:40'),
(86, 62, '0202250820220000', NULL, NULL, NULL, NULL, NULL, NULL, NULL, NULL, NULL, NULL, NULL, NULL, NULL, NULL, NULL, NULL, NULL, NULL, NULL, NULL, NULL, 162, 53, 78, '2022-08-24 16:40:22', '2022-08-24 16:40:22'),
(87, 63, '0202250820220000', NULL, NULL, NULL, NULL, NULL, NULL, NULL, NULL, NULL, NULL, NULL, NULL, NULL, NULL, NULL, NULL, NULL, NULL, NULL, NULL, NULL, 175, 78, 97, '2022-08-24 16:45:41', '2022-08-24 16:45:41'),
(88, 64, '0202250820220000', NULL, NULL, NULL, NULL, NULL, NULL, NULL, NULL, NULL, NULL, NULL, NULL, NULL, NULL, NULL, NULL, NULL, NULL, NULL, NULL, NULL, 169, 78, 94, '2022-08-24 16:46:27', '2022-08-24 16:46:27'),
(89, 65, '0202250820220000', NULL, NULL, NULL, NULL, NULL, NULL, NULL, NULL, NULL, NULL, NULL, NULL, NULL, NULL, NULL, NULL, NULL, NULL, NULL, NULL, NULL, 167, 78, 98, '2022-08-24 16:48:21', '2022-08-24 16:48:21'),
(90, 66, '0202250820220000', NULL, NULL, NULL, NULL, NULL, NULL, NULL, NULL, NULL, NULL, NULL, NULL, NULL, NULL, NULL, NULL, NULL, NULL, NULL, NULL, NULL, 180, 69, 83, '2022-08-24 16:49:08', '2022-08-24 16:49:08'),
(91, 67, '0202250820220000', NULL, NULL, NULL, NULL, NULL, NULL, NULL, NULL, NULL, NULL, NULL, NULL, NULL, NULL, NULL, NULL, NULL, NULL, NULL, NULL, NULL, 153, 73, 103, '2022-08-24 16:49:53', '2022-08-24 16:49:53'),
(92, 68, '0202250820220000', NULL, NULL, NULL, NULL, NULL, NULL, NULL, NULL, NULL, NULL, NULL, NULL, NULL, NULL, NULL, NULL, NULL, NULL, NULL, NULL, NULL, 168, 79, 95, '2022-08-24 16:51:36', '2022-08-24 16:51:36'),
(93, 69, '0202250820220000', NULL, NULL, NULL, NULL, NULL, NULL, NULL, NULL, NULL, NULL, NULL, NULL, NULL, NULL, NULL, NULL, NULL, NULL, NULL, NULL, NULL, 166, 87, 103, '2022-08-24 16:52:25', '2022-08-24 16:52:25'),
(94, 70, '0202250820220000', NULL, NULL, NULL, NULL, NULL, NULL, NULL, NULL, NULL, NULL, NULL, NULL, NULL, NULL, NULL, NULL, NULL, NULL, NULL, NULL, NULL, 171, 75, 100, '2022-08-24 16:53:48', '2022-08-24 16:53:48'),
(95, 71, '0202250820220000', NULL, NULL, NULL, NULL, NULL, NULL, NULL, NULL, NULL, NULL, NULL, NULL, NULL, NULL, NULL, NULL, NULL, NULL, NULL, NULL, NULL, 166, 69, 88, '2022-08-24 16:55:38', '2022-08-24 16:55:38'),
(96, 72, '0202250820220000', NULL, NULL, NULL, NULL, NULL, NULL, NULL, NULL, NULL, NULL, NULL, NULL, NULL, NULL, NULL, NULL, NULL, NULL, NULL, NULL, NULL, 170, 84, 101, '2022-08-24 16:56:37', '2022-08-24 16:56:37'),
(97, 74, '0202250820220000', NULL, NULL, NULL, NULL, NULL, NULL, NULL, NULL, NULL, NULL, NULL, NULL, NULL, NULL, NULL, NULL, NULL, NULL, NULL, NULL, NULL, 160, 89, 107, '2022-08-24 16:59:49', '2022-08-24 16:59:49'),
(98, 75, '0202250820220000', NULL, NULL, NULL, NULL, NULL, NULL, NULL, NULL, NULL, NULL, NULL, NULL, NULL, NULL, NULL, NULL, NULL, NULL, NULL, NULL, NULL, 174, 64, 80, '2022-08-24 17:01:34', '2022-08-24 17:01:34'),
(99, 76, '0202250820220001', NULL, NULL, NULL, NULL, NULL, NULL, NULL, NULL, NULL, NULL, NULL, NULL, NULL, NULL, NULL, NULL, NULL, NULL, NULL, NULL, NULL, 167, 67, 92, '2022-08-24 17:02:21', '2022-08-24 17:02:21'),
(100, 77, '0202250820220002', NULL, NULL, NULL, NULL, NULL, NULL, NULL, NULL, NULL, NULL, NULL, NULL, NULL, NULL, NULL, NULL, NULL, NULL, NULL, NULL, NULL, 164, 97, 114, '2022-08-24 17:03:05', '2022-08-24 17:03:05'),
(101, 78, '0202250820220003', NULL, NULL, NULL, NULL, NULL, NULL, NULL, NULL, NULL, NULL, NULL, NULL, NULL, NULL, NULL, NULL, NULL, NULL, NULL, NULL, NULL, 175, 81, 94, '2022-08-24 17:06:09', '2022-08-24 17:06:09'),
(102, 79, '0202250820220004', NULL, NULL, NULL, NULL, NULL, NULL, NULL, NULL, NULL, NULL, NULL, NULL, NULL, NULL, NULL, NULL, NULL, NULL, NULL, NULL, NULL, 160, 51, 75, '2022-08-24 17:07:33', '2022-08-24 17:07:33'),
(103, 80, '0202250820220005', NULL, NULL, NULL, NULL, NULL, NULL, NULL, NULL, NULL, NULL, NULL, NULL, NULL, NULL, NULL, NULL, NULL, NULL, NULL, NULL, NULL, 167, 56, 70, '2022-08-24 17:08:43', '2022-08-24 17:08:43'),
(104, 81, '0202250820220006', NULL, NULL, NULL, NULL, NULL, NULL, NULL, NULL, NULL, NULL, NULL, NULL, NULL, NULL, NULL, NULL, NULL, NULL, NULL, NULL, NULL, 163, 72, 89, '2022-08-24 17:09:32', '2022-08-24 17:09:32'),
(105, 82, '0202250820220007', NULL, NULL, NULL, NULL, NULL, NULL, NULL, NULL, NULL, NULL, NULL, NULL, NULL, NULL, NULL, NULL, NULL, NULL, NULL, NULL, NULL, 174, 62, 73, '2022-08-24 17:10:23', '2022-08-24 17:10:23'),
(106, 83, '0202250820220008', NULL, NULL, NULL, NULL, NULL, NULL, NULL, NULL, NULL, NULL, NULL, NULL, NULL, NULL, NULL, NULL, NULL, NULL, NULL, NULL, NULL, 168, 65, 89, '2022-08-24 17:11:12', '2022-08-24 17:11:12'),
(107, 84, '0202250820220009', NULL, NULL, NULL, NULL, NULL, NULL, NULL, NULL, NULL, NULL, NULL, NULL, NULL, NULL, NULL, NULL, NULL, NULL, NULL, NULL, NULL, 153, 58, 80, '2022-08-24 17:11:55', '2022-08-24 17:11:55'),
(108, 85, '0202250820220010', NULL, NULL, NULL, NULL, NULL, NULL, NULL, NULL, NULL, NULL, NULL, NULL, NULL, NULL, NULL, NULL, NULL, NULL, NULL, NULL, NULL, 164, 82, 98, '2022-08-24 17:12:33', '2022-08-24 17:12:33'),
(109, 86, '0202250820220011', NULL, NULL, NULL, NULL, NULL, NULL, NULL, NULL, NULL, NULL, NULL, NULL, NULL, NULL, NULL, NULL, NULL, NULL, NULL, NULL, NULL, 165, 80, 93, '2022-08-24 17:13:10', '2022-08-24 17:13:10'),
(110, 87, '0202250820220012', NULL, NULL, NULL, NULL, NULL, NULL, NULL, NULL, NULL, NULL, NULL, NULL, NULL, NULL, NULL, NULL, NULL, NULL, NULL, NULL, NULL, 164, 50, 75, '2022-08-24 17:14:00', '2022-08-24 17:14:00'),
(111, 88, '0202250820220013', NULL, NULL, NULL, NULL, NULL, NULL, NULL, NULL, NULL, NULL, NULL, NULL, NULL, NULL, NULL, NULL, NULL, NULL, NULL, NULL, NULL, 165, 95, 116, '2022-08-24 17:15:00', '2022-08-24 17:15:00'),
(112, 89, '0202250820220014', NULL, NULL, NULL, NULL, NULL, NULL, NULL, NULL, NULL, NULL, NULL, NULL, NULL, NULL, NULL, NULL, NULL, NULL, NULL, NULL, NULL, 155, 68, 97, '2022-08-24 17:15:41', '2022-08-24 17:15:41'),
(113, 90, '0202250820220015', NULL, NULL, NULL, NULL, NULL, NULL, NULL, NULL, NULL, NULL, NULL, NULL, NULL, NULL, NULL, NULL, NULL, NULL, NULL, NULL, NULL, 150, 66, 89, '2022-08-24 17:16:21', '2022-08-24 17:16:21'),
(114, 91, '0202250820220016', NULL, NULL, NULL, NULL, NULL, NULL, NULL, NULL, NULL, NULL, NULL, NULL, NULL, NULL, NULL, NULL, NULL, NULL, NULL, NULL, NULL, 160, 68, 91, '2022-08-24 17:17:13', '2022-08-24 17:17:13'),
(115, 92, '0202250820220017', NULL, NULL, NULL, NULL, NULL, NULL, NULL, NULL, NULL, NULL, NULL, NULL, NULL, NULL, NULL, NULL, NULL, NULL, NULL, NULL, NULL, 166, 79, 99, '2022-08-24 17:17:44', '2022-08-24 17:17:44'),
(116, 93, '0202250820220018', NULL, NULL, NULL, NULL, NULL, NULL, NULL, NULL, NULL, NULL, NULL, NULL, NULL, NULL, NULL, NULL, NULL, NULL, NULL, NULL, NULL, 158, 74, 102, '2022-08-24 17:18:19', '2022-08-24 17:18:19'),
(117, 94, '0202250820220019', NULL, NULL, NULL, NULL, NULL, NULL, NULL, NULL, NULL, NULL, NULL, NULL, NULL, NULL, NULL, NULL, NULL, NULL, NULL, NULL, NULL, 167, 74, 83, '2022-08-24 17:18:58', '2022-08-24 17:18:58'),
(118, 95, '0202250820220020', NULL, NULL, NULL, NULL, NULL, NULL, NULL, NULL, NULL, NULL, NULL, NULL, NULL, NULL, NULL, NULL, NULL, NULL, NULL, NULL, NULL, 167, 70, 88, '2022-08-24 17:19:31', '2022-08-24 17:19:31'),
(119, 96, '0202250820220021', NULL, NULL, NULL, NULL, NULL, NULL, NULL, NULL, NULL, NULL, NULL, NULL, NULL, NULL, NULL, NULL, NULL, NULL, NULL, NULL, NULL, 166, 67, 82, '2022-08-24 17:20:30', '2022-08-24 17:20:30'),
(120, 97, '0202250820220022', NULL, NULL, NULL, NULL, NULL, NULL, NULL, NULL, NULL, NULL, NULL, NULL, NULL, NULL, NULL, NULL, NULL, NULL, NULL, NULL, NULL, 172, 80, 91, '2022-08-24 17:21:10', '2022-08-24 17:21:10'),
(121, 98, '0202250820220023', NULL, NULL, NULL, NULL, NULL, NULL, NULL, NULL, NULL, NULL, NULL, NULL, NULL, NULL, NULL, NULL, NULL, NULL, NULL, NULL, NULL, 167, 95, 105, '2022-08-24 17:21:45', '2022-08-24 17:21:45'),
(122, 99, '0202250820220024', NULL, NULL, NULL, NULL, NULL, NULL, NULL, NULL, NULL, NULL, NULL, NULL, NULL, NULL, NULL, NULL, NULL, NULL, NULL, NULL, NULL, 161, 77, 100, '2022-08-24 17:22:18', '2022-08-24 17:22:18'),
(123, 100, '0202250820220025', NULL, NULL, NULL, NULL, NULL, NULL, NULL, NULL, NULL, NULL, NULL, NULL, NULL, NULL, NULL, NULL, NULL, NULL, NULL, NULL, NULL, 168, 76, 92, '2022-08-24 17:23:05', '2022-08-24 17:23:05'),
(124, 101, '0202250820220026', NULL, NULL, NULL, NULL, NULL, NULL, NULL, NULL, NULL, NULL, NULL, NULL, NULL, NULL, NULL, NULL, NULL, NULL, NULL, NULL, NULL, 164, 71, 97, '2022-08-24 17:23:43', '2022-08-24 17:23:43'),
(125, 102, '0202250820220027', NULL, NULL, NULL, NULL, NULL, NULL, NULL, NULL, NULL, NULL, NULL, NULL, NULL, NULL, NULL, NULL, NULL, NULL, NULL, NULL, NULL, 156, 93, 115, '2022-08-24 17:24:39', '2022-08-24 17:24:39'),
(126, 103, '0202250820220028', NULL, NULL, NULL, NULL, NULL, NULL, NULL, NULL, NULL, NULL, NULL, NULL, NULL, NULL, NULL, NULL, NULL, NULL, NULL, NULL, NULL, 163, 81, 107, '2022-08-24 17:25:15', '2022-08-24 17:25:15'),
(127, 104, '0202250820220029', NULL, NULL, NULL, NULL, NULL, NULL, NULL, NULL, NULL, NULL, NULL, NULL, NULL, NULL, NULL, NULL, NULL, NULL, NULL, NULL, NULL, 170, 68, 87, '2022-08-24 17:25:46', '2022-08-24 17:25:46'),
(128, 105, '0202250820220030', NULL, NULL, NULL, NULL, NULL, NULL, NULL, NULL, NULL, NULL, NULL, NULL, NULL, NULL, NULL, NULL, NULL, NULL, NULL, NULL, NULL, 175, 88, 104, '2022-08-24 17:26:20', '2022-08-24 17:26:20'),
(129, 106, '0202250820220031', NULL, NULL, NULL, NULL, NULL, NULL, NULL, NULL, NULL, NULL, NULL, NULL, NULL, NULL, NULL, NULL, NULL, NULL, NULL, NULL, NULL, 164, 80, 98, '2022-08-24 17:26:58', '2022-08-24 17:26:58'),
(130, 107, '0202250820220032', NULL, NULL, NULL, NULL, NULL, NULL, NULL, NULL, NULL, NULL, NULL, NULL, NULL, NULL, NULL, NULL, NULL, NULL, NULL, NULL, NULL, 169, 78, 95, '2022-08-24 17:43:14', '2022-08-24 17:43:14'),
(131, 108, '0202250820220033', NULL, NULL, NULL, NULL, NULL, NULL, NULL, NULL, NULL, NULL, NULL, NULL, NULL, NULL, NULL, NULL, NULL, NULL, NULL, NULL, NULL, 168, 66, 88, '2022-08-24 17:44:07', '2022-08-24 17:44:07'),
(132, 109, '0202250820220034', NULL, NULL, NULL, NULL, NULL, NULL, NULL, NULL, NULL, NULL, NULL, NULL, NULL, NULL, NULL, NULL, NULL, NULL, NULL, NULL, NULL, 170, 59, 85, '2022-08-24 17:44:52', '2022-08-24 17:44:52'),
(133, 110, '0202250820220035', NULL, NULL, NULL, NULL, NULL, NULL, NULL, NULL, NULL, NULL, NULL, NULL, NULL, NULL, NULL, NULL, NULL, NULL, NULL, NULL, NULL, 169, 76, 98, '2022-08-24 17:45:37', '2022-08-24 17:45:37'),
(134, 111, '0202250820220036', NULL, NULL, NULL, NULL, NULL, NULL, NULL, NULL, NULL, NULL, NULL, NULL, NULL, NULL, NULL, NULL, NULL, NULL, NULL, NULL, NULL, 165, 83, 101, '2022-08-24 17:46:10', '2022-08-24 17:46:10'),
(135, 112, '0202250820220037', NULL, NULL, NULL, NULL, NULL, NULL, NULL, NULL, NULL, NULL, NULL, NULL, NULL, NULL, NULL, NULL, NULL, NULL, NULL, NULL, NULL, 1648, 86, 98, '2022-08-24 17:47:12', '2022-08-24 17:47:12'),
(136, 113, '0202250820220038', NULL, NULL, NULL, NULL, NULL, NULL, NULL, NULL, NULL, NULL, NULL, NULL, NULL, NULL, NULL, NULL, NULL, NULL, NULL, NULL, NULL, 160, 67, 85, '2022-08-24 17:48:20', '2022-08-24 17:48:20'),
(137, 114, '0202250820220039', NULL, NULL, NULL, NULL, NULL, NULL, NULL, NULL, NULL, NULL, NULL, NULL, NULL, NULL, NULL, NULL, NULL, NULL, NULL, NULL, NULL, 167, 75, 95, '2022-08-24 17:49:17', '2022-08-24 17:49:17'),
(138, 115, '0202250820220040', NULL, NULL, NULL, NULL, NULL, NULL, NULL, NULL, NULL, NULL, NULL, NULL, NULL, NULL, NULL, NULL, NULL, NULL, NULL, NULL, NULL, 159, 88, 117, '2022-08-24 17:50:08', '2022-08-24 17:50:08'),
(139, 116, '0202250820220041', NULL, NULL, NULL, NULL, NULL, NULL, NULL, NULL, NULL, NULL, NULL, NULL, NULL, NULL, NULL, NULL, NULL, NULL, NULL, NULL, NULL, 166, 68, 93, '2022-08-24 17:51:18', '2022-08-24 17:51:18'),
(140, 117, '0202250820220042', NULL, NULL, NULL, NULL, NULL, NULL, NULL, NULL, NULL, NULL, NULL, NULL, NULL, NULL, NULL, NULL, NULL, NULL, NULL, NULL, NULL, 185, 81, 95, '2022-08-24 17:53:21', '2022-08-24 17:53:21'),
(141, 118, '0202250820220043', NULL, NULL, NULL, NULL, NULL, NULL, NULL, NULL, NULL, NULL, NULL, NULL, NULL, NULL, NULL, NULL, NULL, NULL, NULL, NULL, NULL, 160, 81, 103, '2022-08-24 17:54:05', '2022-08-24 17:54:05'),
(142, 119, '0202250820220044', NULL, NULL, NULL, NULL, NULL, NULL, NULL, NULL, NULL, NULL, NULL, NULL, NULL, NULL, NULL, NULL, NULL, NULL, NULL, NULL, NULL, 171, 76, 98, '2022-08-24 17:54:51', '2022-08-24 17:54:51'),
(143, 120, '0202250820220045', NULL, NULL, NULL, NULL, NULL, NULL, NULL, NULL, NULL, NULL, NULL, NULL, NULL, NULL, NULL, NULL, NULL, NULL, NULL, NULL, NULL, 165, 66, 85, '2022-08-24 17:56:14', '2022-08-24 17:56:14'),
(144, 121, '0202250820220046', NULL, NULL, NULL, NULL, NULL, NULL, NULL, NULL, NULL, NULL, NULL, NULL, NULL, NULL, NULL, NULL, NULL, NULL, NULL, NULL, NULL, 165, 88, 107, '2022-08-24 17:57:03', '2022-08-24 17:57:03'),
(145, 122, '0202250820220047', NULL, NULL, NULL, NULL, NULL, NULL, NULL, NULL, NULL, NULL, NULL, NULL, NULL, NULL, NULL, NULL, NULL, NULL, NULL, NULL, NULL, 176, 108, 120, '2022-08-24 17:57:57', '2022-08-24 17:57:57'),
(146, 123, '0202250820220048', NULL, NULL, NULL, NULL, NULL, NULL, NULL, NULL, NULL, NULL, NULL, NULL, NULL, NULL, NULL, NULL, NULL, NULL, NULL, NULL, NULL, 175, 76, 97, '2022-08-24 17:59:12', '2022-08-24 17:59:12'),
(147, 124, '0202250820220049', NULL, NULL, NULL, NULL, NULL, NULL, NULL, NULL, NULL, NULL, NULL, NULL, NULL, NULL, NULL, NULL, NULL, NULL, NULL, NULL, NULL, 168, 65, 97, '2022-08-24 18:00:02', '2022-08-24 18:00:02'),
(148, 125, '0202250820220050', NULL, NULL, NULL, NULL, NULL, NULL, NULL, NULL, NULL, NULL, NULL, NULL, NULL, NULL, NULL, NULL, NULL, NULL, NULL, NULL, NULL, 155, 64, 100, '2022-08-24 18:00:53', '2022-08-24 18:00:53'),
(149, 126, '0202250820220051', NULL, NULL, NULL, NULL, NULL, NULL, NULL, NULL, NULL, NULL, NULL, NULL, NULL, NULL, NULL, NULL, NULL, NULL, NULL, NULL, NULL, 172, 76, 92, '2022-08-24 18:02:21', '2022-08-24 18:02:21'),
(150, 127, '0202250820220052', NULL, NULL, NULL, NULL, NULL, NULL, NULL, NULL, NULL, NULL, NULL, NULL, NULL, NULL, NULL, NULL, NULL, NULL, NULL, NULL, NULL, 158, 61, 75, '2022-08-24 18:03:07', '2022-08-24 18:03:07'),
(151, 128, '0202250820220053', NULL, NULL, NULL, NULL, NULL, NULL, NULL, NULL, NULL, NULL, NULL, NULL, NULL, NULL, NULL, NULL, NULL, NULL, NULL, NULL, NULL, 170, 70, 87, '2022-08-24 18:03:50', '2022-08-24 18:03:50'),
(152, 129, '0202250820220054', NULL, NULL, NULL, NULL, NULL, NULL, NULL, NULL, NULL, NULL, NULL, NULL, NULL, NULL, NULL, NULL, NULL, NULL, NULL, NULL, NULL, 162, 83, 101, '2022-08-24 18:05:05', '2022-08-24 18:05:05'),
(153, 130, '0202250820220055', NULL, NULL, NULL, NULL, NULL, NULL, NULL, NULL, NULL, NULL, NULL, NULL, NULL, NULL, NULL, NULL, NULL, NULL, NULL, NULL, NULL, 164, 69, 92, '2022-08-24 18:05:54', '2022-08-24 18:05:54'),
(154, 131, '0202250820220056', NULL, NULL, NULL, NULL, NULL, NULL, NULL, NULL, NULL, NULL, NULL, NULL, NULL, NULL, NULL, NULL, NULL, NULL, NULL, NULL, NULL, 164, 78, 104, '2022-08-24 18:06:42', '2022-08-24 18:06:42'),
(155, 132, '0202250820220057', NULL, NULL, NULL, NULL, NULL, NULL, NULL, NULL, NULL, NULL, NULL, NULL, NULL, NULL, NULL, NULL, NULL, NULL, NULL, NULL, NULL, 167, 84, 114, '2022-08-24 18:07:23', '2022-08-24 18:07:23'),
(156, 133, '0202250820220058', NULL, NULL, NULL, NULL, NULL, NULL, NULL, NULL, NULL, NULL, NULL, NULL, NULL, NULL, NULL, NULL, NULL, NULL, NULL, NULL, NULL, 167, 69, 93, '2022-08-24 18:47:30', '2022-08-24 18:47:30'),
(157, 134, '0202250820220059', NULL, NULL, NULL, NULL, NULL, NULL, NULL, NULL, NULL, NULL, NULL, NULL, NULL, NULL, NULL, NULL, NULL, NULL, NULL, NULL, NULL, 172, 62, 84, '2022-08-24 18:48:57', '2022-08-24 18:48:57'),
(158, 135, '0202250820220060', NULL, NULL, NULL, NULL, NULL, NULL, NULL, NULL, NULL, NULL, NULL, NULL, NULL, NULL, NULL, NULL, NULL, NULL, NULL, NULL, NULL, 167, 74, 108, '2022-08-24 18:50:53', '2022-08-24 18:50:53'),
(159, 136, '0202250820220061', NULL, NULL, NULL, NULL, NULL, NULL, NULL, NULL, NULL, NULL, NULL, NULL, NULL, NULL, NULL, NULL, NULL, NULL, NULL, NULL, NULL, 168, 72, 85, '2022-08-24 18:52:02', '2022-08-24 18:52:02'),
(160, 137, '0202250820220062', NULL, NULL, NULL, NULL, NULL, NULL, NULL, NULL, NULL, NULL, NULL, NULL, NULL, NULL, NULL, NULL, NULL, NULL, NULL, NULL, NULL, 169, 78, 91, '2022-08-24 18:58:59', '2022-08-24 18:58:59'),
(161, 138, '0202250820220063', NULL, NULL, NULL, NULL, NULL, NULL, NULL, NULL, NULL, NULL, NULL, NULL, NULL, NULL, NULL, NULL, NULL, NULL, NULL, NULL, NULL, 161, 71, 100, '2022-08-24 19:01:07', '2022-08-24 19:01:07'),
(162, 139, '0202250820220064', NULL, NULL, NULL, NULL, NULL, NULL, NULL, NULL, NULL, NULL, NULL, NULL, NULL, NULL, NULL, NULL, NULL, NULL, NULL, NULL, NULL, 165, 84, 100, '2022-08-24 19:02:21', '2022-08-24 19:02:21'),
(163, 140, '0202250820220065', NULL, NULL, NULL, NULL, NULL, NULL, NULL, NULL, NULL, NULL, NULL, NULL, NULL, NULL, NULL, NULL, NULL, NULL, NULL, NULL, NULL, 177, 72, 91, '2022-08-24 19:03:32', '2022-08-24 19:03:32'),
(164, 141, '0202250820220066', NULL, NULL, NULL, NULL, NULL, NULL, NULL, NULL, NULL, NULL, NULL, NULL, NULL, NULL, NULL, NULL, NULL, NULL, NULL, NULL, NULL, 166, 73, 89, '2022-08-24 20:11:53', '2022-08-24 20:11:53'),
(165, 142, '0202250820220067', NULL, NULL, NULL, NULL, NULL, NULL, NULL, NULL, NULL, NULL, NULL, NULL, NULL, NULL, NULL, NULL, NULL, NULL, NULL, NULL, NULL, 186, 86, 103, '2022-08-24 20:13:28', '2022-08-24 20:13:28'),
(166, 143, '0202250820220068', NULL, NULL, NULL, NULL, NULL, NULL, NULL, NULL, NULL, NULL, NULL, NULL, NULL, NULL, NULL, NULL, NULL, NULL, NULL, NULL, NULL, 170, 72, 94, '2022-08-24 20:14:47', '2022-08-24 20:14:47'),
(167, 144, '0202250820220069', NULL, NULL, NULL, NULL, NULL, NULL, NULL, NULL, NULL, NULL, NULL, NULL, NULL, NULL, NULL, NULL, NULL, NULL, NULL, NULL, NULL, 164, 64, 87, '2022-08-24 20:16:20', '2022-08-24 20:16:20'),
(168, 145, '0202250820220070', NULL, NULL, NULL, NULL, NULL, NULL, NULL, NULL, NULL, NULL, NULL, NULL, NULL, NULL, NULL, NULL, NULL, NULL, NULL, NULL, NULL, 170, 73, 88, '2022-08-24 20:17:39', '2022-08-24 20:17:39'),
(169, 146, '0202250820220071', NULL, NULL, NULL, NULL, NULL, NULL, NULL, NULL, NULL, NULL, NULL, NULL, NULL, NULL, NULL, NULL, NULL, NULL, NULL, NULL, NULL, 163, 71, 90, '2022-08-24 20:18:45', '2022-08-24 20:18:45'),
(170, 147, '0202250820220072', NULL, NULL, NULL, NULL, NULL, NULL, NULL, NULL, NULL, NULL, NULL, NULL, NULL, NULL, NULL, NULL, NULL, NULL, NULL, NULL, NULL, 169, 80, 103, '2022-08-24 20:19:46', '2022-08-24 20:19:46'),
(171, 148, '0202250820220073', NULL, NULL, NULL, NULL, NULL, NULL, NULL, NULL, NULL, NULL, NULL, NULL, NULL, NULL, NULL, NULL, NULL, NULL, NULL, NULL, NULL, 151, 66, 93, '2022-08-24 20:20:51', '2022-08-24 20:20:51'),
(172, 149, '0202250820220074', NULL, NULL, NULL, NULL, NULL, NULL, NULL, NULL, NULL, NULL, NULL, NULL, NULL, NULL, NULL, NULL, NULL, NULL, NULL, NULL, NULL, 154, 68, 93, '2022-08-24 20:22:48', '2022-08-24 20:22:48'),
(173, 150, '0202250820220075', NULL, NULL, NULL, NULL, NULL, NULL, NULL, NULL, NULL, NULL, NULL, NULL, NULL, NULL, NULL, NULL, NULL, NULL, NULL, NULL, NULL, 72, 79, 98, '2022-08-24 20:24:29', '2022-08-24 20:24:29'),
(174, 151, '0202250820220076', NULL, NULL, NULL, NULL, NULL, NULL, NULL, NULL, NULL, NULL, NULL, NULL, NULL, NULL, NULL, NULL, NULL, NULL, NULL, NULL, NULL, 165, 78, 98, '2022-08-24 20:27:15', '2022-08-24 20:27:15'),
(175, 152, '0202250820220077', NULL, NULL, NULL, NULL, NULL, NULL, NULL, NULL, NULL, NULL, NULL, NULL, NULL, NULL, NULL, NULL, NULL, NULL, NULL, NULL, NULL, 171, 104, 113, '2022-08-24 20:28:33', '2022-08-24 20:28:33'),
(176, 153, '0202250820220078', NULL, NULL, NULL, NULL, NULL, NULL, NULL, NULL, NULL, NULL, NULL, NULL, NULL, NULL, NULL, NULL, NULL, NULL, NULL, NULL, NULL, 151, 61, 93, '2022-08-24 20:29:37', '2022-08-24 20:29:37'),
(177, 154, '0202250820220079', NULL, NULL, NULL, NULL, NULL, NULL, NULL, NULL, NULL, NULL, NULL, NULL, NULL, NULL, NULL, NULL, NULL, NULL, NULL, NULL, NULL, 163, 52, 74, '2022-08-24 20:31:02', '2022-08-24 20:31:02'),
(178, 155, '0202250820220080', NULL, NULL, NULL, NULL, NULL, NULL, NULL, NULL, NULL, NULL, NULL, NULL, NULL, NULL, NULL, NULL, NULL, NULL, NULL, NULL, NULL, 177, 98, 101, '2022-08-24 20:38:22', '2022-08-24 20:38:22'),
(179, 156, '0202250820220081', NULL, NULL, NULL, NULL, NULL, NULL, NULL, NULL, NULL, NULL, NULL, NULL, NULL, NULL, NULL, NULL, NULL, NULL, NULL, NULL, NULL, 159, 58, 82, '2022-08-24 20:39:29', '2022-08-24 20:39:29'),
(180, 157, '0202250820220082', NULL, NULL, NULL, NULL, NULL, NULL, NULL, NULL, NULL, NULL, NULL, NULL, NULL, NULL, NULL, NULL, NULL, NULL, NULL, NULL, NULL, 174, 85, 91, '2022-08-24 20:48:56', '2022-08-24 20:48:56'),
(181, 158, '0202250820220083', NULL, NULL, NULL, NULL, NULL, NULL, NULL, NULL, NULL, NULL, NULL, NULL, NULL, NULL, NULL, NULL, NULL, NULL, NULL, NULL, NULL, 158, 70, 97, '2022-08-24 20:53:10', '2022-08-24 20:53:10'),
(182, 159, '0202250820220084', NULL, NULL, NULL, NULL, NULL, NULL, NULL, NULL, NULL, NULL, NULL, NULL, NULL, NULL, NULL, NULL, NULL, NULL, NULL, NULL, NULL, 166, 69, 90, '2022-08-24 20:56:31', '2022-08-24 20:56:31'),
(183, 160, '0202250820220085', NULL, NULL, NULL, NULL, NULL, NULL, NULL, NULL, NULL, NULL, NULL, NULL, NULL, NULL, NULL, NULL, NULL, NULL, NULL, NULL, NULL, 172, 77, 89, '2022-08-24 20:57:28', '2022-08-24 20:57:28'),
(184, 161, '0202250820220086', NULL, NULL, NULL, NULL, NULL, NULL, NULL, NULL, NULL, NULL, NULL, NULL, NULL, NULL, NULL, NULL, NULL, NULL, NULL, NULL, NULL, 169, 88, 97, '2022-08-24 20:59:02', '2022-08-24 20:59:02'),
(185, 162, '0202250820220087', NULL, NULL, NULL, NULL, NULL, NULL, NULL, NULL, NULL, NULL, NULL, NULL, NULL, NULL, NULL, NULL, NULL, NULL, NULL, NULL, NULL, 155, 67, 93, '2022-08-24 21:00:12', '2022-08-24 21:00:12'),
(186, 163, '0202250820220088', NULL, NULL, NULL, NULL, NULL, NULL, NULL, NULL, NULL, NULL, NULL, NULL, NULL, NULL, NULL, NULL, NULL, NULL, NULL, NULL, NULL, 161, 82, 98, '2022-08-24 21:01:15', '2022-08-24 21:01:15'),
(187, 164, '0202250820220089', NULL, NULL, NULL, NULL, NULL, NULL, NULL, NULL, NULL, NULL, NULL, NULL, NULL, NULL, NULL, NULL, NULL, NULL, NULL, NULL, NULL, 169, 73, 94, '2022-08-24 21:02:22', '2022-08-24 21:02:22'),
(188, 165, '0202250820220090', NULL, NULL, NULL, NULL, NULL, NULL, NULL, NULL, NULL, NULL, NULL, NULL, NULL, NULL, NULL, NULL, NULL, NULL, NULL, NULL, NULL, 169, 74, 90, '2022-08-24 21:03:36', '2022-08-24 21:03:36'),
(189, 166, '0202250820220091', NULL, NULL, NULL, NULL, NULL, NULL, NULL, NULL, NULL, NULL, NULL, NULL, NULL, NULL, NULL, NULL, NULL, NULL, NULL, NULL, NULL, 170, 87, 102, '2022-08-24 21:14:13', '2022-08-24 21:14:13'),
(190, 167, '0202250820220092', NULL, NULL, NULL, NULL, NULL, NULL, NULL, NULL, NULL, NULL, NULL, NULL, NULL, NULL, NULL, NULL, NULL, NULL, NULL, NULL, NULL, 163, 87, 109, '2022-08-24 21:15:41', '2022-08-24 21:15:41'),
(191, 168, '0202250820220093', NULL, NULL, NULL, NULL, NULL, NULL, NULL, NULL, NULL, NULL, NULL, NULL, NULL, NULL, NULL, NULL, NULL, NULL, NULL, NULL, NULL, 173, 95, 96, '2022-08-24 21:17:10', '2022-08-24 21:17:10'),
(192, 169, '0202250820220094', NULL, NULL, NULL, NULL, NULL, NULL, NULL, NULL, NULL, NULL, NULL, NULL, NULL, NULL, NULL, NULL, NULL, NULL, NULL, NULL, NULL, 160, 55, 73, '2022-08-24 21:19:13', '2022-08-24 21:19:13'),
(193, 170, '0202250820220095', NULL, NULL, NULL, NULL, NULL, NULL, NULL, NULL, NULL, NULL, NULL, NULL, NULL, NULL, NULL, NULL, NULL, NULL, NULL, NULL, NULL, 173, 66, 82, '2022-08-24 22:01:47', '2022-08-24 22:01:47'),
(194, 171, '0202250820220096', NULL, NULL, NULL, NULL, NULL, NULL, NULL, NULL, NULL, NULL, NULL, NULL, NULL, NULL, NULL, NULL, NULL, NULL, NULL, NULL, NULL, 160, 74, 92, '2022-08-24 22:02:50', '2022-08-24 22:02:50'),
(195, 172, '0202250820220097', NULL, NULL, NULL, NULL, NULL, NULL, NULL, NULL, NULL, NULL, NULL, NULL, NULL, NULL, NULL, NULL, NULL, NULL, NULL, NULL, NULL, 154, 69, 98, '2022-08-24 22:04:01', '2022-08-24 22:04:01'),
(196, 173, '0202250820220098', NULL, NULL, NULL, NULL, NULL, NULL, NULL, NULL, NULL, NULL, NULL, NULL, NULL, NULL, NULL, NULL, NULL, NULL, NULL, NULL, NULL, 166, 80, 105, '2022-08-24 22:04:59', '2022-08-24 22:04:59'),
(197, 174, '0202250820220099', NULL, NULL, NULL, NULL, NULL, NULL, NULL, NULL, NULL, NULL, NULL, NULL, NULL, NULL, NULL, NULL, NULL, NULL, NULL, NULL, NULL, 167, 68, 83, '2022-08-24 22:06:16', '2022-08-24 22:06:16'),
(198, 175, '0202250820220100', NULL, NULL, NULL, NULL, NULL, NULL, NULL, NULL, NULL, NULL, NULL, NULL, NULL, NULL, NULL, NULL, NULL, NULL, NULL, NULL, NULL, 169, 81, 97, '2022-08-24 22:07:28', '2022-08-24 22:07:28'),
(199, 176, '0202250820220101', NULL, NULL, NULL, NULL, NULL, NULL, NULL, NULL, NULL, NULL, NULL, NULL, NULL, NULL, NULL, NULL, NULL, NULL, NULL, NULL, NULL, 168, 82, 104, '2022-08-24 22:09:07', '2022-08-24 22:09:07'),
(200, 177, '0202250820220102', NULL, NULL, NULL, NULL, NULL, NULL, NULL, NULL, NULL, NULL, NULL, NULL, NULL, NULL, NULL, NULL, NULL, NULL, NULL, NULL, NULL, 146, 54, 87, '2022-08-24 22:10:15', '2022-08-24 22:10:15'),
(201, 178, '0202250820220103', NULL, NULL, NULL, NULL, NULL, NULL, NULL, NULL, NULL, NULL, NULL, NULL, NULL, NULL, NULL, NULL, NULL, NULL, NULL, NULL, NULL, 163, 48, 77, '2022-08-24 22:11:00', '2022-08-24 22:11:00'),
(202, 179, '0202250820220104', NULL, NULL, NULL, NULL, NULL, NULL, NULL, NULL, NULL, NULL, NULL, NULL, NULL, NULL, NULL, NULL, NULL, NULL, NULL, NULL, NULL, 170, 79, 87, '2022-08-24 22:13:06', '2022-08-24 22:13:06'),
(203, 180, '0202250820220105', NULL, NULL, NULL, NULL, NULL, NULL, NULL, NULL, NULL, NULL, NULL, NULL, NULL, NULL, NULL, NULL, NULL, NULL, NULL, NULL, NULL, 150, 57, 86, '2022-08-25 00:22:13', '2022-08-25 00:22:13'),
(204, 181, '0202250820220106', NULL, NULL, NULL, NULL, NULL, NULL, NULL, NULL, NULL, NULL, NULL, NULL, NULL, NULL, NULL, NULL, NULL, NULL, NULL, NULL, NULL, 166, 85, 100, '2022-08-25 00:29:18', '2022-08-25 00:29:18'),
(205, 182, '0202250820220107', NULL, NULL, NULL, NULL, NULL, NULL, NULL, NULL, NULL, NULL, NULL, NULL, NULL, NULL, NULL, NULL, NULL, NULL, NULL, NULL, NULL, 153, 59, 85, '2022-08-25 00:31:29', '2022-08-25 00:31:29'),
(206, 183, '0202250820220108', NULL, NULL, NULL, NULL, NULL, NULL, NULL, NULL, NULL, NULL, NULL, NULL, NULL, NULL, NULL, NULL, NULL, NULL, NULL, NULL, NULL, 168, 67, 90, '2022-08-25 00:33:16', '2022-08-25 00:33:16'),
(207, 184, '0202250820220109', NULL, NULL, NULL, NULL, NULL, NULL, NULL, NULL, NULL, NULL, NULL, NULL, NULL, NULL, NULL, NULL, NULL, NULL, NULL, NULL, NULL, 168, 100, 116, '2022-08-25 00:35:27', '2022-08-25 00:35:27'),
(208, 185, '0202250820220110', NULL, NULL, NULL, NULL, NULL, NULL, NULL, NULL, NULL, NULL, NULL, NULL, NULL, NULL, NULL, NULL, NULL, NULL, NULL, NULL, NULL, 160, 75, 96, '2022-08-25 00:37:06', '2022-08-25 00:37:06'),
(209, 186, '0202250820220111', NULL, NULL, NULL, NULL, NULL, NULL, NULL, NULL, NULL, NULL, NULL, NULL, NULL, NULL, NULL, NULL, NULL, NULL, NULL, NULL, NULL, 169, 77, 94, '2022-08-25 00:39:13', '2022-08-25 00:39:13'),
(210, 187, '0202250820220112', NULL, NULL, NULL, NULL, NULL, NULL, NULL, NULL, NULL, NULL, NULL, NULL, NULL, NULL, NULL, NULL, NULL, NULL, NULL, NULL, NULL, 171, 97, 112, '2022-08-25 00:40:27', '2022-08-25 00:40:27'),
(211, 188, '0202250820220113', NULL, NULL, NULL, NULL, NULL, NULL, NULL, NULL, NULL, NULL, NULL, NULL, NULL, NULL, NULL, NULL, NULL, NULL, NULL, NULL, NULL, 162, 71, 96, '2022-08-25 01:01:59', '2022-08-25 01:01:59'),
(212, 189, '0202250820220114', NULL, NULL, NULL, NULL, NULL, NULL, NULL, NULL, NULL, NULL, NULL, NULL, NULL, NULL, NULL, NULL, NULL, NULL, NULL, NULL, NULL, 166, 70, 96, '2022-08-25 01:03:36', '2022-08-25 01:03:36'),
(213, 190, '0202250820220115', NULL, NULL, NULL, NULL, NULL, NULL, NULL, NULL, NULL, NULL, NULL, NULL, NULL, NULL, NULL, NULL, NULL, NULL, NULL, NULL, NULL, 167, 79, 95, '2022-08-25 01:06:35', '2022-08-25 01:06:35'),
(214, 191, '0202250820220116', NULL, NULL, NULL, NULL, NULL, NULL, NULL, NULL, NULL, NULL, NULL, NULL, NULL, NULL, NULL, NULL, NULL, NULL, NULL, NULL, NULL, 165, 82, 94, '2022-08-25 01:33:23', '2022-08-25 01:33:23'),
(215, 192, '0202250820220117', NULL, NULL, NULL, NULL, NULL, NULL, NULL, NULL, NULL, NULL, NULL, NULL, NULL, NULL, NULL, NULL, NULL, NULL, NULL, NULL, NULL, 170, 80, 94, '2022-08-25 01:34:18', '2022-08-25 01:34:18'),
(216, 193, '0202250820220118', NULL, NULL, NULL, NULL, NULL, NULL, NULL, NULL, NULL, NULL, NULL, NULL, NULL, NULL, NULL, NULL, NULL, NULL, NULL, NULL, NULL, 168, 82, 95, '2022-08-25 01:35:12', '2022-08-25 01:35:12'),
(217, 194, '0202250820220119', NULL, NULL, NULL, NULL, NULL, NULL, NULL, NULL, NULL, NULL, NULL, NULL, NULL, NULL, NULL, NULL, NULL, NULL, NULL, NULL, NULL, 160, 60, 82, '2022-08-25 01:36:05', '2022-08-25 01:36:05'),
(218, 195, '0202250820220120', NULL, NULL, NULL, NULL, NULL, NULL, NULL, NULL, NULL, NULL, NULL, NULL, NULL, NULL, NULL, NULL, NULL, NULL, NULL, NULL, NULL, 167, 100, 108, '2022-08-25 01:38:03', '2022-08-25 01:38:03'),
(219, 196, '0202250820220121', NULL, NULL, NULL, NULL, NULL, NULL, NULL, NULL, NULL, NULL, NULL, NULL, NULL, NULL, NULL, NULL, NULL, NULL, NULL, NULL, NULL, 168, 79, 96, '2022-08-25 01:38:54', '2022-08-25 01:38:54'),
(220, 197, '0202250820220122', NULL, NULL, NULL, NULL, NULL, NULL, NULL, NULL, NULL, NULL, NULL, NULL, NULL, NULL, NULL, NULL, NULL, NULL, NULL, NULL, NULL, 163, 81, 100, '2022-08-25 01:39:52', '2022-08-25 01:39:52'),
(221, 198, '0202250820220123', NULL, NULL, NULL, NULL, NULL, NULL, NULL, NULL, NULL, NULL, NULL, NULL, NULL, NULL, NULL, NULL, NULL, NULL, NULL, NULL, NULL, 163, 67, 87, '2022-08-25 01:41:09', '2022-08-25 01:41:09'),
(222, 199, '0202250820220124', NULL, NULL, NULL, NULL, NULL, NULL, NULL, NULL, NULL, NULL, NULL, NULL, NULL, NULL, NULL, NULL, NULL, NULL, NULL, NULL, NULL, 162, 58, 80, '2022-08-25 01:43:46', '2022-08-25 01:43:46'),
(223, 200, '0202250820220125', NULL, NULL, NULL, NULL, NULL, NULL, NULL, NULL, NULL, NULL, NULL, NULL, NULL, NULL, NULL, NULL, NULL, NULL, NULL, NULL, NULL, 169, 71, 84, '2022-08-25 01:47:06', '2022-08-25 01:47:06'),
(224, 201, '0202250820220126', NULL, NULL, NULL, NULL, NULL, NULL, NULL, NULL, NULL, NULL, NULL, NULL, NULL, NULL, NULL, NULL, NULL, NULL, NULL, NULL, NULL, 158, 54, 89, '2022-08-25 01:49:19', '2022-08-25 01:49:19'),
(225, 202, '0202250820220127', NULL, NULL, NULL, NULL, NULL, NULL, NULL, NULL, NULL, NULL, NULL, NULL, NULL, NULL, NULL, NULL, NULL, NULL, NULL, NULL, NULL, 161, 69, 93, '2022-08-25 01:53:14', '2022-08-25 01:53:14'),
(226, 203, '0202250820220128', NULL, NULL, NULL, NULL, NULL, NULL, NULL, NULL, NULL, NULL, NULL, NULL, NULL, NULL, NULL, NULL, NULL, NULL, NULL, NULL, NULL, 157, 55, 81, '2022-08-25 01:55:53', '2022-08-25 01:55:53'),
(227, 204, '0202250820220129', NULL, NULL, NULL, NULL, NULL, NULL, NULL, NULL, NULL, NULL, NULL, NULL, NULL, NULL, NULL, NULL, NULL, NULL, NULL, NULL, NULL, 173, 49, 61, '2022-08-25 01:57:18', '2022-08-25 01:57:18'),
(228, 205, '0202250820220130', NULL, NULL, NULL, NULL, NULL, NULL, NULL, NULL, NULL, NULL, NULL, NULL, NULL, NULL, NULL, NULL, NULL, NULL, NULL, NULL, NULL, 168, 85, 98, '2022-08-25 01:58:56', '2022-08-25 01:58:56'),
(229, 206, '0202250820220131', NULL, NULL, NULL, NULL, NULL, NULL, NULL, NULL, NULL, NULL, NULL, NULL, NULL, NULL, NULL, NULL, NULL, NULL, NULL, NULL, NULL, 159, 69, 79, '2022-08-25 02:00:06', '2022-08-25 02:00:06'),
(230, 207, '0202250820220132', NULL, NULL, NULL, NULL, NULL, NULL, NULL, NULL, NULL, NULL, NULL, NULL, NULL, NULL, NULL, NULL, NULL, NULL, NULL, NULL, NULL, 167, 71, 84, '2022-08-25 02:01:10', '2022-08-25 02:01:10'),
(231, 208, '0202250820220133', NULL, NULL, NULL, NULL, NULL, NULL, NULL, NULL, NULL, NULL, NULL, NULL, NULL, NULL, NULL, NULL, NULL, NULL, NULL, NULL, NULL, 176, 61, 75, '2022-08-25 02:05:16', '2022-08-25 02:05:16'),
(232, 209, '0202250820220134', NULL, NULL, NULL, NULL, NULL, NULL, NULL, NULL, NULL, NULL, NULL, NULL, NULL, NULL, NULL, NULL, NULL, NULL, NULL, NULL, NULL, 171, 98, 103, '2022-08-25 02:06:33', '2022-08-25 02:06:33'),
(233, 210, '0202250820220135', NULL, NULL, NULL, NULL, NULL, NULL, NULL, NULL, NULL, NULL, NULL, NULL, NULL, NULL, NULL, NULL, NULL, NULL, NULL, NULL, NULL, 173, 80, 90, '2022-08-25 02:07:30', '2022-08-25 02:07:30'),
(234, 211, '0202250820220136', NULL, NULL, NULL, NULL, NULL, NULL, NULL, NULL, NULL, NULL, NULL, NULL, NULL, NULL, NULL, NULL, NULL, NULL, NULL, NULL, NULL, 170, 56, 79, '2022-08-25 02:08:32', '2022-08-25 02:08:32'),
(235, 212, '0202250820220137', NULL, NULL, NULL, NULL, NULL, NULL, NULL, NULL, NULL, NULL, NULL, NULL, NULL, NULL, NULL, NULL, NULL, NULL, NULL, NULL, NULL, 172, 80, 100, '2022-08-25 02:09:28', '2022-08-25 02:09:28'),
(236, 213, '0202250820220138', NULL, NULL, NULL, NULL, NULL, NULL, NULL, NULL, NULL, NULL, NULL, NULL, NULL, NULL, NULL, NULL, NULL, NULL, NULL, NULL, NULL, 152, 58, 76, '2022-08-25 02:10:48', '2022-08-25 02:10:48'),
(237, 214, '0202250820220139', NULL, NULL, NULL, NULL, NULL, NULL, NULL, NULL, NULL, NULL, NULL, NULL, NULL, NULL, NULL, NULL, NULL, NULL, NULL, NULL, NULL, 159, 51, 71, '2022-08-25 02:12:54', '2022-08-25 02:12:54'),
(238, 216, '0202250820220140', NULL, NULL, NULL, NULL, NULL, NULL, NULL, NULL, NULL, NULL, NULL, NULL, NULL, NULL, NULL, NULL, NULL, NULL, NULL, NULL, NULL, 167, 72, 87, '2022-08-25 02:17:56', '2022-08-25 02:17:56'),
(239, 217, '0202250820220141', NULL, NULL, NULL, NULL, NULL, NULL, NULL, NULL, NULL, NULL, NULL, NULL, NULL, NULL, NULL, NULL, NULL, NULL, NULL, NULL, NULL, 163, 66, 84, '2022-08-25 02:18:51', '2022-08-25 02:18:51'),
(240, 218, '0202250820220142', NULL, NULL, NULL, NULL, NULL, NULL, NULL, NULL, NULL, NULL, NULL, NULL, NULL, NULL, NULL, NULL, NULL, NULL, NULL, NULL, NULL, 174, 81, 93, '2022-08-25 02:22:49', '2022-08-25 02:22:49'),
(241, 219, '0202250820220143', NULL, NULL, NULL, NULL, NULL, NULL, NULL, NULL, NULL, NULL, NULL, NULL, NULL, NULL, NULL, NULL, NULL, NULL, NULL, NULL, NULL, 182, 82, 103, '2022-08-25 02:24:34', '2022-08-25 02:24:34');

-- --------------------------------------------------------

--
-- Struktur dari tabel `konsultasi_tersurat`
--

CREATE TABLE `konsultasi_tersurat` (
  `id` bigint(20) UNSIGNED NOT NULL,
  `sektoral_id` bigint(20) UNSIGNED NOT NULL,
  `umum_id` bigint(20) UNSIGNED NOT NULL,
  `hal_id` bigint(20) UNSIGNED NOT NULL,
  `status_id` bigint(20) UNSIGNED NOT NULL,
  `no_registrasi` varchar(191) COLLATE utf8mb4_unicode_ci NOT NULL,
  `risalah` varchar(191) COLLATE utf8mb4_unicode_ci NOT NULL,
  `lokasi_file` varchar(191) COLLATE utf8mb4_unicode_ci NOT NULL,
  `lokasi_file_jawab` varchar(191) COLLATE utf8mb4_unicode_ci NOT NULL,
  `email` varchar(191) COLLATE utf8mb4_unicode_ci NOT NULL,
  `created_at` timestamp NULL DEFAULT NULL,
  `updated_at` timestamp NULL DEFAULT NULL
) ENGINE=InnoDB DEFAULT CHARSET=utf8mb4 COLLATE=utf8mb4_unicode_ci;

-- --------------------------------------------------------

--
-- Struktur dari tabel `migrations`
--

CREATE TABLE `migrations` (
  `id` int(10) UNSIGNED NOT NULL,
  `migration` varchar(191) COLLATE utf8mb4_unicode_ci NOT NULL,
  `batch` int(11) NOT NULL
) ENGINE=InnoDB DEFAULT CHARSET=utf8mb4 COLLATE=utf8mb4_unicode_ci;

--
-- Dumping data untuk tabel `migrations`
--

INSERT INTO `migrations` (`id`, `migration`, `batch`) VALUES
(1, '2014_10_12_000000_create_users_table', 1),
(2, '2014_10_12_100000_create_password_resets_table', 1),
(3, '2019_08_08_134705_create_kabupaten_table', 1),
(4, '2019_08_08_134751_create_kecamatan_table', 1),
(5, '2019_08_08_134802_create_kemukiman_table', 1),
(6, '2019_08_08_134811_create_gampong_table', 1),
(7, '2019_08_08_134828_create_unsur_table', 1),
(8, '2019_08_08_134829_create_umum_table', 1),
(9, '2019_08_08_135002_create_pemangku_table', 1),
(10, '2019_08_08_140811_create_kepegawaian_table', 1),
(11, '2019_08_08_140812_create_administrator_table', 1),
(12, '2019_08_08_140930_create_satuan_kerja_table', 1),
(13, '2019_08_08_141040_create_ruang_table', 1),
(14, '2019_08_08_141045_create_hal_table', 1),
(15, '2019_08_08_141046_create_bagian_table', 1),
(16, '2019_08_08_141047_create_sektoral_table', 1),
(17, '2019_08_08_141048_create_konsultasi_table', 1),
(18, '2019_08_08_141049_create_terjadwal_table', 1),
(19, '2019_08_08_141109_create_terekap_table', 1),
(20, '2019_08_08_141239_create_dokumen_table', 1),
(21, '2019_08_08_141312_create_status_konsultasi_table', 1),
(22, '2019_08_08_141400_create_tahapan_table', 1),
(23, '2019_08_08_141500_create_pemangku_konsultasi_table', 1),
(24, '2019_08_08_141550_create_jurnal_konsultasi_table', 1),
(25, '2019_10_04_165639_create_faqs_table', 1),
(26, '2019_10_06_133110_create_jenis_peraturan_table', 1),
(27, '2019_10_06_133118_create_peraturan_table', 1),
(28, '2019_10_08_013406_create_tema_soal_table', 1),
(29, '2019_10_08_013448_create_soal_table', 1),
(30, '2019_10_08_013740_create_jawaban_table', 1),
(31, '2019_10_08_013741_create_jawaban_soal_table', 1),
(32, '2019_10_08_014431_create_jawaban_soal_kecamatan_table', 1),
(33, '2021_10_19_014431_create_aspek_soal_table', 1),
(34, '2021_10_19_014432_create_subindikator_table', 1),
(35, '2021_10_19_014434_create_jawaban_subin_kecamatan_table', 1),
(36, '2021_11_26_202758_create_status_konsultasiter_table', 2),
(37, '2021_12_01_182232_create_konsultasi_tersurat_table', 2);

-- --------------------------------------------------------

--
-- Struktur dari tabel `password_resets`
--

CREATE TABLE `password_resets` (
  `email` varchar(191) COLLATE utf8mb4_unicode_ci NOT NULL,
  `token` varchar(191) COLLATE utf8mb4_unicode_ci NOT NULL,
  `created_at` timestamp NULL DEFAULT NULL
) ENGINE=InnoDB DEFAULT CHARSET=utf8mb4 COLLATE=utf8mb4_unicode_ci;

-- --------------------------------------------------------

--
-- Struktur dari tabel `pemangku`
--

CREATE TABLE `pemangku` (
  `id` bigint(20) UNSIGNED NOT NULL,
  `nama` varchar(191) COLLATE utf8mb4_unicode_ci NOT NULL,
  `keterangan` varchar(191) COLLATE utf8mb4_unicode_ci NOT NULL,
  `created_at` timestamp NULL DEFAULT NULL,
  `updated_at` timestamp NULL DEFAULT NULL
) ENGINE=InnoDB DEFAULT CHARSET=utf8mb4 COLLATE=utf8mb4_unicode_ci;

--
-- Dumping data untuk tabel `pemangku`
--

INSERT INTO `pemangku` (`id`, `nama`, `keterangan`, `created_at`, `updated_at`) VALUES
(1, 'Diabetes Melitus', '1234567', NULL, NULL),
(2, 'Hipertensi', '1234567', NULL, NULL),
(3, 'Dislipidemia', '1234567', NULL, NULL),
(4, 'Gangguan Fungsi Hati(GFH)', '1234567', NULL, NULL),
(5, 'Gangguan Fungsi Ginjal(GFG)', '1234567', NULL, NULL),
(6, 'Obesitas', '1234567', NULL, NULL),
(7, 'Gangguan Fungsi Jantung(GFJ)', '1234567', NULL, NULL),
(8, 'Gangguan Persendian', '1234567', NULL, NULL),
(9, 'Gangguan Fungsi Paru', '1234567', NULL, NULL);

-- --------------------------------------------------------

--
-- Struktur dari tabel `pemangku_konsultasi`
--

CREATE TABLE `pemangku_konsultasi` (
  `pemangku_id` bigint(20) UNSIGNED NOT NULL,
  `konsultasi_id` bigint(20) UNSIGNED NOT NULL,
  `created_at` timestamp NULL DEFAULT NULL,
  `updated_at` timestamp NULL DEFAULT NULL
) ENGINE=InnoDB DEFAULT CHARSET=utf8mb4 COLLATE=utf8mb4_unicode_ci;

--
-- Dumping data untuk tabel `pemangku_konsultasi`
--

INSERT INTO `pemangku_konsultasi` (`pemangku_id`, `konsultasi_id`, `created_at`, `updated_at`) VALUES
(1, 34, NULL, NULL),
(1, 66, NULL, NULL),
(1, 68, NULL, NULL),
(1, 70, NULL, NULL),
(1, 71, NULL, NULL),
(1, 75, NULL, NULL),
(1, 147, NULL, NULL),
(2, 34, NULL, NULL),
(2, 62, NULL, NULL),
(2, 63, NULL, NULL),
(2, 65, NULL, NULL),
(2, 66, NULL, NULL),
(2, 68, NULL, NULL),
(2, 70, NULL, NULL),
(2, 71, NULL, NULL),
(2, 74, NULL, NULL),
(2, 141, NULL, NULL),
(2, 147, NULL, NULL),
(2, 148, NULL, NULL),
(2, 155, NULL, NULL),
(3, 39, NULL, NULL),
(3, 54, NULL, NULL),
(3, 63, NULL, NULL),
(3, 64, NULL, NULL),
(3, 65, NULL, NULL),
(3, 70, NULL, NULL),
(3, 72, NULL, NULL),
(3, 75, NULL, NULL),
(3, 141, NULL, NULL),
(3, 147, NULL, NULL),
(3, 148, NULL, NULL),
(3, 152, NULL, NULL),
(3, 153, NULL, NULL),
(3, 154, NULL, NULL),
(3, 155, NULL, NULL),
(4, 46, NULL, NULL),
(4, 47, NULL, NULL),
(4, 54, NULL, NULL),
(4, 57, NULL, NULL),
(4, 61, NULL, NULL),
(4, 70, NULL, NULL),
(5, 47, NULL, NULL),
(5, 57, NULL, NULL),
(5, 58, NULL, NULL),
(5, 61, NULL, NULL),
(6, 39, NULL, NULL),
(6, 49, NULL, NULL),
(6, 58, NULL, NULL),
(6, 60, NULL, NULL),
(6, 62, NULL, NULL),
(6, 63, NULL, NULL),
(6, 64, NULL, NULL),
(6, 65, NULL, NULL),
(6, 69, NULL, NULL),
(6, 72, NULL, NULL),
(6, 74, NULL, NULL),
(6, 75, NULL, NULL),
(6, 141, NULL, NULL),
(6, 147, NULL, NULL),
(6, 148, NULL, NULL),
(6, 149, NULL, NULL),
(6, 150, NULL, NULL),
(6, 152, NULL, NULL),
(6, 153, NULL, NULL),
(6, 154, NULL, NULL),
(6, 155, NULL, NULL),
(7, 46, NULL, NULL),
(7, 51, NULL, NULL),
(7, 60, NULL, NULL),
(7, 243, NULL, NULL),
(8, 48, NULL, NULL);

-- --------------------------------------------------------

--
-- Struktur dari tabel `peraturan`
--

CREATE TABLE `peraturan` (
  `id` bigint(20) UNSIGNED NOT NULL,
  `jenis_peraturan_id` bigint(20) UNSIGNED NOT NULL,
  `hal_id` bigint(20) UNSIGNED NOT NULL,
  `nama` varchar(191) COLLATE utf8mb4_unicode_ci NOT NULL,
  `tanggal_pengesahan` date NOT NULL,
  `lokasi_file` varchar(191) COLLATE utf8mb4_unicode_ci NOT NULL,
  `created_at` timestamp NULL DEFAULT NULL,
  `updated_at` timestamp NULL DEFAULT NULL
) ENGINE=InnoDB DEFAULT CHARSET=utf8mb4 COLLATE=utf8mb4_unicode_ci;

-- --------------------------------------------------------

--
-- Struktur dari tabel `ruang`
--

CREATE TABLE `ruang` (
  `id` bigint(20) UNSIGNED NOT NULL,
  `nama` varchar(191) COLLATE utf8mb4_unicode_ci NOT NULL,
  `lantai` int(11) DEFAULT NULL,
  `gedung` varchar(191) COLLATE utf8mb4_unicode_ci DEFAULT NULL,
  `instansi` varchar(191) COLLATE utf8mb4_unicode_ci NOT NULL,
  `alamat` varchar(191) COLLATE utf8mb4_unicode_ci NOT NULL
) ENGINE=InnoDB DEFAULT CHARSET=utf8mb4 COLLATE=utf8mb4_unicode_ci;

--
-- Dumping data untuk tabel `ruang`
--

INSERT INTO `ruang` (`id`, `nama`, `lantai`, `gedung`, `instansi`, `alamat`) VALUES
(2, 'Ruang 2', NULL, NULL, 'Kantor Gubernur', 'Entah Berantah'),
(3, 'Ruang 3', NULL, NULL, 'Kantor Gubernur', 'Entah Berantah'),
(4, 'Ruang 4', NULL, NULL, 'Kantor Gubernur', 'Entah Berantah'),
(5, 'Ruang 5', NULL, NULL, 'Kantor Gubernur', 'Entah Berantah'),
(6, 'Ruang 1', NULL, NULL, 'Kantor Bapeda', 'Entah Berantah'),
(7, 'Ruang 2', NULL, NULL, 'Kantor Bapeda', 'Entah Berantah'),
(8, 'Ruang 3', NULL, NULL, 'Kantor Bapeda', 'Entah Berantah'),
(9, 'Ruang 4', NULL, NULL, 'Kantor Bapeda', 'Entah Berantah'),
(10, 'Ruang 5', NULL, NULL, 'Kantor Bapeda', 'Entah Berantah');

-- --------------------------------------------------------

--
-- Struktur dari tabel `satuan_kerja`
--

CREATE TABLE `satuan_kerja` (
  `id` bigint(20) UNSIGNED NOT NULL,
  `nama` varchar(191) COLLATE utf8mb4_unicode_ci NOT NULL
) ENGINE=InnoDB DEFAULT CHARSET=utf8mb4 COLLATE=utf8mb4_unicode_ci;

--
-- Dumping data untuk tabel `satuan_kerja`
--

INSERT INTO `satuan_kerja` (`id`, `nama`) VALUES
(1, 'Biro Humas dan Protokol'),
(2, 'Biro Umum'),
(3, 'Asisten I'),
(4, 'Asisten II'),
(5, 'Asisten III'),
(6, 'Asisten IV'),
(7, 'Sekda'),
(8, 'DPRA'),
(9, 'Bapeda'),
(10, 'Kodam'),
(11, 'Polda');

-- --------------------------------------------------------

--
-- Struktur dari tabel `sektoral`
--

CREATE TABLE `sektoral` (
  `id` bigint(20) UNSIGNED NOT NULL,
  `bagian_id` bigint(20) UNSIGNED NOT NULL,
  `nama` varchar(191) COLLATE utf8mb4_unicode_ci NOT NULL,
  `pic` varchar(191) COLLATE utf8mb4_unicode_ci NOT NULL
) ENGINE=InnoDB DEFAULT CHARSET=utf8mb4 COLLATE=utf8mb4_unicode_ci;

--
-- Dumping data untuk tabel `sektoral`
--

INSERT INTO `sektoral` (`id`, `bagian_id`, `nama`, `pic`) VALUES
(1, 3, 'Production', 'Syarbini Ramli'),
(2, 3, 'Maintenance', 'Muhammad Rahjuni'),
(3, 3, 'OH&S', 'Burhansyah'),
(4, 4, 'Packing & Port', 'Effendi Siddiq'),
(5, 5, 'Technical', 'Moch. Anwar Bakti'),
(6, 6, 'Quarry', 'Adi Hendarbeny'),
(7, 7, 'GA & CORMEL', 'Tafaul Rijal'),
(8, 8, 'LHO Plant', 'Aidil Azwani'),
(9, 9, 'Support SBI', 'Zulfan Husni'),
(10, 3, 'Terminal/SCM', '');

-- --------------------------------------------------------

--
-- Struktur dari tabel `soal`
--

CREATE TABLE `soal` (
  `id` bigint(20) UNSIGNED NOT NULL,
  `tema_soal_id` bigint(20) UNSIGNED NOT NULL,
  `soal` varchar(191) COLLATE utf8mb4_unicode_ci NOT NULL,
  `fokus` text COLLATE utf8mb4_unicode_ci NOT NULL,
  `kegiatan` text COLLATE utf8mb4_unicode_ci NOT NULL,
  `satuan` varchar(50) COLLATE utf8mb4_unicode_ci NOT NULL,
  `bobot` int(10) NOT NULL,
  `dokumen_pendukung` varchar(1000) COLLATE utf8mb4_unicode_ci DEFAULT NULL
) ENGINE=InnoDB DEFAULT CHARSET=utf8mb4 COLLATE=utf8mb4_unicode_ci;

--
-- Dumping data untuk tabel `soal`
--

INSERT INTO `soal` (`id`, `tema_soal_id`, `soal`, `fokus`, `kegiatan`, `satuan`, `bobot`, `dokumen_pendukung`) VALUES
(1, 1, 'Pertemuan koordinasi dalam rangka perencanaan kegiatan pemerintahan dengan perangkat daerah dan instansi vertikal yang telah dilaksanakan. ', 'Koordinasi Penyelenggaraan Kegiatan Pemerintahan di Tingkat Kecamatan', 'Koordinasi/Sinergi Perencanaan dan Pelaksanaan Kegiatan Pemerintahan Dengan Perangkat Daerah dan Instansi Vertikal Terkait.', 'kali', 2, 'FC daftar hadir koordinasi dan notulensi rapat/pertemua'),
(2, 1, 'Rapat dengan Forkopimcam', 'Koordinasi Penyelenggaraan Kegiatan Pemerintahan di Tingkat Kecamatan', 'Peningkatan Efektifitas Kegiatan Pemerintahan di Tingkat Kecamatan', 'kali', 2, 'FC Daftar hadir/notulensi/Berita Acara/resume hasil koordinasi Camat'),
(3, 1, 'Perencanaan Kegiatan Pelayanan Kepada Masyarakat di Kecamatan', 'Penyelenggaraan Urusan Pemerintahan yang tidak Dilaksanakan oleh Unit Kerja Perangkat Daerah yang Ada di Kecamatan', 'Perencanaan Kegiatan Pelayanan Kepada Masyarakat di Kecamatan', '', 2, 'RPJM dan RKP Kecamatan'),
(4, 1, 'Persentase Gampong yang memiliki Posyandu strata Purnama dan Mandiri/Multifungsi(Jumlah Gampong yang memiliki Posyandu strata Purnama dan Mandiri/Multifungsi / Jumlah Gampong yang terdapat di', 'Penyelenggaraan Urusan Pemerintahan yang tidak Dilaksanakan oleh Unit Kerja Perangkat Daerah yang Ada di Kecamatan', 'Fasilitasi Percepatan Pencapaian Standar Pelayanan Minimal di Wilayah Kecamatan', '%', 2, 'Rekapitulasi Posyandu per Gampong'),
(5, 1, 'Informasi pelayanan yang diketahui publik:(1.informasi bagan alur pelayanan, 2. Visi dan Misi, 3. Moto Pelayanan, 4. SOP Pelayanan, 5. Leafletlbrosur/jenis informasi lainnya terkait jenis dan', 'Penyelenggaraan Urusan Pemerintahan yang tidak Dilaksanakan oleh Unit Kerja Perangkat Daerah yang Ada di Kecamatan', 'Peningkatan Efektifitas Pelaksanaan Pelayanan Kepada Masyarakat di Wilayah Kecamatan', 'Item', 9, 'Foto/dokumentasi/ FC sarana prasarana informasi pelayanan'),
(6, 1, 'Kepuasan masyarakat terhadap pelayanan di kecamatan', 'Penyelenggaraan Urusan Pemerintahan yang tidak Dilaksanakan oleh Unit Kerja Perangkat Daerah yang Ada di Kecamatan', 'Peningkatan Efektifitas Pelaksanaan Pelayanan Kepada Masyarakat di Wilayah Kecamatan', '', 5, 'FC Laporan rekapitulasi survey kepuasan masyarakat'),
(7, 1, 'Persentase keluhan masyarakat terhadap pelayanan yang diberikan:', 'Penyelenggaraan Urusan Pemerintahan yang tidak Dilaksanakan oleh Unit Kerja Perangkat Daerah yang Ada di Kecamatan', 'Peningkatan Efektifitas Pelaksanaan Pelayanan Kepada Masyarakat di Wilayah Kecamatan', '%', 3, 'Daftar rincian keluhan masyarakat Tahun lalu dan tahun berjalan beserta tindak lanjut penyelesaiannya'),
(8, 1, 'Persentase keluhan masyarakat yang ditindaklanjuti oleh Kecamatan', 'Penyelenggaraan Urusan Pemerintahan yang tidak Dilaksanakan oleh Unit Kerja Perangkat Daerah yang Ada di Kecamatan', 'Peningkatan Efektifitas Pelaksanaan Pelayanan Kepada Masyarakat di Wilayah Kecamatan', '%', 7, 'FC rekapitulasi daftar keluhan masyarakat Tahun 2020 yang sudah ditindaklanjuti'),
(9, 1, 'Ijin rekomendasi yang diterbitkan sesuai prosedur (SOP)', 'Penyelenggaraan Urusan Pemerintahan yang tidak Dilaksanakan oleh Unit Kerja Perangkat Daerah yang Ada di Kecamatan', 'Peningkatan Efektifitas Pelaksanaan Pelayanan Kepada Masyarakat di Wilayah Kecamatan', '', 5, 'FC buku registrasi perizinan Kecamatan Tahun 2020 dan 2019'),
(10, 1, 'Persentase kenaikan jumlah pemohon pelayanan kecamatan dibanding tahun sebelumnya:', 'Penyelenggaraan Urusan Pemerintahan yang tidak Dilaksanakan oleh Unit Kerja Perangkat Daerah yang Ada di Kecamatan', 'Peningkatan Efektifitas Pelaksanaan Pelayanan Kepada Masyarakat di Wilayah Kecamatan', '%', 2, 'FC rekapitulasi data jumlah pemohon pelayanan kecamatan tahun berjalan dan tahun sebelumnya'),
(11, 1, 'Persentase sarana prasarana, fasum, fasos di wilayah Kecamatan yang diperbaiki:', 'Koordinasi Pemeliharaan Prasarana dan Sarana Pelayanan Umum', 'Koordinasi/Sinergi dengan Perangkat Daerah dan/atau Instansi Vertikal yang Terkait dalam Pemeliharaan Sarana dan Prasarana Pelayanan Umum', '%', 2, '1.  Data sarana, fasum dan fasos yang ditemukan/dilaporkan rusak, dokumentasi , 2. Foto sarana prasarana, fasum dan fasos yang ditemukan/dilaporkan rusak dan yang diperbaiki'),
(12, 1, 'Jumlah prasarana dan fasilitas pelayanan umum yang dipelihara dengan melibatkan pihak swasta', 'Koordinasi Pemeliharaan Prasarana dan Sarana Pelayanan Umum', 'Pelaksanaan Pemeliharaan Prasarana dan Fasilitas Pelayanan Umum yang Melibatkan Pihak Swasta', 'Item', 2, 'Daftar prasarana dan fasilitas pelayanan umum yang melibatkan pihak swasta'),
(13, 1, 'Presentase jumlah kewenangan perizinan dan non perizinan yang dapat dilaksanakan oleh Camat:', 'Pelaksanaan Urusan Pemerintahan yang Dilimpahkan kepada Camat', 'Pelaksanaan Urusan Pemerintahan yang Terkait Dengan Pelayanan Perizinan', '%', 2, '1. FC laporan pelaksanaan kewenangan Camat kepada Bupati/Walikota, 2. FC SK Peraturan Bupati/Walikota pendelegasian kewenangan kepada Camat'),
(14, 1, 'Jumlah urusan pemerintahan terkait nonperizinan yang telah dilengkapi dengan instrumen pendukung', 'Pelaksanaan Urusan Pemerintahan yang Dilimpahkan kepada Camat', 'Pelaksanaan Urusan Pemerintahan yang Terkait Dengan Nonperizinan', 'Urusan', 10, 'FC SOP Non perizinan, FC SOP yang dimiliki kecamatan'),
(15, 1, 'Daftar urusan pemerintahan terkait nonperizinan yang telah dilaksanakan oleh kecamatan', 'Pelaksanaan Urusan Pemerintahan yang Dilimpahkan kepada Camat', 'Pelaksanaan Urusan Pemerintahan yang Terkait Dengan Nonperizinan', '', 15, 'daftar urusan pemerintahan non perizinan'),
(16, 1, 'Peraturan Bupati/Walkota', 'Pelaksanaan Urusan Pemerintahan yang Dilimpahkan kepada Camat', 'Pelaksanaan Urusan Pemerintahan yang Terkait Dengan Kewenangan Lain yang Dilimpahkan', '', 30, 'FC Peraturan Bupati/Walikota peraturan tentang pendelegasian sebagian kewenangan kepada Camat'),
(17, 2, 'Jumlah koordinasi dan sinkronisasi perencanaan dengan Pemerintah Gampong', 'Koordinasi Kegiatan Pemberdayaan Gampong', 'Peningkatan Partisipasi Masyarakat Dalam Forum Musyawarah Perencanaan Pembangunan di Desa', 'kali', 20, 'Daftar rincian keluhan masyarakat Tahun 2019 dan 2020 beserta tindaklanjut penyelesaiannya'),
(18, 2, 'Pertemuan koordinasi dalam rangka sinkronisasi program kerja dan pelaksanaan kegiatan pemberdayaan masyarakat dari pemerintah dan swasta', 'Koordinasi Kegiatan Pemberdayaan Gampong', 'Sinkronisasi Program Kerja dan Kegiatan\nPemberdayaan Masyarakat Yang Dilakukan Oleh Pemerintah dan Swasta di Wilayah Kerja\nKecamatan', '', 15, 'Daftar hadir / laporan pertemuan koordinasi'),
(19, 2, 'Rekomendasi pertemuan koordinasi yang ditindaklanjuti dalam rangka sinkronisasi program kerja dan pelaksanaan kegiatan pemberdayaan masyarakat dari pemerintah dan swasta', 'Koordinasi Kegiatan Pemberdayaan Gampong', 'Sinkronisasi Program Kerja dan Kegiatan\nPemberdayaan Masyarakat Yang Dilakukan Oleh Pemerintah dan Swasta di Wilayah Kerja\nKecamatan', '', 25, 'daftar rekomendasi dan tindak lanjut'),
(20, 2, 'Kegiatan pemberdayaan masyarakat yang dilaksanakan bersama oleh pemerintah dan swasta ', 'Koordinasi Kegiatan Pemberdayaan Gampong', 'Sinkronisasi Program Kerja dan Kegiatan\nPemberdayaan Masyarakat Yang Dilakukan Oleh Pemerintah dan Swasta di Wilayah Kerja\nKecamatan', '', 15, 'Daftar kegiatan pemberdayaan masyarakat yang dilaksanakan kecamatan / laporan kegiatan tahunan'),
(21, 2, 'Kegiatan pemberdayaan masyarakat yang menunjukkan hasil sesuai dengan rencana', 'Koordinasi Kegiatan Pemberdayaan Gampong', 'Peningkatan Efektifitas Kegiatan Pemberdayaan Masyarakat di Wilayah Kecamatan', '%', 25, 'Laporan kegiatan tahunan kecamatan, RKP / Renja Kecamatan'),
(22, 3, 'Persentase permasalahan bidang trantib yang diselesaikan Camat Tahun 2020:', 'Koordinasi Upaya Penyelenggaraan Ketenteraman dan Ketertiban Umum', 'Sinergitas dengan Kepolisian Negara Republik Indonesia, Tentara Nasional Indonesia dan instansi vertikal di wilayah kecamatan', '%', 40, 'FC Daftar hadir/notulensi/Berita Acara/resume hasil koordinasi Camat di Bidang Trantibum'),
(23, 3, 'Fasilitasi pembentukan Forum Komunikasi Umat Beragama (FKUB) kecamatan', 'Koordinasi Upaya Penyelenggaraan Ketenteraman dan Ketertiban Umum', 'Harmonisasi Hubungan Dengan Tokoh Agama dan Tokoh Masyarakat', '', 25, 'Berita Acara pembentukan FKUB'),
(24, 3, 'Jumlah koordinasi dengan Perangkat Daerah/Kepolisian Negara terkait penerapan/penegakkan perundang-undangan', 'Koordinasi Penerapan dan Penegakan Perda dan Perkada', 'Koordinasi/Sinergi Dengan Perangkat Daerah yang Tugas dan Fungsinya di Bidang Penegakan Peraturan Perundang-Undangan dan/atau Kepolisian Negara Republik Indonesia', 'kali', 35, 'FC daftar hadir/notulensi/Berita Acara/resume hasil koordinasi di bidang penegakan peraturan per UUan'),
(25, 4, 'Kegiatan sosialisasi pembinaan wawasan kebangsaan dan ketahanan nasional ', 'Penyelenggaraan Urusan Pemerintahan Umum sesuai Penugasan Kepala Daerah', 'Pembinaan Wawasan Kebangsaan dan Ketahanan Nasional dalam Rangka Memantapkan Pengamalan Pancasila, Pelaksanaan UndangUndang Dasar Negara Republik Indonesia Tahun 1945, Pelestarian Bhinneka Tunggal Ika Serta Pemertahanan dan Pemeliharaan Keutuhan Negara Kesatuan Republik Indonesia', '', 10, 'FC Daftar hadir dan dokumentasi'),
(26, 4, 'Jumlah bimtek dan konsultasi wawasan kebangsaan dan ketahanan nasional ', 'Penyelenggaraan Urusan Pemerintahan Umum sesuai Penugasan Kepala Daerah', 'Fasilitasi, Koordinasi dan Pembinaan (Bimtek, Sosialisasi, Konsultasi) Wawasan Kebangsaan dan Ketahanan Nasional', 'Kali', 10, '- FC Dokumen materi bimtek\n- FC Notulensi dan dokumentasi kegiatan bimtek\n- Daftar masalah yang dikonsultasikan dan rekomendasinya'),
(27, 4, 'Peringatan hari-hari besar nasional di kecamatan', 'Penyelenggaraan Urusan Pemerintahan Umum sesuai Penugasan Kepala Daerah', 'Pembinaan Persatuan dan Kesatuan Bangsa', 'Kali', 5, 'FCLaporan Kegiatan dan dokumentasi'),
(28, 4, 'Dialog rutin camat dengan para tokoh masyarakat, tokoh adat dan tokoh agama ', 'Penyelenggaraan Urusan Pemerintahan Umum sesuai Penugasan Kepala Daerah', 'Pembinaan Kerukunan Antarsuku dan Intrasuku, Umat Beragama, Ras, dan Golongan Lainnya Guna Mewujudkan Stabilitas Kemanan Lokal, Regional, dan Nasional', '', 10, 'FC Notulensi dan dokumentasi'),
(29, 4, 'Kasus konflik sosial yang dikoordinasikan dengan para pihak sesuai peraturan perundang-undangan yang berlaku', 'Penyelenggaraan Urusan Pemerintahan Umum sesuai Penugasan Kepala Daerah', 'Penanganan Konflik Sosial Sesuai Ketentuan\nPeraturan Perundang-Undangan', 'Kasus', 15, 'FC dokumentasi dan notulensi rapat koordinasi'),
(30, 4, 'Kasus konflik sosial yang dipantau penanganannya oleh kecamatan', 'Penyelenggaraan Urusan Pemerintahan Umum sesuai Penugasan Kepala Daerah', '', 'Kasus', 5, 'Daftar kasus konflik sosial dan penanganannya'),
(31, 4, 'Sosialisasi kegiatan pemilu dan/atau pemilihan kepala daerah kepada masyarakat', 'Penyelenggaraan Urusan Pemerintahan Umum sesuai Penugasan Kepala Daerah', 'Pengembangan Kehidupan Demokrasi\nBerdasarkan Pancasila', '', 5, 'Notulensi dan fotoo dokumentasi'),
(32, 4, 'Urusan pemerintahan yang bukan merupakan kewenangan daerah dan tidak dilaksanakan oleh instansi vertikal yang telah dilengkapi dengan instrumen pendukung.', 'Penyelenggaraan Urusan Pemerintahan Umum sesuai Penugasan Kepala Daerah', 'Pelaksanaan Semua Urusan Pemerintahan yang Bukan Merupakan Kewenangan Daerah dan Tidak Dilaksanakan Oleh Instansi Vertikal', 'Urusan', 15, 'Daftar Urusan pemerintahan yang bukan merupakan kewenangan daerah dan tidak dilaksanakan oleh instansi vertikal yang yang telah memiliki SOP dan/atau instrumen pendukung lainnya.\nDokumen dan/atau instrumen pendukung lainnya yang relevan'),
(33, 4, 'Urusan pemerintahan yang bukan merupakan kewenangan daerah dan tidak dilaksanakan oleh instansi vertikal yang telah dilaksanakan oleh kecamatan', 'Penyelenggaraan Urusan Pemerintahan Umum sesuai Penugasan Kepala Daerah', 'Pelaksanaan Semua Urusan Pemerintahan yang Bukan Merupakan Kewenangan Daerah dan Tidak Dilaksanakan Oleh Instansi Vertikal', 'Urusan', 15, 'Daftar Urusan pemerintahan yang bukan merupakan kewenangan daerah dan tidak dilaksanakan oleh instansi vertikal yang telah dilaksanakan oleh kecamatan dan keluarannya.'),
(34, 4, 'Tugas forum koordinasi pimpinan yang dilaksanakan', 'Penyelenggaraan Urusan Pemerintahan Umum sesuai Penugasan Kepala Daerah', 'Pelaksanaan Tugas Forum Koordinasi Pimpinan di Kecamatan', '', 10, 'Laporan Kegiatan'),
(35, 5, 'Persentase Gampong yang telah menetapkan Qanun Gampong tentang Kewenangan Gampong sesuai Permendagri 44/ 2016', 'Fasilitasi, Rekomendasi dan Koordinasi\nPembinaan dan Pengawasan Pemerintahan Desa', 'Fasilitasi Penyusunan Peraturan Desa dan\nPeraturan Kepala Desa', '%', 5, 'SK Bupati Walikota tentang Penetapan dan Penegasan Batas Gampong'),
(36, 5, 'Persentase Gampong yang mengembangkan kapasitas aparaturnya', 'Fasilitasi, Rekomendasi dan Koordinasi\nPembinaan dan Pengawasan Pemerintahan Desa', 'Fasilitasi Administrasi Tata Pemerintahan Desa', '%', 3, 'Rekapitulasi Perdes Pertanggungjawaban APBDes di Wilayah Kecamatan'),
(37, 5, 'Persentase Gampong yang menetapkan APBG tepat waktu dan sesuai Permendagri 20/2018', 'Fasilitasi, Rekomendasi dan Koordinasi\nPembinaan dan Pengawasan Pemerintahan Desa', 'Fasilitasi Pengelolaan Keuangan Desa dan pendayagunaan Aset Desa', '%', 5, 'Data APBG dan SK  pengesahan APBG'),
(38, 5, 'Persentase Gampong yang telah menggunakan SISKEUDES:', 'Fasilitasi, Rekomendasi dan Koordinasi\nPembinaan dan Pengawasan Pemerintahan Desa', 'Fasilitasi Pengelolaan Keuangan Desa dan pendayagunaan Aset Desa', '%', 3, 'Laporan penggunaan Dana Desa, Rekapitulasi Jumlah Gampong di eilayah kecamatan'),
(39, 5, 'Pengelolaan Aset Gampong:', 'Fasilitasi, Rekomendasi dan Koordinasi\nPembinaan dan Pengawasan Pemerintahan Desa', 'Fasilitasi Pengelolaan Keuangan Desa dan pendayagunaan Aset Desa', '%', 5, 'FC laporan inventarisasi aset Perangkat Daerah, Rekapitulasi Jumlah Gampong di eilayah kecamatan'),
(40, 5, 'Persentase Gampong yang melaksanakan Evaluasi Diri sesuai Permendagri 81/2015 ', 'Fasilitasi, Rekomendasi dan Koordinasi\nPembinaan dan Pengawasan Pemerintahan Desa', 'Fasilitasi penerapan dan Penegakan Peraturan Perundang-Undangan', '%', 3, 'Rekapitulasi Lampiran II Permendagri 81/2015, Rekapitulasi Jumlah Gampong di eilayah kecamatan '),
(41, 5, 'Persentase Gampong yang telah memiliki struktur organsasi dan tata kerja pemerintah desa', 'Fasilitasi, Rekomendasi dan Koordinasi\nPembinaan dan Pengawasan Pemerintahan Desa', 'Fasilitasi Pelaksanaan Tugas Kepala Desa dan Perangkat Desa', '%', 3, 'Rekapitulasi Gampong yang telah memiliki stuktur Organisasi, Rekapitulasi Jumlah Gampong di eilayah kecamatan'),
(42, 5, 'Jumlah desa yang melakukan pemilihan kepala desa sesuai ketentuan yang berlaku', 'Fasilitasi, Rekomendasi dan Koordinasi\nPembinaan dan Pengawasan Pemerintahan Desa', 'Fasilitasi Pelaksanaan Pemilihan Kepala Desa', '%', 3, 'Daftar desa yang telah melakukan pemilihan'),
(43, 5, 'Tingkat kehadiran dan keaktifan aparatur kecamatan dalam panitia pemilihan kepala desa', 'Fasilitasi, Rekomendasi dan Koordinasi\nPembinaan dan Pengawasan Pemerintahan Desa', 'Fasilitasi Pelaksanaan Pemilihan Kepala Desa', '%', 3, '- Daftar hadir kegiatan terkait pemilihan kepala desa. \n- Notulensi, dan/atau dokumentasi kegiatan terkait pemilihan kepala desa. '),
(44, 5, 'Persentase Gampong yang telah membentuk Tuha Peut Gampong', 'Fasilitasi, Rekomendasi dan Koordinasi\nPembinaan dan Pengawasan Pemerintahan Desa', 'Fasilitasi Pelaksanaan Tugas dan Fungsi Tuha Peut Gampong', '%', 3, 'Rekapitulasi Gampong yang tellah membentuk Tuha Peut Gampong beserta dengan no SK masing masing gampong, Rekapitulasi Jumlah Gampong di eilayah kecamatan'),
(45, 5, 'Persentase Gampong yang yang telah memiliki struktur dan tata kerja Tuha Peut Gampong', 'Fasilitasi, Rekomendasi dan Koordinasi\nPembinaan dan Pengawasan Pemerintahan Desa', 'Fasilitasi Pelaksanaan Tugas dan Fungsi Tuha Peut Gampong', '%', 3, 'Rekpitulasi Gampong yang telah memiliki struktur organisasi, Rekapitulasi Jumlah Gampong di eilayah kecamatan, Rekapitulasi Jumlah Gampong di eilayah kecamatan'),
(46, 5, 'Persentase BPD yang telah melaksanakan tugasnya sesuai ketentuan yang berlaku ', 'Fasilitasi, Rekomendasi dan Koordinasi\nPembinaan dan Pengawasan Pemerintahan Desa', 'Fasilitasi Pelaksanaan Tugas dan Fungsi Tuha Peut Gampong', '%', 3, 'Daftar Laporan Pelaksanaan kegiatan tuha peut'),
(47, 5, 'Jumlah desa yang direkomendasi pengangkatan dan/atau pemberhentian perangkat desanya sesuai ketentuan yang berlaku', 'Fasilitasi, Rekomendasi dan Koordinasi\nPembinaan dan Pengawasan Pemerintahan Desa', 'Rekomendasi Pengangkatan dan Pemberhentian Perangkat Desa', 'Desa', 3, 'Rekomendasi camat terkait pengaktan dan/atau pemberhentian perangkat desa'),
(48, 5, 'Persentase desa yang rencana pembangunan desanya sinkron dengan perencanaan pembangunan daerah ', 'Fasilitasi, Rekomendasi dan Koordinasi\nPembinaan dan Pengawasan Pemerintahan Desa', 'Fasilitasi Sinkronisasi Perencanaan Pembangunan Daerah Dengan Pembangunan Desa', '%', 3, 'Dokumen rencana pembangunan daerah dan pembangunan desa yang relevan, Daftar Desa dalam Wilayah Kecamatan'),
(49, 5, 'Pertemuan koordinasi desa, kecamatan dan perangkat daerah dalam penetapan lokasi pembangunan kawasan perdesaan', 'Fasilitasi, Rekomendasi dan Koordinasi\nPembinaan dan Pengawasan Pemerintahan Desa', 'Fasilitasi Penetapan Lokasi Pembangunan Kawasan Perdesaan', 'Kali', 3, '	Notulensi dan dokumentasi pertemuan.\n	Rekomendasi lokasi pembangunan kawasan perdesaan'),
(50, 5, 'Sosialisasi dan bimbingan teknis kepada pemerintah desa mengenai penyelenggaraan ketenteraman dan ketertiban umum ', 'Fasilitasi, Rekomendasi dan Koordinasi\nPembinaan dan Pengawasan Pemerintahan Desa', 'Fasilitasi Penyelenggaraan Ketenteraman dan Ketertiban Umum', 'Kali', 3, 'Notulensi dan dokumentasi kegiatan sosialisasi dan bimbingan teknis beserta rekomendasinya'),
(51, 5, 'Sosialisasi dan bimbingan teknis dari kecamatan mengenai peran, tugas dan fungsi lembaga kemasyarakatan di wilayah kecamatan', 'Fasilitasi, Rekomendasi dan Koordinasi\nPembinaan dan Pengawasan Pemerintahan Desa', 'Fasilitasi Pelaksanaan Tugas, Fungsi, dan Kewajiban Lembaga Kemasyarakatan', '', 3, 'Laporan kegiatan bimbingan teknis untuk pengurus lembaga kemasyarakatan.'),
(52, 5, 'Lembaga kemasyarakatan yang aktif melaksanakan tugas dan fungsinya. ', 'Fasilitasi, Rekomendasi dan Koordinasi\nPembinaan dan Pengawasan Pemerintahan Desa', 'Fasilitasi Pelaksanaan Tugas, Fungsi, dan Kewajiban Lembaga Kemasyarakatan', 'Lembaga kemasyarakatan', 3, 'Daftar dan profil lembaga kemasyarakatan yang aktif'),
(53, 5, 'Persentase Gampong yang memiliki RPJM Gampong / RKP Gampong sesuai Permendagri 114/2014', 'Fasilitasi, Rekomendasi dan Koordinasi\nPembinaan dan Pengawasan Pemerintahan Desa', 'Fasilitasi Penyusunan Perencanaan Pembangunan Partisipatif', '%', 5, 'Data RPJMDesa/RKPdes'),
(54, 5, 'Sosialisasi dan bimbingan teknis penyelenggaraan kerja sama antardesa dan kerja sama desa dengan pihak ketiga.', 'Fasilitasi, Rekomendasi dan Koordinasi\nPembinaan dan Pengawasan Pemerintahan Desa', 'Fasilitasi Kerja Sama Antardesa dan Kerja Sama Desa Dengan Pihak Ketiga', '', 3, 'Notulensi dan dokumentasi kegiatan sosialisasi dan bimbingan teknis beserta rekomendasinya'),
(55, 5, 'Persentase desa yang telah melakukan kerja sama antardesa dan kerja sama desa dengan pihak ketiga', 'Fasilitasi, Rekomendasi dan Koordinasi\nPembinaan dan Pengawasan Pemerintahan Desa', 'Fasilitasi Kerja Sama Antardesa dan Kerja Sama Desa Dengan Pihak Ketiga', '%', 3, 'Dokumen perjanjian kerja sama desa yang relevan, Rekapitulasi Jumlah Gampong di eilayah kecamatan'),
(56, 5, 'Persentase Gampong  yang telah menetapkan Batas Gampong menggunakan koordinat SIG dan Peta Batas Desa sesuai Permendagri 45/2016', 'Fasilitasi, Rekomendasi dan Koordinasi\nPembinaan dan Pengawasan Pemerintahan Desa', 'Fasilitasi Penataan, Pemanfaatan, dan Pendayagunaan Ruang Desa Serta Penetapan dan Penegasan Batas Desa', '%', 5, 'SK Bupati/Walikota tentang Penetapan dan Penegasan Batas Gampong, Rekapitulasi Jumlah Gampong di eilayah kecamatan'),
(57, 5, 'Persentase desa yang memiliki program dan telah melaksanakan program pemberdayaan masyarakat desa. ', 'Fasilitasi, Rekomendasi dan Koordinasi\nPembinaan dan Pengawasan Pemerintahan Desa', 'Fasilitasi Penyusunan Program dan Pelaksanaan Pemberdayaan Masyarakat Desa', '%', 3, 'Dokumen Anggaran Pendapatn dan Belanja Gampong, Rekapitulasi Jumlah Gampong di eilayah kecamatan'),
(58, 5, 'Pendampingan/Monev Camat dan staf kepada Pemerintah Gampong dalam penyusunan rencana dan penggunaan Dana Desa', 'Fasilitasi, Rekomendasi dan Koordinasi\nPembinaan dan Pengawasan Pemerintahan Desa', 'Koordinasi Pendampingan Desa di Wilayahnya', '', 3, 'Jadwal Kegiatan, SK Camat utk Tim Pendampingan atau Tim Monev, dan Laporan Monev Camat'),
(59, 5, 'Pesentase Gampong dengan klasifikasi Swadaya, Swakarya dan Swasembada:', 'Fasilitasi, Rekomendasi dan Koordinasi\nPembinaan dan Pengawasan Pemerintahan Desa', 'Koordinasi Pelaksanaan Pembangunan Kawasan Perdesaan di Wilayah Kecamatan', '%', 3, 'Print out Prodeskel, Password Admin, Operator Entry Data (Permendagri 12/2007)'),
(60, 5, 'Persentase Gampong yang melaksanakan updating Prodeskel selama 2 tahun berturut-turut:', 'Fasilitasi, Rekomendasi dan Koordinasi\nPembinaan dan Pengawasan Pemerintahan Desa', 'Koordinasi Pelaksanaan Pembangunan Kawasan Perdesaan di Wilayah Kecamatan', '%', 3, 'Print out Prodeskel, Password Admin, Operator Entry Data (Permendagri 12/2007), Rekapitulasi Jumlah Gampong di eilayah kecamatan'),
(61, 5, 'Persentase Gampong yang memiliki Badan Usaha Milik Desa (BUMDes):', 'Fasilitasi, Rekomendasi dan Koordinasi\nPembinaan dan Pengawasan Pemerintahan Desa', 'Koordinasi Pelaksanaan Pembangunan Kawasan Perdesaan di Wilayah Kecamatan', '%', 3, 'Rekap Perdes tentang BUMDes, Rekapitulasi Jumlah Gampong di eilayah kecamatan'),
(62, 5, 'Persentase Gampong yang memiliki Iaman Website dan medsos lainnya:', 'Fasilitasi, Rekomendasi dan Koordinasi\nPembinaan dan Pengawasan Pemerintahan Desa', 'Koordinasi Pelaksanaan Pembangunan Kawasan Perdesaan di Wilayah Kecamatan', '%', 3, 'Alamat website, laman fb, WA, Twitter, Rekapitulasi Jumlah Gampong di Wilayah kecamatan'),
(63, 5, 'Persentase Gampong dengan katagori Kurang Berkembang, Berkembang, dan Cepat Berkembang sesuai Permendagri 81/2015', 'Fasilitasi, Rekomendasi dan Koordinasi\nPembinaan dan Pengawasan Pemerintahan Desa', 'Koordinasi Pelaksanaan Pembangunan Kawasan Perdesaan di Wilayah Kecamatan', '%', 3, 'Berita Acara Epdeskel dan Laporan Perkembangan Desa dari Camat kepada Kepala Daerah, Rekapitulasi Jumlah Gampong di Wilayah kecamatan'),
(64, 5, 'Persentase Gampong yang melaksanakan program Padat Karya Tunai Desa/Gampong', 'Fasilitasi, Rekomendasi dan Koordinasi\nPembinaan dan Pengawasan Pemerintahan Desa', 'Koordinasi Pelaksanaan Pembangunan Kawasan Perdesaan di Wilayah Kecamatan', '%', 3, 'Data penggunaan Dana Gampong dengan PKTD, Rekapitulasi Jumlah Gampong di Wilayah kecamatan'),
(65, 6, 'Bangunan : a. Bangunan tampak luar menawan, b. Taman Indah Terawat, c. Parkir Teratur, d. Resepsionis Ramah & Berseragam, e. Pos Keamanan rapi meja kursi berfungsi', 'Tata Kelola Kecamatan dan kelembagaan kecamatan', 'Pelaksanaan Program Bersih, Rapi, Estetis dan Hijau di kecamatan', 'Item', 5, 'Foto Bangunan dari Luar'),
(66, 6, 'Kamar Mandi(1. Air Terjamin, 2. Pintu Berfungsi, 3. Harum) ', 'Tata Kelola Kecamatan dan kelembagaan kecamatan', 'Pelaksanaan Program Bersih, Rapi, Estetis dan Hijau di kecamatan', 'Item', 5, 'Foto Kamar Mandi'),
(67, 6, 'Ruang', 'Tata Kelola Kecamatan dan kelembagaan kecamatan', 'Pelaksanaan Program Bersih, Rapi, Estetis dan Hijau di kecamatan', 'Buah', 3, 'Foto Ruang Kerja'),
(68, 6, 'Kantin', 'Tata Kelola Kecamatan dan kelembagaan kecamatan', 'Pelaksanaan Program Bersih, Rapi, Estetis dan Hijau di kecamatan', 'Buah', 5, 'Foto Kantin'),
(69, 6, 'Gudang', 'Tata Kelola Kecamatan dan kelembagaan kecamatan', 'Pelaksanaan Program Bersih, Rapi, Estetis dan Hijau di kecamatan', 'Buah', 3, 'FC Teratur'),
(70, 6, 'Mushalla ', 'Tata Kelola Kecamatan dan kelembagaan kecamatan', 'Pelaksanaan Program Bersih, Rapi, Estetis dan Hijau di kecamatan', 'Buah', 3, 'FC jam'),
(71, 6, 'Aula dan Ruang Rapat ', 'Tata Kelola Kecamatan dan kelembagaan kecamatan', 'Pelaksanaan Program Bersih, Rapi, Estetis dan Hijau di kecamatan', 'Buah', 5, 'FC meliputi'),
(72, 6, 'Sarana untuk penyandang disabilitas dan ibu menyusui', 'Tata Kelola Kecamatan dan kelembagaan kecamatan', 'Pelaksanaan Program Bersih, Rapi, Estetis dan Hijau di kecamatan', 'Sarana', 2, 'FC menyusui'),
(73, 6, 'Jenis Pelayanan di Kecamatan', 'Tata Kelola Kecamatan dan kelembagaan kecamatan', 'Pelayanan Kecamatan', 'Jenis', 2, 'FC/Foto/Dokumentasi layanan di Kecamatan'),
(74, 6, 'Waktu penyampaian Laporan Penyelenggaraan Pemerintahan Daerah (LPPD) Kecamatan', 'Tata Kelola Kecamatan dan kelembagaan kecamatan', 'Penyampaian LPPD Kecamatan', '', 5, 'FC tanda terima LPPD Kecamatan di Bagian Pemerintahan Setda Kab/Kota'),
(75, 6, 'Nilai SAKIP Kecamatan', 'Tata Kelola Kecamatan dan kelembagaan kecamatan', 'Penilaian SAKIP Kecamatan', 'A, B-BB, C-CC, D', 2, 'FC piagam/sertfikat SAKIP atau laporan penilaian SAKIP kab/kota Tahun 2020'),
(76, 6, 'Perencanaan dan anggaran Kecamatan:', 'Tata Kelola Kecamatan dan kelembagaan kecamatan', 'Pengelolaan Anggaran Kecamatan', 'Dokumen', 2, 'FC Dokumen perencanaan dan anggaran Kecamatan (lengkap) yang meliputi : 1. DPA, 2. Lap. Keuangan, 3. Renstra, 4. Renja'),
(77, 6, 'Kesesuaian nama dan jumlah program yang terdapat dalam Renja', 'Tata Kelola Kecamatan dan kelembagaan kecamatan', 'Pengelolaan Anggaran Kecamatan', '%', 5, 'FC renja & FC LRA, FC DPA'),
(78, 6, 'Anggaran per program terhadap keseluruhan anggaran Kecamatan: 1. Keg.Trantibum , 2. Keg.Pemberdayaan Masyarakat, 3. Keg.Pemberdayaan Masyarakat , 4. Keg.Pelayanan Publik , 5. Keg.Penegakan At', 'Tata Kelola Kecamatan dan kelembagaan kecamatan', 'Pengelolaan Anggaran Kecamatan', '%', 3, 'FC LRA '),
(79, 6, 'Realisasi anggaran Kecamatan(Realisasi Anggaran/Alokasi Anggaran) ', 'Tata Kelola Kecamatan dan kelembagaan kecamatan', 'Pengelolaan Anggaran Kecamatan', '%', 2, 'FC LRA '),
(80, 6, 'Dayah yang terdapat di wilayah Administrasi Kecamatan(1. Dayah Salafiyah, 2. Dayah Terpadu, 3. Dayah Tahfiz Alquran)', 'Tata Kelola Kecamatan dan kelembagaan kecamatan', 'Pelaksanaan Syariat Islam', 'Dayah', 2, 'Rekapitulasi jumlah dayah di wilayah kecamatan yang ditandatangani oleh kepala kantor/ktr dayah'),
(81, 6, 'Anak usia sekolah yang melaksanakan pendidikan di dayah(1.Ula (Tingkat Pertama) setara SD/MI/Paket A, 2. Wustha (Tingkat Tengah) setara SMP/MTs/Paket B, 3. Aliyah (Tingkat Atas) setara SMA/M', 'Tata Kelola Kecamatan dan kelembagaan kecamatan', 'Pelaksanaan Syariat Islam', 'Orang', 2, 'Rekapitulasi jumlah anak usia sekolah yang melaksanakan pendidikan di dayahditandatangani oleh kepala dinas/ktr dayah'),
(82, 6, 'Dayah yang sudah terakreditasi pada wilayah administrasi kecamatan(Jumlah dayah yang sudah terakreditasi pada wilayah administrasi kecamatan/Jumlah seluruh dayah di wilayah administrasi kecam', 'Tata Kelola Kecamatan dan kelembagaan kecamatan', 'Pelaksanaan Syariat Islam', '%', 2, 'FC Rekapitulasi jumlah dayah yang sudah terakreditasi pada wilayah administrasi kecamatanyang ditandatangani oleh kepala dinas/ktr dayah, FC rekapitulasi dayah di wilayah kecamatan'),
(83, 6, 'Dayah di wilayah kecamatan yang menerapkan program tahfizh Alquran(Jumlah dayah di wilayah kecamatan yang menerapkan program tahfizh Alquran/Jumlah seluruh dayah di wilayah administrasi kecam', 'Tata Kelola Kecamatan dan kelembagaan kecamatan', 'Pelaksanaan Syariat Islam', '%', 2, 'Rekapitulasi jumlah dayah di wilayah kecamatan yang menerapkan program tahfizh Alquran yang ditandatangani oleh kepala dinas/ktr dayah, FC rekapitulasi dayah di wilayah kecamatan'),
(84, 6, 'Data jumlah lembaga PAUD, jumlah peserta didik PAUD dan jumlah pendidik di tingkat Gampong', 'Tata Kelola Kecamatan dan kelembagaan kecamatan', 'Keberadaan Data Dukung Lainnya', '', 1, 'Rekapitulasi lembaga dan peserta didik PAUD yang ditandatangani oleh Camat/ Kepala UPT wilayah dan stempel basah'),
(85, 6, 'Data jumlah lembaga TK/RA, jumlah peserta didik dan pendidik di tingkat  Gampong', 'Tata Kelola Kecamatan dan kelembagaan kecamatan', 'Keberadaan Data Dukung Lainnya', '', 1, 'Rekapitulasi lembagadan peserta didik TK/RA yang ditandatangani oleh Camat/Kepala UPT wilayah dan stempel basah.'),
(86, 6, 'Data jumlah lembaga SD/MI, jumlah peserta didik dan pendidik di tingkat  Gampong', 'Tata Kelola Kecamatan dan kelembagaan kecamatan', 'Keberadaan Data Dukung Lainnya', '', 1, 'Rekapitulasi lembaga dan peserta didik SD/MI yang ditandatangani oleh Camat/Kepala UPT wilayah dan stempel basah'),
(87, 6, 'Data jumlah lembaga SMP/ MTs, jumlah peserta didik dan pendidik di tingkat  Gampong', 'Tata Kelola Kecamatan dan kelembagaan kecamatan', 'Keberadaan Data Dukung Lainnya', '', 1, 'Rekapitulasi lembaga dan peserta didik SMP/MTs yang ditandatangani oleh Camat/Kepala UPT wilayah dan stempel basah'),
(88, 6, 'Data jumlah lembaga SMA/MA/SMK, jumlah peserta didik dan pendidik di tingkat Kecamatan', 'Tata Kelola Kecamatan dan kelembagaan kecamatan', 'Keberadaan Data Dukung Lainnya', '', 1, 'Rekapitulasi lembaga dan peserta didik SMA/MA/SMK yang ditandatangani oleh Camat/Kepala UPTwilayah dan stempel basah'),
(89, 6, 'Data jumlah penduduk buta aksara latin dalam kelompok umur 15 tahun ke atas di tingkat Gampong', 'Tata Kelola Kecamatan dan kelembagaan kecamatan', 'Keberadaan Data Dukung Lainnya', '', 1, 'Rekapitulasi penduduk buta aksara latin dalam kelompok Umur 15 tahun ke atas yang ditandatangani oleh Camat/Kepala UPT wilayah dan stempel basah'),
(90, 6, 'Data pendukung pendidikan lainnya seperti data peserta didik di pendidikan khusus/pendidikan layanan khusus di wilayah kecamatan', 'Tata Kelola Kecamatan dan kelembagaan kecamatan', 'Keberadaan Data Dukung Lainnya', '', 1, 'Rekapitulasi peserta didik pendidikan khusus pendidikan layanan khusus di wilayah Kecamatan yang ditandatangani oleh Camat/Kepala UPT wilayah dan stempel basah'),
(91, 6, 'Data jenis budaya asli daerah/setempat yang dilestarikan keberadaannya di tingkat Gampong', 'Tata Kelola Kecamatan dan kelembagaan kecamatan', 'Keberadaan Data Dukung Lainnya', '', 1, 'Rekapitulasi jenis budaya asli daerah/ setempat yang dilestarikan keberadaannya (ditandatangani oleh Camat/ Kepala UPTwilayah dan berstempel basah)'),
(92, 6, 'Data jumlah posyandu', 'Tata Kelola Kecamatan dan kelembagaan kecamatan', 'Keberadaan Data Dukung Lainnya', '', 1, 'Rekapitulasi posyandu (ditandatangani oleh Camat/ Ka UPT wilayah dan berstempel basah)'),
(93, 6, 'Data Jumlah puskesmas pembantu', 'Tata Kelola Kecamatan dan kelembagaan kecamatan', 'Keberadaan Data Dukung Lainnya', '', 1, 'Rekapitulasi puskesmas pembantu (ditandatangani oleh Camat/ Ka UPT wilayah dan berstempel basah)'),
(94, 6, 'Data kunjungan ibu hamil', 'Tata Kelola Kecamatan dan kelembagaan kecamatan', 'Keberadaan Data Dukung Lainnya', '', 1, 'Rekapitulasi kunjungan ibu hamil (ditandatangani oleh Camat/Ka UPT wilayah dan berstempel basah)'),
(95, 6, 'bidan/nakes yang memiliki kompetensi', 'Tata Kelola Kecamatan dan kelembagaan kecamatan', 'Keberadaan Data Dukung Lainnya', '', 1, 'Rekapitulasi bidan/nakes yang memiliki kompetensi (ditandatangani oleh Camat/Ka UPT wilayah dan berstempel basah)'),
(96, 6, 'Data cakupan rawat jalan di puskesmas/pustu', 'Tata Kelola Kecamatan dan kelembagaan kecamatan', 'Keberadaan Data Dukung Lainnya', '', 1, 'Rekapitulasi cakupan rawat jalan di puskesmas/ pustu (ditandatangani oleh Camat/Ka UPT wilayah dan berstempel basah)'),
(97, 6, ' Jumlah Data Balita Stunting', 'Tata Kelola Kecamatan dan kelembagaan kecamatan', 'Keberadaan Data Dukung Lainnya', '', 1, 'Rekapitulasi Data Balita Stunting'),
(98, 6, 'Data Angka Harapan Hidup (AHH)', 'Tata Kelola Kecamatan dan kelembagaan kecamatan', 'Keberadaan Data Dukung Lainnya', '', 1, 'Data AHH (ditandatangani oleh Camat/Ka UPT wilayah dan berstempel basah)'),
(99, 6, 'Data keluarga pengguna air bersih', 'Tata Kelola Kecamatan dan kelembagaan kecamatan', 'Keberadaan Data Dukung Lainnya', '', 1, 'Data keluarga pengguna air bersih (ditandatangani oleh Camat/Ka UPT wilayah dan berstempel basah)'),
(100, 6, 'Data rawan penyakit', 'Tata Kelola Kecamatan dan kelembagaan kecamatan', 'Keberadaan Data Dukung Lainnya', '', 1, 'Data rawan penyakit (ditandatangani oleh Camat/Ka UPT wilayah dan berstempel basah)'),
(101, 6, 'Papan informasi tentang perilaku hidup bersih dan sehat', 'Tata Kelola Kecamatan dan kelembagaan kecamatan', 'Keberadaan Data Dukung Lainnya', '', 1, 'Foto papan informasi tentang perilaku hidup bersih dan sehat'),
(102, 6, 'Tersedianya Data Sanitasi yang Layak', 'Tata Kelola Kecamatan dan kelembagaan kecamatan', 'Keberadaan Data Dukung Lainnya', '', 1, 'Rekapitulasi Data Sanitasi yang Layak'),
(103, 6, 'Data UMKM yang mendapat Ijin Usaha Mikro Kecil (IUMK)', 'Tata Kelola Kecamatan dan kelembagaan kecamatan', 'Keberadaan Data Dukung Lainnya', '', 1, 'FC Ijin Usaha Kecil Mikro Kecil (IUMK) yang diterbitkan Kecamatan/SKPD yang Berwenang'),
(104, 6, 'Data jumlah pelaku UMKM yang menerima penyaluran kredit dari bank (Bank UMKM) dan non bank', 'Tata Kelola Kecamatan dan kelembagaan kecamatan', 'Keberadaan Data Dukung Lainnya', '', 1, 'Rekapitulasi pelakuUMKM yang menerima penyaluran kredit dari BankUMKM dan non Bank yang ditandatangani oleh Camat/Ka UPTwilayah dan berstempel basah'),
(105, 6, 'Data jumlah pasar modern dan tradisional di kecamatan', 'Tata Kelola Kecamatan dan kelembagaan kecamatan', 'Keberadaan Data Dukung Lainnya', '', 1, 'Rekapitulasi pasar modern dan pasar tradisional per  / desa yang ditandatangani oleh Camat/KaUPT wilayah dan berstempel basah'),
(106, 6, 'Data jumlah bank pemerintahan/non pemerintah', 'Tata Kelola Kecamatan dan kelembagaan kecamatan', 'Keberadaan Data Dukung Lainnya', '', 1, 'Rekapitulasi Bank Pemerintah dan Bank Non Pemerintah diwilayah Kecamatan yang ditandatangani oleh Camat/ Ka UPTwilayah dan berstempel basah'),
(107, 6, 'data jumlah koperasi sampai dengan Tahun 2020', 'Tata Kelola Kecamatan dan kelembagaan kecamatan', 'Keberadaan Data Dukung Lainnya', '', 1, 'Rekapitulasi koperasi di wilayah Kecamatan sampai dengan Tahun 2020 per /Desa yang ditandatangani oleh Camat/ Ka UPT wilayah dan berstempel basah'),
(108, 6, 'SK / SP Tim Gampong Siaga Tingkat Kecamatan', 'Tata Kelola Kecamatan dan kelembagaan kecamatan', 'Keberadaan Data Dukung Lainnya', '', 1, 'FC SK / SP Tim Gampong Siaga Tingkat Kecamatan'),
(109, 6, 'Data masyarakat miskin', 'Tata Kelola Kecamatan dan kelembagaan kecamatan', 'Keberadaan Data Dukung Lainnya', '', 1, 'Rekapitulasi masyarakat miskin di wilayah Kecamatan sampai dengan Tahun 2020 yang ditandatangani oleh Camat/Ka UPT wilayah dan berstempel basah'),
(110, 6, 'Data keluarga rawan pangan', 'Tata Kelola Kecamatan dan kelembagaan kecamatan', 'Keberadaan Data Dukung Lainnya', '', 1, 'Rekapitulasi keluarga rawan pangan sampai Tahun 2017'),
(111, 6, 'Data pengangguran', 'Tata Kelola Kecamatan dan kelembagaan kecamatan', 'Keberadaan Data Dukung Lainnya', '', 1, 'Rekapitulasi pengangguran sampai Tahun 2020 yang ditandatangani oleh Camat/ Ka UPT wilayah dan berstempel basah'),
(112, 6, 'Data lansia dan penyandang cacat', 'Tata Kelola Kecamatan dan kelembagaan kecamatan', 'Keberadaan Data Dukung Lainnya', '', 1, 'Rekapitulasi lansia dan penyandang cacat sampai Tahun 2020 yang ditandatangani oleh Camat/Ka UPT wilayah dan berstempel basah'),
(113, 6, 'Produk hukum yang dikeluarkan oleh  / Gampong Kecamatan Tahun 2020', 'Tata Kelola Kecamatan dan kelembagaan kecamatan', 'Keberadaan Data Dukung Lainnya', '', 1, 'FC halaman depan dan halaman yang ditandatangani dari produk hukum'),
(114, 6, 'Jadwal pembinaan penyusunan produk hukum bagi aparat Gampong yang diselenggarakan di kecamatan', 'Tata Kelola Kecamatan dan kelembagaan kecamatan', 'Keberadaan Data Dukung Lainnya', '', 1, 'FC jadwal pembinaan pembuatan legal drafting bagi aparatur Gampong pada tahun 2020'),
(115, 6, 'Daftar aparat petugas penyidik PNS', 'Tata Kelola Kecamatan dan kelembagaan kecamatan', 'Keberadaan Data Dukung Lainnya', '', 1, 'Rekapitulasi penyidik PNS di lingkup Kantor Kecamatan yang ditandatangani oleh Camat/Ka UPT wilayah dan berstempel basah'),
(116, 6, 'Data pelaksanaan hari-hari besar Nasional', 'Tata Kelola Kecamatan dan kelembagaan kecamatan', 'Keberadaan Data Dukung Lainnya', '', 1, 'Jumlah lokasi pelaksanaan hari-hari besar nasional '),
(117, 6, 'Data rumah penduduk yang mengibarkan merah putih menjelang hari-hari besar nasional', 'Tata Kelola Kecamatan dan kelembagaan kecamatan', 'Keberadaan Data Dukung Lainnya', '', 1, 'Jumlah rumah penduduk'),
(118, 6, 'Data persentase jumlah gampong yang telah menetapkan/ mengukuhkan kembali reusam  atau aturan adat yang berkenaan dengan kehidupan masyarakat dan pengelolaan sumber daya alam ', 'Tata Kelola Kecamatan dan kelembagaan kecamatan', 'Keberadaan Data Dukung Lainnya', '', 1, 'Rekapitulasi data  gampong yang telah menetapkan / mengukuhkan kembali reusam  atau aturan adat yang berkenaan dengan kehidupan masyarakat dan pengelolaan sumber daya alam'),
(119, 6, 'Data persentase/ tingkat kemampuan gampong/ mukim dalam menyelesaikan sengketa melalui peradilan adat/ secara adat', 'Tata Kelola Kecamatan dan kelembagaan kecamatan', 'Keberadaan Data Dukung Lainnya', '', 1, 'Rekapitulasi data menyelesaikan sengketa melalui peradilan adat/ secara adat dari seluruh gampong/ mukim, se kecamatan'),
(120, 6, 'Data jumlah lembaga adat yang aktif/ diaktifkan kembali dalam bidang pengelolaan sumber daya alam.', 'Tata Kelola Kecamatan dan kelembagaan kecamatan', 'Keberadaan Data Dukung Lainnya', '', 1, 'Rekapitulasi jumlah lembaga adat yang aktif/ diaktifkan kembali dalam bidang pengelolaan sumber daya alam.'),
(121, 6, 'Data capaian SPM kesehatan', 'Tata Kelola Kecamatan dan kelembagaan kecamatan', 'Keberadaan Data Dukung Lainnya', '', 1, 'FC daftar capaian SPM kesehatan '),
(122, 6, 'Lokakarya mini lintas sektor untuk perencanaan Program Kesehatan', 'Tata Kelola Kecamatan dan kelembagaan kecamatan', 'Keberadaan Data Dukung Lainnya', '', 1, 'FC daftar hadir lokakarya'),
(123, 6, 'Jumlah lembaga sosial', 'Tata Kelola Kecamatan dan kelembagaan kecamatan', 'Keberadaan Data Dukung Lainnya', '', 1, 'Rekapitulasi data jumlah lembaga sosial yang ditandatangani oleh camat dan stempel basah'),
(124, 7, 'Jumlah Sistem Informasi yang ada di Kecamatan', 'Inovasi Kecamatan dan Upaya yang Dilakukan Kecamatan', 'Sistem Informasi yang ada di Kecamatan', 'Sistem Informasi', 40, 'Resume/dokumentasi disertai penjelasan singkat terkait sistem informasi yang digunakan oleh Kecamatan'),
(125, 7, 'Inovasi yang dibuat oleh Camat', 'Inovasi Kecamatan dan Upaya yang Dilakukan Kecamatan', 'Sistem Informasi yang ada di Kecamatan', 'Inovasi', 25, 'Resume Inovasi yang dibuat oleh Kecamatan yang berisikan nama inovasi dan manfaat yang didapat dari penerapan inovasi tersebut'),
(126, 7, 'Prestasi yang diraih', 'Inovasi Kecamatan dan Upaya yang Dilakukan Kecamatan', 'Sistem Informasi yang ada di Kecamatan', 'Prestasi', 35, 'Rekapitulasi penghargaan yang telah diterima Kecamatan sampai Tahun 2020');

-- --------------------------------------------------------

--
-- Struktur dari tabel `status_konsultasi`
--

CREATE TABLE `status_konsultasi` (
  `id` bigint(20) UNSIGNED NOT NULL,
  `nama` varchar(191) COLLATE utf8mb4_unicode_ci NOT NULL
) ENGINE=InnoDB DEFAULT CHARSET=utf8mb4 COLLATE=utf8mb4_unicode_ci;

--
-- Dumping data untuk tabel `status_konsultasi`
--

INSERT INTO `status_konsultasi` (`id`, `nama`) VALUES
(1, 'Pending'),
(2, 'Normal'),
(3, 'Pre-Komorbid'),
(4, 'Komorbid'),
(5, 'Komplikasi');

-- --------------------------------------------------------

--
-- Struktur dari tabel `status_konsultasiter`
--

CREATE TABLE `status_konsultasiter` (
  `id` bigint(20) UNSIGNED NOT NULL,
  `nama` varchar(191) COLLATE utf8mb4_unicode_ci NOT NULL
) ENGINE=InnoDB DEFAULT CHARSET=utf8mb4 COLLATE=utf8mb4_unicode_ci;

-- --------------------------------------------------------

--
-- Struktur dari tabel `subindikator`
--

CREATE TABLE `subindikator` (
  `subin_id` bigint(20) UNSIGNED NOT NULL,
  `subin_item` varchar(191) COLLATE utf8mb4_unicode_ci NOT NULL,
  `aspek_id` bigint(20) UNSIGNED NOT NULL,
  `fokus` varchar(191) COLLATE utf8mb4_unicode_ci NOT NULL,
  `kegiatan` varchar(191) COLLATE utf8mb4_unicode_ci NOT NULL,
  `indikator` varchar(191) COLLATE utf8mb4_unicode_ci NOT NULL,
  `satuan` varchar(191) COLLATE utf8mb4_unicode_ci NOT NULL,
  `keterangan` varchar(191) COLLATE utf8mb4_unicode_ci NOT NULL
) ENGINE=InnoDB DEFAULT CHARSET=utf8mb4 COLLATE=utf8mb4_unicode_ci;

--
-- Dumping data untuk tabel `subindikator`
--

INSERT INTO `subindikator` (`subin_id`, `subin_item`, `aspek_id`, `fokus`, `kegiatan`, `indikator`, `satuan`, `keterangan`) VALUES
(1, 'Jumlah Pertemuan koordinasi dalam rangka perencanaan kegiatan pemerintahan dengan perangkat daerah dan instansi vertikal yang telah dilaksanakan.', 1, 'Koordinasi Penyelenggaraan Kegiatan Pemerintahan di Tingkat Kecamatan', 'Koordinasi/Sinergi Perencanaan dan Pelaksanaan Kegiatan Pemerintahan Dengan Perangkat Daerah dan Instansi Vertikal Terkait.', 'Pertemuan koordinasi dalam rangka perencanaan kegiatan pemerintahan dengan perangkat daerah dan instansi vertikal yang telah dilaksanakan. ', 'kali', ''),
(2, 'Jumlah rapat dengan Forkopimcam', 1, 'Koordinasi Penyelenggaraan Kegiatan Pemerintahan di Tingkat Kecamatan', 'Peningkatan Efektifitas Kegiatan Pemerintahan di Tingkat Kecamatan', 'Rapat dengan Forkopimcam', 'kali', ''),
(3, 'adanya Perencanaan Kegiatan Pelayanan Kepada Masyarakat di Kecamatan', 1, 'Penyelenggaraan Urusan Pemerintahan yang tidak Dilaksanakan oleh Unit Kerja Perangkat Daerah yang Ada di Kecamatan', 'Perencanaan Kegiatan Pelayanan Kepada Masyarakat di Kecamatan', 'Perencanaan Kegiatan Pelayanan Kepada Masyarakat di Kecamatan', 'ada/tidak', ''),
(4, 'Jumlah Gampong yang memiliki Posyandu strata Purnama dan Mandiri/Multifungsi', 1, 'Penyelenggaraan Urusan Pemerintahan yang tidak Dilaksanakan oleh Unit Kerja Perangkat Daerah yang Ada di Kecamatan', 'Fasilitasi Percepatan Pencapaian Standar Pelayanan Minimal di Wilayah Kecamatan', 'Persentase Gampong yang memiliki Posyandu strata Purnama dan Mandiri/Multifungsi:', '%', ''),
(5, 'Jumlah Gampong yang terdapat di wilayah Kecamatan', 1, 'Penyelenggaraan Urusan Pemerintahan yang tidak Dilaksanakan oleh Unit Kerja Perangkat Daerah yang Ada di Kecamatan', 'Fasilitasi Percepatan Pencapaian Standar Pelayanan Minimal di Wilayah Kecamatan', 'Persentase Gampong yang memiliki Posyandu strata Purnama dan Mandiri/Multifungsi:', '', ''),
(6, 'Keberadaan informasi pelayanan yang diketahui publik : informasi bagan alur pelayanan', 1, 'Penyelenggaraan Urusan Pemerintahan yang tidak Dilaksanakan oleh Unit Kerja Perangkat Daerah yang Ada di Kecamatan', 'Peningkatan Efektifitas Pelaksanaan Pelayanan Kepada Masyarakat di Wilayah Kecamatan', 'Informasi pelayanan yang diketahui publik:', '', ''),
(7, '6Keberadaan informasi pelayanan yang diketahui publik : visi dan misi', 1, 'Penyelenggaraan Urusan Pemerintahan yang tidak Dilaksanakan oleh Unit Kerja Perangkat Daerah yang Ada di Kecamatan', 'Peningkatan Efektifitas Pelaksanaan Pelayanan Kepada Masyarakat di Wilayah Kecamatan', 'Informasi pelayanan yang diketahui publik:', '', ''),
(8, '6Keberadaan informasi pelayanan yang diketahui publik : Motto Pelayanan', 1, 'Penyelenggaraan Urusan Pemerintahan yang tidak Dilaksanakan oleh Unit Kerja Perangkat Daerah yang Ada di Kecamatan', 'Peningkatan Efektifitas Pelaksanaan Pelayanan Kepada Masyarakat di Wilayah Kecamatan', 'Informasi pelayanan yang diketahui publik:', '', ''),
(9, '6Keberadaan informasi pelayanan yang diketahui publik : SOP Pelayanan', 1, 'Penyelenggaraan Urusan Pemerintahan yang tidak Dilaksanakan oleh Unit Kerja Perangkat Daerah yang Ada di Kecamatan', 'Fasilitasi Percepatan Pencapaian Standar Pelayanan Minimal di Wilayah Kecamatan', 'Informasi pelayanan yang diketahui publik:', '', ''),
(10, '6Keberadaan informasi pelayanan yang diketahui publik :  Leafletlbrosur/jenis informasi lainnya terkait jenis dan profil pelayanan', 1, 'Penyelenggaraan Urusan Pemerintahan yang tidak Dilaksanakan oleh Unit Kerja Perangkat Daerah yang Ada di Kecamatan', 'Peningkatan Efektifitas Pelaksanaan Pelayanan Kepada Masyarakat di Wilayah Kecamatan', 'Informasi pelayanan yang diketahui publik:', '', ''),
(11, '6Keberadaan informasi pelayanan yang diketahui publik : Loket khusus Lansia dan Penyandang Cacat', 1, 'Penyelenggaraan Urusan Pemerintahan yang tidak Dilaksanakan oleh Unit Kerja Perangkat Daerah yang Ada di Kecamatan', 'Fasilitasi Percepatan Pencapaian Standar Pelayanan Minimal di Wilayah Kecamatan', 'Informasi pelayanan yang diketahui publik:', '', ''),
(12, '6Keberadaan informasi pelayanan yang diketahui publik : Website kecamatan', 1, 'Penyelenggaraan Urusan Pemerintahan yang tidak Dilaksanakan oleh Unit Kerja Perangkat Daerah yang Ada di Kecamatan', 'Peningkatan Efektifitas Pelaksanaan Pelayanan Kepada Masyarakat di Wilayah Kecamatan', 'Informasi pelayanan yang diketahui publik:', '', ''),
(13, '6Keberadaan informasi pelayanan yang diketahui publik : Nomor Antrian', 1, 'Penyelenggaraan Urusan Pemerintahan yang tidak Dilaksanakan oleh Unit Kerja Perangkat Daerah yang Ada di Kecamatan', 'Peningkatan Efektifitas Pelaksanaan Pelayanan Kepada Masyarakat di Wilayah Kecamatan', 'Informasi pelayanan yang diketahui publik:', '', ''),
(14, '6Keberadaan informasi pelayanan yang diketahui publik : Sarana Pengaduan', 1, 'Penyelenggaraan Urusan Pemerintahan yang tidak Dilaksanakan oleh Unit Kerja Perangkat Daerah yang Ada di Kecamatan', 'Peningkatan Efektifitas Pelaksanaan Pelayanan Kepada Masyarakat di Wilayah Kecamatan', 'Informasi pelayanan yang diketahui publik:', '', ''),
(15, 'Tingkat kepuasan masyarakat terhadap pelayanan di kecamatan', 1, 'Penyelenggaraan Urusan Pemerintahan yang tidak Dilaksanakan oleh Unit Kerja Perangkat Daerah yang Ada di Kecamatan', 'Peningkatan Efektifitas Pelaksanaan Pelayanan Kepada Masyarakat di Wilayah Kecamatan', 'Kepuasan masyarakat terhadap pelayanan di kecamatan', '', ''),
(16, 'Jumlah keluhan masyarakat yang ditindaklanjuti tahun 2020', 1, 'Penyelenggaraan Urusan Pemerintahan yang tidak Dilaksanakan oleh Unit Kerja Perangkat Daerah yang Ada di Kecamatan', 'Peningkatan Efektifitas Pelaksanaan Pelayanan Kepada Masyarakat di Wilayah Kecamatan', 'Persentase keluhan masyarakat terhadap pelayanan yang diberikan:', '', ''),
(17, 'Jumlah keluhan masyarakat yang ditindaklanjuti tahun 2019', 1, 'Penyelenggaraan Urusan Pemerintahan yang tidak Dilaksanakan oleh Unit Kerja Perangkat Daerah yang Ada di Kecamatan', 'Peningkatan Efektifitas Pelaksanaan Pelayanan Kepada Masyarakat di Wilayah Kecamatan', 'Persentase keluhan masyarakat terhadap pelayanan yang diberikan:', '', ''),
(18, 'Jumlah keluhan masyarakat Tahun 2020 yang sudah ditindaklanjuti', 1, 'Penyelenggaraan Urusan Pemerintahan yang tidak Dilaksanakan oleh Unit Kerja Perangkat Daerah yang Ada di Kecamatan', 'Peningkatan Efektifitas Pelaksanaan Pelayanan Kepada Masyarakat di Wilayah Kecamatan', 'Persentase keluhan masyarakat yang ditindaklanjuti oleh Kecamatan', '', ''),
(19, 'Jumlah total keluhan masyarakat Tahun 2020', 1, 'Penyelenggaraan Urusan Pemerintahan yang tidak Dilaksanakan oleh Unit Kerja Perangkat Daerah yang Ada di Kecamatan', 'Peningkatan Efektifitas Pelaksanaan Pelayanan Kepada Masyarakat di Wilayah Kecamatan', 'Persentase keluhan masyarakat yang ditindaklanjuti oleh Kecamatan', '', ''),
(20, 'Jumlah ijin/rekomendasi yang diterbitkan sesuai prosedur (SOP)', 1, 'Penyelenggaraan Urusan Pemerintahan yang tidak Dilaksanakan oleh Unit Kerja Perangkat Daerah yang Ada di Kecamatan', 'Peningkatan Efektifitas Pelaksanaan Pelayanan Kepada Masyarakat di Wilayah Kecamatan', 'Ijin rekomendasi yang diterbitkan sesuai prosedur (SOP)', '', ''),
(21, 'Jumlah permohonan perizinan/ rekomendasi yang diberikan Camat', 1, 'Penyelenggaraan Urusan Pemerintahan yang tidak Dilaksanakan oleh Unit Kerja Perangkat Daerah yang Ada di Kecamatan', 'Peningkatan Efektifitas Pelaksanaan Pelayanan Kepada Masyarakat di Wilayah Kecamatan', 'Ijin rekomendasi yang diterbitkan sesuai prosedur (SOP)', '', ''),
(22, 'Persentase kenaikan jumlah pemohon pelayanan kecamatan dibanding tahun sebelumnya: 2020', 1, 'Penyelenggaraan Urusan Pemerintahan yang tidak Dilaksanakan oleh Unit Kerja Perangkat Daerah yang Ada di Kecamatan', 'Peningkatan Efektifitas Pelaksanaan Pelayanan Kepada Masyarakat di Wilayah Kecamatan', 'Persentase kenaikan jumlah pemohon pelayanan kecamatan dibanding tahun sebelumnya:', '', ''),
(23, 'Persentase kenaikan jumlah pemohon pelayanan kecamatan dibanding tahun sebelumnya: 2019', 1, 'Penyelenggaraan Urusan Pemerintahan yang tidak Dilaksanakan oleh Unit Kerja Perangkat Daerah yang Ada di Kecamatan', 'Peningkatan Efektifitas Pelaksanaan Pelayanan Kepada Masyarakat di Wilayah Kecamatan', 'Persentase kenaikan jumlah pemohon pelayanan kecamatan dibanding tahun sebelumnya:', '', ''),
(24, 'Jumlah sarana, fasum dan fasos  yang diperbaiki oleh dinas terkait', 1, 'Koordinasi Pemeliharaan Prasarana dan Sarana Pelayanan Umum', 'Koordinasi/Sinergi dengan Perangkat Daerah dan/atau Instansi Vertikal yang Terkait dalam Pemeliharaan Sarana dan Prasarana Pelayanan Umum', 'Persentase sarana prasarana, fasum, fasos di wilayah Kecamatan yang diperbaiki:', '', ''),
(25, 'Jumlah sarana, fasum, fasos yang ditemukan/ dilaporkan rusak (butuh perbaikan)', 1, 'Koordinasi Pemeliharaan Prasarana dan Sarana Pelayanan Umum', 'Koordinasi/Sinergi dengan Perangkat Daerah dan/atau Instansi Vertikal yang Terkait dalam Pemeliharaan Sarana dan Prasarana Pelayanan Umum', 'Persentase sarana prasarana, fasum, fasos di wilayah Kecamatan yang diperbaiki:', '', ''),
(26, 'Jumlah prasarana dan fasilitas pelayanan umum yang dipelihara dengan melibatkan pihak swasta', 1, 'Koordinasi Pemeliharaan Prasarana dan Sarana Pelayanan Umum', 'Pelaksanaan Pemeliharaan Prasarana dan Fasilitas Pelayanan Umum yang Melibatkan Pihak Swasta', 'Jumlah prasarana dan fasilitas pelayanan umum yang dipelihara dengan melibatkan pihak swasta', '', ''),
(27, 'Jumlah Kewenangan Perizinan dan Non Perizinan yang dapat dilaksanakan camat - Jumlah Kewenangan Perizinan - Jumlah Kewenangan Non Perizinan', 1, 'Pelaksanaan Urusan Pemerintahan yang Dilimpahkan kepada Camat', 'Pelaksanaan Urusan Pemerintahan yang Terkait Dengan Pelayanan Perizinan', 'Presentase jumlah kewenangan perizinan dan non perizinan yang dapat dilaksanakan oleh Camat:', '', ''),
(28, 'Jumlah kewenangan yang diberikan - Jumlah Kewenangan Perizinan - Jumlah Kewenangan Non Perizinan', 1, 'Pelaksanaan Urusan Pemerintahan yang Dilimpahkan kepada Camat', 'Pelaksanaan Urusan Pemerintahan yang Terkait Dengan Pelayanan Perizinan', 'Presentase jumlah kewenangan perizinan dan non perizinan yang dapat dilaksanakan oleh Camat:', '', ''),
(29, 'Daftar urusan pemerintahan terkait non perizinan yang telah memiliki SOP dan/atau instrumen pendukung lainnya', 1, 'Pelaksanaan Urusan Pemerintahan yang Dilimpahkan kepada Camat', 'Pelaksanaan Urusan Pemerintahan yang Terkait Dengan Nonperizinan', 'Jumlah urusan pemerintahan terkait nonperizinan yang telah dilengkapi dengan instrumen pendukung', '', ''),
(30, 'Dokumen SOP dan/atau instrumen pendukung lainnya yang relevan', 1, 'Pelaksanaan Urusan Pemerintahan yang Dilimpahkan kepada Camat', 'Pelaksanaan Urusan Pemerintahan yang Terkait Dengan Nonperizinan', 'Jumlah urusan pemerintahan terkait nonperizinan yang telah dilengkapi dengan instrumen pendukung', '', ''),
(31, 'Daftar urusan pemerintahan terkait nonperizinan yang telah dilaksanakan dan keluarannya.', 1, 'Pelaksanaan Urusan Pemerintahan yang Dilimpahkan kepada Camat', 'Pelaksanaan Urusan Pemerintahan yang Terkait Dengan Nonperizinan', 'urusan pemerintahan terkait nonperizinan yang telah dilaksanakan oleh kecamatan', '', ''),
(32, 'Peraturan Bupati/Walikota tentang pendelegasian sebagian kewenangan kepada Camat', 1, 'Pelaksanaan Urusan Pemerintahan yang Dilimpahkan kepada Camat', 'Pelaksanaan Urusan Pemerintahan yang Terkait Dengan Kewenangan Lain yang Dilimpahkan', 'Peraturan Bupati/Walkota', '', ''),
(34, 'Jumlah koordinasi dan sinkronisasi perencanaan dengan Pemerintahan Gampong', 2, 'Koordinasi Kegiatan Pemberdayaan Gampong', 'Peningkatan Partisipasi Masyarakat Dalam Forum Musyawarah Perencanaan Pembangunan di Desa', 'Jumlah koordinasi dan sinkronisasi perencanaan dengan Pemerintah Gampong', 'kali', ''),
(35, 'Adanya Pertemuan koordinasi dalam rangka sinkronisasi program kerja dan pelaksanaan kegiatan pemberdayaan masyarakat dari pemerintah dan swasta', 2, 'Koordinasi Kegiatan Pemberdayaan Gampong', 'Sinkronisasi Program Kerja dan Kegiatan\nPemberdayaan Masyarakat Yang Dilakukan Oleh Pemerintah dan Swasta di Wilayah Kerja\nKecamatan', 'Pertemuan koordinasi dalam rangka sinkronisasi program kerja dan pelaksanaan kegiatan pemberdayaan masyarakat dari pemerintah dan swasta', 'ada/tidak', ''),
(36, 'Adanya Rekomendasi pertemuan koordinasi yang ditindaklanjuti dalam rangka sinkronisasi program kerja dan pelaksanaan kegiatan pemberdayaan masyarakat dari pemerintah dan swasta', 2, 'Koordinasi Kegiatan Pemberdayaan Gampong', 'Sinkronisasi Program Kerja dan Kegiatan\nPemberdayaan Masyarakat Yang Dilakukan Oleh Pemerintah dan Swasta di Wilayah Kerja\nKecamatan', 'Rekomendasi pertemuan koordinasi yang ditindaklanjuti dalam rangka sinkronisasi program kerja dan pelaksanaan kegiatan pemberdayaan masyarakat dari pemerintah dan swasta', 'ada/tidak', ''),
(37, 'Daftar kegiatan pemberdayaan masyarakat yang dilaksanakan bersama oleh pemerintah dan swasta dan keluarannya', 2, 'Koordinasi Kegiatan Pemberdayaan Gampong', 'Sinkronisasi Program Kerja dan Kegiatan\nPemberdayaan Masyarakat Yang Dilakukan Oleh Pemerintah dan Swasta di Wilayah Kerja\nKecamatan', 'Kegiatan pemberdayaan masyarakat yang dilaksanakan bersama oleh pemerintah dan swasta ', 'ada/tidak', ''),
(38, 'Daftar kegiatan pemberdayaan masyarakat yang menunjukkan hasil sesuai dengan rencana', 2, 'Koordinasi Kegiatan Pemberdayaan Gampong', 'Peningkatan Efektifitas Kegiatan Pemberdayaan Masyarakat di Wilayah Kecamatan', 'Kegiatan pemberdayaan masyarakat yang menunjukkan hasil sesuai dengan rencana', '%', ''),
(39, 'Dokumen perencanaan kerja kecamatan', 2, 'Koordinasi Kegiatan Pemberdayaan Gampong', 'Peningkatan Efektifitas Kegiatan Pemberdayaan Masyarakat di Wilayah Kecamatan', 'Kegiatan pemberdayaan masyarakat yang menunjukkan hasil sesuai dengan rencana', '', ''),
(40, 'Permasalahan Bidang Trantib yang diselesaikan pada Tahun 2020', 3, 'Koordinasi Upaya Penyelenggaraan Ketenteraman dan Ketertiban Umum', 'Sinergitas dengan Kepolisian Negara Republik Indonesia, Tentara Nasional Indonesia dan instansi vertikal di wilayah kecamatan', 'Persentase permasalahan bidang trantib yang diselesaikan Camat Tahun 2020:', '%', ''),
(41, 'Jumlah total permasalahan Bidang Trantib Tahun 2020', 3, 'Koordinasi Upaya Penyelenggaraan Ketenteraman dan Ketertiban Umum', 'Sinergitas dengan Kepolisian Negara Republik Indonesia, Tentara Nasional Indonesia dan instansi vertikal di wilayah kecamatan', 'Persentase permasalahan bidang trantib yang diselesaikan Camat Tahun 2020:', '', ''),
(42, 'Dokumen pembentukan FKUB', 3, 'Koordinasi Upaya Penyelenggaraan Ketenteraman dan Ketertiban Umum', 'Harmonisasi Hubungan Dengan Tokoh Agama dan Tokoh Masyarakat', 'Fasilitasi pembentukan Forum Komunikasi Umat Beragama (FKUB) kecamatan', 'ada/tidak', ''),
(43, 'Jumlah koordinasi dengan Perangkat Daerah/Kepolisian Negara terkait penerapan/penegakkan perundang-undangan', 3, 'Koordinasi Penerapan dan Penegakan Perda dan Perkada', 'Koordinasi/Sinergi Dengan Perangkat Daerah yang Tugas dan Fungsinya di Bidang Penegakan Peraturan Perundang-Undangan dan/atau Kepolisian Negara Republik Indonesia', 'Jumlah koordinasi dengan Perangkat Daerah/Kepolisian Negara terkait penerapan/penegakkan perundang-undangan', 'kali', ''),
(44, 'Adanya kegiatan sosialisasi pembinaan wawasan kebangsaan dan ketahanan nasional ', 4, 'Penyelenggaraan Urusan Pemerintahan Umum sesuai Penugasan Kepala Daerah', 'Pembinaan Wawasan Kebangsaan dan Ketahanan Nasional dalam Rangka Memantapkan Pengamalan Pancasila, Pelaksanaan UndangUndang Dasar Negara Republik Indonesia Tahun 1945, Pelestarian Bhinneka Tu', 'Kegiatan sosialisasi pembinaan wawasan kebangsaan dan ketahanan nasional ', 'ada/tidak', ''),
(45, 'bimtek dan konsultasi wawasan kebangsaan dan ketahanan nasional ', 4, 'Penyelenggaraan Urusan Pemerintahan Umum sesuai Penugasan Kepala Daerah', 'Fasilitasi, Koordinasi dan Pembinaan (Bimtek, Sosialisasi, Konsultasi) Wawasan Kebangsaan dan Ketahanan Nasional', 'Jumlah bimtek dan konsultasi wawasan kebangsaan dan ketahanan nasional ', 'Kali', ''),
(46, 'Dokumentasi kegiatan peringatan hari-hari besar nasional ', 4, 'Penyelenggaraan Urusan Pemerintahan Umum sesuai Penugasan Kepala Daerah', 'Pembinaan Persatuan dan Kesatuan Bangsa', 'Peringatan hari-hari besar nasional di kecamatan', 'Kali', ''),
(47, 'Notulensi dan dokumentasi kegiatan dialog\nRekomendasi hasil dialog rutin', 4, 'Penyelenggaraan Urusan Pemerintahan Umum sesuai Penugasan Kepala Daerah', 'Pembinaan Kerukunan Antarsuku dan Intrasuku, Umat Beragama, Ras, dan Golongan Lainnya Guna Mewujudkan Stabilitas Kemanan Lokal, Regional, dan Nasional', 'Dialog rutin camat dengan para tokoh masyarakat, tokoh adat dan tokoh agama ', 'ada/tidak', ''),
(48, 'Daftar kasus konflik sosial yang dikoordinasikan dengan para pihak', 4, 'Penyelenggaraan Urusan Pemerintahan Umum sesuai Penugasan Kepala Daerah', 'Penanganan Konflik Sosial Sesuai Ketentuan\nPeraturan Perundang-Undangan', 'Kasus konflik sosial yang dikoordinasikan dengan para pihak sesuai peraturan perundang-undangan yang berlaku', 'Kasus', ''),
(49, 'Jumlah kasus konflik sosial dan penanganannya', 4, 'Penyelenggaraan Urusan Pemerintahan Umum sesuai Penugasan Kepala Daerah', '', 'Kasus konflik sosial yang dipantau penanganannya oleh kecamatan', 'Kasus', ''),
(50, 'Notulensi dan dokumentasi kegiatan sosialisasi', 4, 'Penyelenggaraan Urusan Pemerintahan Umum sesuai Penugasan Kepala Daerah', 'Pengembangan Kehidupan Demokrasi\nBerdasarkan Pancasila', 'Sosialisasi kegiatan pemilu dan/atau pemilihan kepala daerah kepada masyarakat', 'ada/tidak', ''),
(51, 'Jumlah Urusan pemerintahan yang bukan merupakan kewenangan daerah dan tidak dilaksanakan oleh instansi vertikal yang yang telah memiliki SOP dan/atau instrumen pendukung lainnya.', 4, 'Penyelenggaraan Urusan Pemerintahan Umum sesuai Penugasan Kepala Daerah', 'Pelaksanaan Semua Urusan Pemerintahan yang Bukan Merupakan Kewenangan Daerah dan Tidak Dilaksanakan Oleh Instansi Vertikal', 'Urusan pemerintahan yang bukan merupakan kewenangan daerah dan tidak dilaksanakan oleh instansi vertikal yang telah dilengkapi dengan instrumen pendukung.', '. Urusan pemerintahan', ''),
(52, 'Jumlah Urusan pemerintahan yang bukan merupakan kewenangan daerah dan tidak dilaksanakan oleh instansi vertikal yang telah dilaksanakan oleh kecamatan dan keluarannya.', 4, 'Penyelenggaraan Urusan Pemerintahan Umum sesuai Penugasan Kepala Daerah', 'Pelaksanaan Semua Urusan Pemerintahan yang Bukan Merupakan Kewenangan Daerah dan Tidak Dilaksanakan Oleh Instansi Vertikal', 'Urusan pemerintahan yang bukan merupakan kewenangan daerah dan tidak dilaksanakan oleh instansi vertikal yang telah dilaksanakan oleh kecamatan', '. Urusan pemerintahan', ''),
(53, 'Laporan pelaksanaan tugas forum koordinasi pimpinan di kecamatan', 4, 'Penyelenggaraan Urusan Pemerintahan Umum sesuai Penugasan Kepala Daerah', 'Pelaksanaan Tugas Forum Koordinasi Pimpinan di Kecamatan', 'Tugas forum koordinasi pimpinan yang dilaksanakan', 'ada/tidak', ''),
(54, 'Jumlah Gampong yang telah menetapkan Qanun Gampong', 5, 'Fasilitasi, Rekomendasi dan Koordinasi\nPembinaan dan Pengawasan Pemerintahan Desa', 'Fasilitasi Penyusunan Peraturan Desa dan\nPeraturan Kepala Desa', 'Persentase Gampong yang telah menetapkan Qanun Gampong tentang Kewenangan Gampong sesuai Permendagri 44/ 2016', '%', ''),
(55, 'Jumlah Gampong yang berada di wilayah Kecamatan', 5, 'Fasilitasi, Rekomendasi dan Koordinasi\nPembinaan dan Pengawasan Pemerintahan Desa', 'Fasilitasi Penyusunan Peraturan Desa dan\nPeraturan Kepala Desa', 'Persentase Gampong yang telah menetapkan Qanun Gampong tentang Kewenangan Gampong sesuai Permendagri 44/ 2017', '', ''),
(56, 'Jumlah Gampong yang mengalokasikan anggaran pengembangan aparatur Gampong', 5, 'Fasilitasi, Rekomendasi dan Koordinasi\nPembinaan dan Pengawasan Pemerintahan Desa', 'Fasilitasi Administrasi Tata Pemerintahan Desa', 'Persentase Gampong yang mengembangkan kapasitas aparaturnya', '%', ''),
(57, 'Jumlah Gampong yang terdapat di Wilayah Kecamatan', 5, 'Fasilitasi, Rekomendasi dan Koordinasi\nPembinaan dan Pengawasan Pemerintahan Desa', 'Fasilitasi Administrasi Tata Pemerintahan Desa', 'Persentase Gampong yang mengembangkan kapasitas aparaturnya', '', ''),
(58, 'Jumlah Gampong yang menetapkan APBDesa tepat waktu', 5, 'Fasilitasi, Rekomendasi dan Koordinasi\nPembinaan dan Pengawasan Pemerintahan Desa', 'Fasilitasi Pengelolaan Keuangan Desa dan pendayagunaan Aset Desa', 'Persentase Gampong yang menetapkan APBG tepat waktu dan sesuai Permendagri 20/2018', '%', ''),
(59, 'Jumlah Gampong yang berada di wilayah Kecamatan', 5, 'Fasilitasi, Rekomendasi dan Koordinasi\nPembinaan dan Pengawasan Pemerintahan Desa', 'Fasilitasi Pengelolaan Keuangan Desa dan pendayagunaan Aset Desa', 'Persentase Gampong yang menetapkan APBG tepat waktu dan sesuai Permendagri 20/2019', '', ''),
(60, 'Jumlah Gampong yang telah menggunakan SISKEUDES', 5, 'Fasilitasi, Rekomendasi dan Koordinasi\nPembinaan dan Pengawasan Pemerintahan Desa', 'Fasilitasi Pengelolaan Keuangan Desa dan pendayagunaan Aset Desa', 'Persentase Gampong yang telah menggunakan SISKEUDES:', '%', ''),
(61, 'Jumlah Gampong yang terdapat di Wilayah Kecamatan', 5, 'Fasilitasi, Rekomendasi dan Koordinasi\nPembinaan dan Pengawasan Pemerintahan Desa', 'Fasilitasi Pengelolaan Keuangan Desa dan pendayagunaan Aset Desa', 'Persentase Gampong yang telah menggunakan SISKEUDES:', '', ''),
(62, 'Jumlah Gampong yang telah menetapkan aset Gampong sesuai Permendagri No 1/2016 ttg Pengelolaan Aset Desa.', 5, 'Fasilitasi, Rekomendasi dan Koordinasi\nPembinaan dan Pengawasan Pemerintahan Desa', 'Fasilitasi Pengelolaan Keuangan Desa dan pendayagunaan Aset Desa', 'Pengelolaan Aset Gampong:', '%', ''),
(63, 'Jumlah Gampong yang terdapat di  wilayah kecamatan', 5, 'Fasilitasi, Rekomendasi dan Koordinasi\nPembinaan dan Pengawasan Pemerintahan Desa', 'Fasilitasi Pengelolaan Keuangan Desa dan pendayagunaan Aset Desa', 'Pengelolaan Aset Gampong:', '', ''),
(64, 'Jumlah Gampong   yang melaksanakan Evaluasi Diri', 5, 'Fasilitasi, Rekomendasi dan Koordinasi\nPembinaan dan Pengawasan Pemerintahan Desa', 'Fasilitasi penerapan dan Penegakan Peraturan Perundang-Undangan', 'Persentase Gampong yang melaksanakan Evaluasi Diri sesuai Permendagri 81/2015 ', '%', ''),
(65, 'Jumlah Gampong   yang terdapat di wilayah Kecamatan', 5, 'Fasilitasi, Rekomendasi dan Koordinasi\nPembinaan dan Pengawasan Pemerintahan Desa', '', '', '', ''),
(66, 'Jumlah Gampong yang telah memiliki struktur organisasi dan tata kerja pemerintah desa', 5, 'Fasilitasi, Rekomendasi dan Koordinasi\nPembinaan dan Pengawasan Pemerintahan Desa', 'Fasilitasi Pelaksanaan Tugas Kepala Desa dan Perangkat Desa', 'Persentase Gampong yang telah memiliki struktur organsasi dan tata kerja pemerintah desa', '%', ''),
(67, 'Jumlah Gampong yang terdapat di wilayah Kecamatan', 5, 'Fasilitasi, Rekomendasi dan Koordinasi\nPembinaan dan Pengawasan Pemerintahan Desa', 'Fasilitasi Pelaksanaan Tugas Kepala Desa dan Perangkat Desa', 'Persentase Gampong yang telah memiliki struktur organsasi dan tata kerja pemerintah desa', '', ''),
(68, 'Daftar desa yang melakukan pemilihan kepada desa dan hasilnya', 5, 'Fasilitasi, Rekomendasi dan Koordinasi\nPembinaan dan Pengawasan Pemerintahan Desa', 'Fasilitasi Pelaksanaan Pemilihan Kepala Desa', 'Jumlah desa yang melakukan pemilihan kepala desa sesuai ketentuan yang berlaku', '%', ''),
(69, 'Jumlah Desa dalam wilayah kecamatan', 5, 'Fasilitasi, Rekomendasi dan Koordinasi\nPembinaan dan Pengawasan Pemerintahan Desa', 'Fasilitasi Pelaksanaan Pemilihan Kepala Desa', 'Jumlah desa yang melakukan pemilihan kepala desa sesuai ketentuan yang berlaku', '', ''),
(70, 'Tingkat kehadiran dan keaktifan aparatur kecamatan dalam panitia pemilihan kepala desa', 5, 'Fasilitasi, Rekomendasi dan Koordinasi\nPembinaan dan Pengawasan Pemerintahan Desa', 'Fasilitasi Pelaksanaan Pemilihan Kepala Desa', 'Tingkat kehadiran dan keaktifan aparatur kecamatan dalam panitia pemilihan kepala desa', '%', ''),
(71, 'Jumlah aparatur kecamatan yang ditugaskan', 5, 'Fasilitasi, Rekomendasi dan Koordinasi\nPembinaan dan Pengawasan Pemerintahan Desa', 'Fasilitasi Pelaksanaan Pemilihan Kepala Desa', 'Tingkat kehadiran dan keaktifan aparatur kecamatan dalam panitia pemilihan kepala desa', '', ''),
(72, 'Jumlah Gampong yang telah membentuk Tuha Peut Gampong', 5, 'Fasilitasi, Rekomendasi dan Koordinasi\nPembinaan dan Pengawasan Pemerintahan Desa', 'Fasilitasi Pelaksanaan Tugas dan Fungsi Tuha Peut Gampong', 'Persentase Gampong yang telah membentuk Tuha Peut Gampong', '%', ''),
(73, 'Jumlah Gampong yang terdapat di wilayah Kecamatan', 5, 'Fasilitasi, Rekomendasi dan Koordinasi\nPembinaan dan Pengawasan Pemerintahan Desa', 'Fasilitasi Pelaksanaan Tugas dan Fungsi Tuha Peut Gampong', 'Persentase Gampong yang telah membentuk Tuha Peut Gampong', '', ''),
(74, 'Jumlah Gampong yang telah memiliki struktur dan tata kerja Tuha Peut Gampong', 5, 'Fasilitasi, Rekomendasi dan Koordinasi\nPembinaan dan Pengawasan Pemerintahan Desa', 'Fasilitasi Pelaksanaan Tugas dan Fungsi Tuha Peut Gampong', 'Persentase Gampong yang yang telah memiliki struktur dan tata kerja Tuha Peut Gampong', '%', ''),
(75, 'Jumlah Gampong yang terdapat di wilayah Kecamatan', 5, 'Fasilitasi, Rekomendasi dan Koordinasi\nPembinaan dan Pengawasan Pemerintahan Desa', 'Fasilitasi Pelaksanaan Tugas dan Fungsi Tuha Peut Gampong', 'Persentase Gampong yang yang telah memiliki struktur dan tata kerja Tuha Peut Gampong', '', ''),
(76, 'BPD yang telah melaksanakan tugasnya sesuai ketentuan yang berlaku', 5, 'Fasilitasi, Rekomendasi dan Koordinasi\nPembinaan dan Pengawasan Pemerintahan Desa', 'Fasilitasi Pelaksanaan Tugas dan Fungsi Tuha Peut Gampong', 'Persentase BPD yang telah melaksanakan tugasnya sesuai ketentuan yang berlaku ', '%', ''),
(77, 'Jumlah seluiruh BPD dalam wilayah \nkecamatan', 5, 'Fasilitasi, Rekomendasi dan Koordinasi\nPembinaan dan Pengawasan Pemerintahan Desa', 'Fasilitasi Pelaksanaan Tugas dan Fungsi Tuha Peut Gampong', 'Persentase BPD yang telah melaksanakan tugasnya sesuai ketentuan yang berlaku ', '', ''),
(78, 'Daftar rekomendasi pengangkatan, dan/atau pemberhentian perangkat desa oleh camat. ', 5, 'Fasilitasi, Rekomendasi dan Koordinasi\nPembinaan dan Pengawasan Pemerintahan Desa', 'Rekomendasi Pengangkatan dan Pemberhentian Perangkat Desa', 'Jumlah desa yang direkomendasi pengangkatan dan/atau pemberhentian perangkat desanya sesuai ketentuan yang berlaku', 'ada/tidak', ''),
(79, 'Jumlah desa yang rencana pembangunan desanya sinkron dengan perencanaan pembangunan daerah.', 5, 'Fasilitasi, Rekomendasi dan Koordinasi\nPembinaan dan Pengawasan Pemerintahan Desa', 'Fasilitasi Sinkronisasi Perencanaan Pembangunan Daerah Dengan Pembangunan Desa', 'Persentase desa yang rencana pembangunan desanya sinkron dengan perencanaan pembangunan daerah ', '%', ''),
(80, 'Jumlah Desa/Gampong dalam Wilayah Kecamatan', 5, 'Fasilitasi, Rekomendasi dan Koordinasi\nPembinaan dan Pengawasan Pemerintahan Desa', 'Fasilitasi Sinkronisasi Perencanaan Pembangunan Daerah Dengan Pembangunan Desa', 'Persentase desa yang rencana pembangunan desanya sinkron dengan perencanaan pembangunan daerah ', '', ''),
(81, 'Jumlah Pertemuan koordinasi desa, kecamatan dan perangkat daerah dalam penetapan lokasi pembangunan kawasan perdesaan', 5, 'Fasilitasi, Rekomendasi dan Koordinasi\nPembinaan dan Pengawasan Pemerintahan Desa', 'Fasilitasi Penetapan Lokasi Pembangunan Kawasan Perdesaan', 'Pertemuan koordinasi desa, kecamatan dan perangkat daerah dalam penetapan lokasi pembangunan kawasan perdesaan', ' kali', ''),
(82, 'Adanya Sosialisasi dan bimbingan teknis kepada pemerintah desa mengenai penyelenggaraan ketenteraman dan ketertiban umum ', 5, 'Fasilitasi, Rekomendasi dan Koordinasi\nPembinaan dan Pengawasan Pemerintahan Desa', 'Fasilitasi Penyelenggaraan Ketenteraman dan Ketertiban Umum', 'Sosialisasi dan bimbingan teknis kepada pemerintah desa mengenai penyelenggaraan ketenteraman dan ketertiban umum ', 'ada/tidak', ''),
(83, 'Adanya Sosialisasi dan bimbingan teknis dari kecamatan mengenai peran, tugas dan fungsi lembaga kemasyarakatan di wilayah kecamatan', 5, 'Fasilitasi, Rekomendasi dan Koordinasi\nPembinaan dan Pengawasan Pemerintahan Desa', 'Fasilitasi Pelaksanaan Tugas, Fungsi, dan Kewajiban Lembaga Kemasyarakatan', 'Sosialisasi dan bimbingan teknis dari kecamatan mengenai peran, tugas dan fungsi lembaga kemasyarakatan di wilayah kecamatan', 'ada/tidak', ''),
(84, 'Jumlah lembaga kemasyarakatan yang aktif melaksanakan tugas dan fungsinya. ', 5, 'Fasilitasi, Rekomendasi dan Koordinasi\nPembinaan dan Pengawasan Pemerintahan Desa', 'Fasilitasi Pelaksanaan Tugas, Fungsi, dan Kewajiban Lembaga Kemasyarakatan', 'Lembaga kemasyarakatan yang aktif melaksanakan tugas dan fungsinya. ', 'Lembaga kemasyarakatan', ''),
(85, 'Jumlah Persentase Gampong yang memiliki RPJM Gampong / RKP Gampong', 5, 'Fasilitasi, Rekomendasi dan Koordinasi\nPembinaan dan Pengawasan Pemerintahan Desa', 'Fasilitasi Penyusunan Perencanaan Pembangunan Partisipatif', 'Persentase Gampong yang memiliki RPJM Gampong / RKP Gampong sesuai Permendagri 114/2014', '%', ''),
(86, 'Jumlah Gampong yang berada di wilayah/Kecamatan', 5, 'Fasilitasi, Rekomendasi dan Koordinasi\nPembinaan dan Pengawasan Pemerintahan Desa', 'Fasilitasi Penyusunan Perencanaan Pembangunan Partisipatif', 'Persentase Gampong yang memiliki RPJM Gampong / RKP Gampong sesuai Permendagri 114/2015', '', ''),
(87, 'Sosialisasi dan bimbingan teknis penyelenggaraan kerja sama antardesa dan kerja sama desa dengan pihak ketiga.', 5, 'Fasilitasi, Rekomendasi dan Koordinasi\nPembinaan dan Pengawasan Pemerintahan Desa', 'Fasilitasi Kerja Sama Antardesa dan Kerja Sama Desa Dengan Pihak Ketiga', 'Sosialisasi dan bimbingan teknis penyelenggaraan kerja sama antardesa dan kerja sama desa dengan pihak ketiga.', 'ada/tidak', ''),
(88, 'Jumlah desa yang telah melaksanakan kerja sama antardesa dan kerja sama desa dengan pihak ketiga\n', 5, 'Fasilitasi, Rekomendasi dan Koordinasi\nPembinaan dan Pengawasan Pemerintahan Desa', 'Fasilitasi Kerja Sama Antardesa dan Kerja Sama Desa Dengan Pihak Ketiga', 'Persentase desa yang telah melakukan kerja sama antardesa dan kerja sama desa dengan pihak ketiga', '%', ''),
(89, 'Jumlah Gampong yang berada di wilayah/Kecamatan', 5, 'Fasilitasi, Rekomendasi dan Koordinasi\nPembinaan dan Pengawasan Pemerintahan Desa', 'Fasilitasi Kerja Sama Antardesa dan Kerja Sama Desa Dengan Pihak Ketiga', 'Persentase desa yang telah melakukan kerja sama antardesa dan kerja sama desa dengan pihak ketiga', '', ''),
(90, 'Jumlah Gampong yang telah menetapkan Batas Gampong menggunakan koordinat SIG dan Peta Batas Gampong', 5, 'Fasilitasi, Rekomendasi dan Koordinasi\nPembinaan dan Pengawasan Pemerintahan Desa', 'Fasilitasi Penataan, Pemanfaatan, dan Pendayagunaan Ruang Desa Serta Penetapan dan Penegasan Batas Desa', 'Persentase Gampong  yang telah menetapkan Batas Gampong menggunakan koordinat SIG dan Peta Batas Desa sesuai Permendagri 45/2016', '%', ''),
(91, 'Jumlah Gampong yang berada di wilayah Kecamatan', 5, 'Fasilitasi, Rekomendasi dan Koordinasi\nPembinaan dan Pengawasan Pemerintahan Desa', 'Fasilitasi Penataan, Pemanfaatan, dan Pendayagunaan Ruang Desa Serta Penetapan dan Penegasan Batas Desa', 'Persentase Gampong  yang telah menetapkan Batas Gampong menggunakan koordinat SIG dan Peta Batas Desa sesuai Permendagri 45/2017', '', ''),
(92, 'Jumlah desa yang memiliki program dan telah melaksanakan program pemberdayaan masyarakat desa. ', 5, 'Fasilitasi, Rekomendasi dan Koordinasi\nPembinaan dan Pengawasan Pemerintahan Desa', 'Fasilitasi Penyusunan Program dan Pelaksanaan Pemberdayaan Masyarakat Desa', 'Persentase desa yang memiliki program dan telah melaksanakan program pemberdayaan masyarakat desa. ', '%', ''),
(93, 'Jumlah Gampong yang berada di wilayah Kecamatan', 5, 'Fasilitasi, Rekomendasi dan Koordinasi\nPembinaan dan Pengawasan Pemerintahan Desa', 'Fasilitasi Penyusunan Program dan Pelaksanaan Pemberdayaan Masyarakat Desa', 'Persentase desa yang memiliki program dan telah melaksanakan program pemberdayaan masyarakat desa. ', '', ''),
(94, 'Pendampingan/Monev Camat dan staf kepada Pemerintah Desa dalampenyusunan rencana dan penggunaan Dana Desa', 5, 'Fasilitasi, Rekomendasi dan Koordinasi\nPembinaan dan Pengawasan Pemerintahan Desa', 'Koordinasi Pendampingan Desa di Wilayahnya', 'Pendampingan/Monev Camat dan staf kepada Pemerintah Gampong dalam penyusunan rencana dan penggunaan Dana Desa', 'ada/tidak', ''),
(95, 'Jumlah Gampong dengan klasifikasi Swadaya, Swakarya dan Swasembada', 5, 'Fasilitasi, Rekomendasi dan Koordinasi\nPembinaan dan Pengawasan Pemerintahan Desa', 'Koordinasi Pelaksanaan Pembangunan Kawasan Perdesaan di Wilayah Kecamatan', 'Pesentase Gampong dengan klasifikasi Swadaya, Swakarya dan Swasembada:', '%', ''),
(96, 'Jumlah Gampong yang berada di wilayah Kecamatan', 5, 'Fasilitasi, Rekomendasi dan Koordinasi\nPembinaan dan Pengawasan Pemerintahan Desa', 'Koordinasi Pelaksanaan Pembangunan Kawasan Perdesaan di Wilayah Kecamatan', 'Pesentase Gampong dengan klasifikasi Swadaya, Swakarya dan Swasembada:', '', ''),
(97, 'Jumlah Gampong yang melaksanakan updating Prodeskel', 5, 'Fasilitasi, Rekomendasi dan Koordinasi\nPembinaan dan Pengawasan Pemerintahan Desa', 'Koordinasi Pelaksanaan Pembangunan Kawasan Perdesaan di Wilayah Kecamatan', 'Persentase Gampong yang melaksanakan updating Prodeskel selama 2 tahun berturut-turut:', '%', ''),
(98, 'Jumlah Gampong yang berada di wilayah Kecamatan', 5, 'Fasilitasi, Rekomendasi dan Koordinasi\nPembinaan dan Pengawasan Pemerintahan Desa', 'Koordinasi Pelaksanaan Pembangunan Kawasan Perdesaan di Wilayah Kecamatan', 'Persentase Gampong yang melaksanakan updating Prodeskel selama 2 tahun berturut-turut:', '', ''),
(99, 'Jumlah Gampong yang memiliki BUMDes', 5, 'Fasilitasi, Rekomendasi dan Koordinasi\nPembinaan dan Pengawasan Pemerintahan Desa', 'Koordinasi Pelaksanaan Pembangunan Kawasan Perdesaan di Wilayah Kecamatan', 'Persentase Gampong yang memiliki Badan Usaha Milik Desa (BUMDes):', '%', ''),
(100, 'Jumlah Gampong yang terdapat di wilayah Kecamatan', 5, 'Fasilitasi, Rekomendasi dan Koordinasi\nPembinaan dan Pengawasan Pemerintahan Desa', 'Koordinasi Pelaksanaan Pembangunan Kawasan Perdesaan di Wilayah Kecamatan', 'Persentase Gampong yang memiliki Badan Usaha Milik Desa (BUMDes):', '', ''),
(101, 'Jumlah Gampong yang memiliki Iaman Website dan medsos lainnya', 5, 'Fasilitasi, Rekomendasi dan Koordinasi\nPembinaan dan Pengawasan Pemerintahan Desa', 'Koordinasi Pelaksanaan Pembangunan Kawasan Perdesaan di Wilayah Kecamatan', 'Persentase Gampong yang memiliki Iaman Website dan medsos lainnya:', '%', ''),
(102, 'Jumlah Gampong yang terdapat di wilayah Kecamatan', 5, 'Fasilitasi, Rekomendasi dan Koordinasi\nPembinaan dan Pengawasan Pemerintahan Desa', 'Koordinasi Pelaksanaan Pembangunan Kawasan Perdesaan di Wilayah Kecamatan', 'Persentase Gampong yang memiliki Iaman Website dan medsos lainnya:', '', ''),
(103, 'Jumlah Gampong dengan kategori Kurang Berkembang, Berkembang, dan Cepat Berkembang', 5, 'Fasilitasi, Rekomendasi dan Koordinasi\nPembinaan dan Pengawasan Pemerintahan Desa', 'Koordinasi Pelaksanaan Pembangunan Kawasan Perdesaan di Wilayah Kecamatan', 'Persentase Gampong dengan katagori Kurang Berkembang, Berkembang, dan Cepat Berkembang sesuai Permendagri 81/2015', '%', ''),
(104, 'Jumlah Gampong yang terdapat di wilayah Kecamatan', 5, 'Fasilitasi, Rekomendasi dan Koordinasi\nPembinaan dan Pengawasan Pemerintahan Desa', 'Koordinasi Pelaksanaan Pembangunan Kawasan Perdesaan di Wilayah Kecamatan', 'Persentase Gampong dengan katagori Kurang Berkembang, Berkembang, dan Cepat Berkembang sesuai Permendagri 81/2016', '', ''),
(105, 'Jumlah Gampong yang melaksanakan program Padat Karya Tunai Desa/Gampong', 5, 'Fasilitasi, Rekomendasi dan Koordinasi\nPembinaan dan Pengawasan Pemerintahan Desa', 'Koordinasi Pelaksanaan Pembangunan Kawasan Perdesaan di Wilayah Kecamatan', 'Persentase Gampong yang melaksanakan program Padat Karya Tunai Desa/Gampong', '%', ''),
(106, 'Jumlah Gampong  yang terdapat di wilayah Kecamatan', 5, 'Fasilitasi, Rekomendasi dan Koordinasi\nPembinaan dan Pengawasan Pemerintahan Desa', 'Koordinasi Pelaksanaan Pembangunan Kawasan Perdesaan di Wilayah Kecamatan', 'Persentase Gampong yang melaksanakan program Padat Karya Tunai Desa/Gampong', '', ''),
(107, 'Bangunan Tampak Luar Menawan', 6, 'Tata Kelola Kecamatan dan kelembagaan kecamatan', 'Pelaksanaan Program Bersih, Rapi, Estetis dan Hijau di kecamatan', 'Bangunan Tampak Luar', 'Jumlah ..', ''),
(108, 'taman indah terawat (Indah / Tidak)', 6, 'Tata Kelola Kecamatan dan kelembagaan kecamatan', 'Pelaksanaan Program Bersih, Rapi, Estetis dan Hijau di kecamatan', 'Bangunan Tampak Luar', 'Indah / Tidak', ''),
(109, 'parkir teratur, kendaraan menghadap menuju keluar', 6, 'Tata Kelola Kecamatan dan kelembagaan kecamatan', 'Pelaksanaan Program Bersih, Rapi, Estetis dan Hijau di kecamatan', 'Bangunan Tampak Luar', 'Teratur / Tidak', ''),
(110, 'pos keamanan rapi, meja dan kursi', 6, 'Tata Kelola Kecamatan dan kelembagaan kecamatan', 'Pelaksanaan Program Bersih, Rapi, Estetis dan Hijau di kecamatan', 'Bangunan Tampak Luar', 'Berfungsi / Tidak', ''),
(111, 'resepsionis ramah dan berseragam.', 6, 'Tata Kelola Kecamatan dan kelembagaan kecamatan', 'Pelaksanaan Program Bersih, Rapi, Estetis dan Hijau di kecamatan', 'Bangunan Tampak Luar', 'Ada / Tidak', ''),
(112, 'Kamar Mandi Siaga', 6, 'Tata Kelola Kecamatan dan kelembagaan kecamatan', 'Pelaksanaan Program Bersih, Rapi, Estetis dan Hijau di kecamatan', 'Kamar Mandi ', 'Jumlah ..', ''),
(113, 'air terjamin', 6, 'Tata Kelola Kecamatan dan kelembagaan kecamatan', 'Pelaksanaan Program Bersih, Rapi, Estetis dan Hijau di kecamatan', 'Kamar Mandi ', 'Ya / Tidak', ''),
(114, 'pintu', 6, 'Tata Kelola Kecamatan dan kelembagaan kecamatan', 'Pelaksanaan Program Bersih, Rapi, Estetis dan Hijau di kecamatan', 'Kamar Mandi ', 'Berfungsi / Tidak', ''),
(115, 'harum dan tidak bau', 6, 'Tata Kelola Kecamatan dan kelembagaan kecamatan', 'Pelaksanaan Program Bersih, Rapi, Estetis dan Hijau di kecamatan', 'Kamar Mandi ', 'Wangi / Tidak', ''),
(116, 'Ruang Kerja', 6, 'Tata Kelola Kecamatan dan kelembagaan kecamatan', 'Pelaksanaan Program Bersih, Rapi, Estetis dan Hijau di kecamatan', 'Ruang', 'Jumlah ..', ''),
(117, 'ruangan bersih dari segala sisi', 6, 'Tata Kelola Kecamatan dan kelembagaan kecamatan', 'Pelaksanaan Program Bersih, Rapi, Estetis dan Hijau di kecamatan', 'Ruang', 'Bersih/Tidak', ''),
(118, 'kabel tertata rapi, diikat, tidak terlihat', 6, 'Tata Kelola Kecamatan dan kelembagaan kecamatan', 'Pelaksanaan Program Bersih, Rapi, Estetis dan Hijau di kecamatan', 'Ruang', 'Rapi/Tidak', ''),
(119, 'meja dan kursi', 6, 'Tata Kelola Kecamatan dan kelembagaan kecamatan', 'Pelaksanaan Program Bersih, Rapi, Estetis dan Hijau di kecamatan', 'Ruang', 'Berfungsi/Tidak', ''),
(120, 'dokumen dan arsip tertata, ada label dan mudah dicari', 6, 'Tata Kelola Kecamatan dan kelembagaan kecamatan', 'Pelaksanaan Program Bersih, Rapi, Estetis dan Hijau di kecamatan', 'Ruang', 'Label/Tidak', ''),
(121, 'tidak mengundang binatang hama dengan tidak meninggalkan makanan/minuman', 6, 'Tata Kelola Kecamatan dan kelembagaan kecamatan', 'Pelaksanaan Program Bersih, Rapi, Estetis dan Hijau di kecamatan', 'Ruang', 'Bersih/Tidak', ''),
(122, 'Kantin Tampil Bersih', 6, 'Tata Kelola Kecamatan dan kelembagaan kecamatan', 'Pelaksanaan Program Bersih, Rapi, Estetis dan Hijau di kecamatan', 'Kantin', 'Jumlah ..', ''),
(123, 'pengelola professional', 6, 'Tata Kelola Kecamatan dan kelembagaan kecamatan', 'Pelaksanaan Program Bersih, Rapi, Estetis dan Hijau di kecamatan', 'Kantin', 'Ada / Tidak', ''),
(124, 'sisa makanan', 6, 'Tata Kelola Kecamatan dan kelembagaan kecamatan', 'Pelaksanaan Program Bersih, Rapi, Estetis dan Hijau di kecamatan', 'Kantin', 'Ada / Tidak', ''),
(125, 'tidak berbau dan lantai selalu bersih', 6, 'Tata Kelola Kecamatan dan kelembagaan kecamatan', 'Pelaksanaan Program Bersih, Rapi, Estetis dan Hijau di kecamatan', 'Kantin', 'Bersih / Tidak', ''),
(126, 'Gudang Teratur', 6, 'Tata Kelola Kecamatan dan kelembagaan kecamatan', 'Pelaksanaan Program Bersih, Rapi, Estetis dan Hijau di kecamatan', 'Gudang', 'Jumlah ..', ''),
(127, 'sebagai tempat simpan sementara dan bukan untuk selamanya', 6, 'Tata Kelola Kecamatan dan kelembagaan kecamatan', 'Pelaksanaan Program Bersih, Rapi, Estetis dan Hijau di kecamatan', 'Gudang', 'Teratur/Tidak', ''),
(128, 'jelas kepemilikan barang dan kapan akan dipakai', 6, 'Tata Kelola Kecamatan dan kelembagaan kecamatan', 'Pelaksanaan Program Bersih, Rapi, Estetis dan Hijau di kecamatan', 'Gudang', 'Label/Tidak', ''),
(129, 'bebas tumpukan inventaris dan dokumen, segera ambil tindakan untuk aset rusak (tidak menyimpan sampah aset dengan cara perbaiki atau dihapus), dokumen arsip diarsipkan di gudang arsip dengan ', 6, 'Tata Kelola Kecamatan dan kelembagaan kecamatan', 'Pelaksanaan Program Bersih, Rapi, Estetis dan Hijau di kecamatan', 'Gudang', 'Bersih/Tidak', ''),
(130, 'Mushalla Siaga 24 jam (dua puluh empat) jam', 6, 'Tata Kelola Kecamatan dan kelembagaan kecamatan', 'Pelaksanaan Program Bersih, Rapi, Estetis dan Hijau di kecamatan', 'Mushalla ', 'Jumlah ..', ''),
(131, 'tempat Wudhu nyaman', 6, 'Tata Kelola Kecamatan dan kelembagaan kecamatan', 'Pelaksanaan Program Bersih, Rapi, Estetis dan Hijau di kecamatan', 'Mushalla ', 'Bersih/Tidak', ''),
(132, 'sajadah selalu dalam keadaan bersih dan tidak bau', 6, 'Tata Kelola Kecamatan dan kelembagaan kecamatan', 'Pelaksanaan Program Bersih, Rapi, Estetis dan Hijau di kecamatan', 'Mushalla ', 'Bersih/Tidak', ''),
(133, 'Aula dan Ruang Rapat Siap Saji, meliputi', 6, 'Tata Kelola Kecamatan dan kelembagaan kecamatan', 'Pelaksanaan Program Bersih, Rapi, Estetis dan Hijau di kecamatan', 'Aula dan Ruang Rapat ', 'Jumlah ..', ''),
(134, 'kursi / meja', 6, 'Tata Kelola Kecamatan dan kelembagaan kecamatan', 'Pelaksanaan Program Bersih, Rapi, Estetis dan Hijau di kecamatan', 'Aula dan Ruang Rapat ', 'Teratur/Tidak', ''),
(135, 'sound & system ', 6, 'Tata Kelola Kecamatan dan kelembagaan kecamatan', 'Pelaksanaan Program Bersih, Rapi, Estetis dan Hijau di kecamatan', 'Aula dan Ruang Rapat ', 'Ada/Tidak', ''),
(136, 'layar / proyektor ', 6, 'Tata Kelola Kecamatan dan kelembagaan kecamatan', 'Pelaksanaan Program Bersih, Rapi, Estetis dan Hijau di kecamatan', 'Aula dan Ruang Rapat ', 'Ada/Tidak', ''),
(137, 'Tersedia sarana untuk penyandang disabilitas dan ibu menyusui', 6, 'Tata Kelola Kecamatan dan kelembagaan kecamatan', 'Pelaksanaan Program Bersih, Rapi, Estetis dan Hijau di kecamatan', 'sarana untuk penyandang disabilitas dan ibu menyusui', 'Jumlah ..', ''),
(138, 'akses jalan dengan pengganti tangga untuk naik ke tempat yang lebih tinggi', 6, 'Tata Kelola Kecamatan dan kelembagaan kecamatan', 'Pelaksanaan Program Bersih, Rapi, Estetis dan Hijau di kecamatan', 'sarana untuk penyandang disabilitas dan ibu menyusui', 'Ada / Tidak', ''),
(139, 'portal S yang berguna melindungi pengguna kursi roda', 6, 'Tata Kelola Kecamatan dan kelembagaan kecamatan', 'Pelaksanaan Program Bersih, Rapi, Estetis dan Hijau di kecamatan', 'sarana untuk penyandang disabilitas dan ibu menyusui', 'Ada / Tidak', ''),
(140, 'ruang laktasi', 6, 'Tata Kelola Kecamatan dan kelembagaan kecamatan', 'Pelaksanaan Program Bersih, Rapi, Estetis dan Hijau di kecamatan', 'sarana untuk penyandang disabilitas dan ibu menyusui', 'Ada / Tidak', ''),
(141, 'tisu bersih', 6, 'Tata Kelola Kecamatan dan kelembagaan kecamatan', 'Pelaksanaan Program Bersih, Rapi, Estetis dan Hijau di kecamatan', 'sarana untuk penyandang disabilitas dan ibu menyusui', 'Ada / Tidak', ''),
(142, 'microwave untuk sterilisasi', 6, 'Tata Kelola Kecamatan dan kelembagaan kecamatan', 'Pelaksanaan Program Bersih, Rapi, Estetis dan Hijau di kecamatan', 'sarana untuk penyandang disabilitas dan ibu menyusui', 'Ada / Tidak', ''),
(143, 'kursi yang nyaman', 6, 'Tata Kelola Kecamatan dan kelembagaan kecamatan', 'Pelaksanaan Program Bersih, Rapi, Estetis dan Hijau di kecamatan', 'sarana untuk penyandang disabilitas dan ibu menyusui', 'Ada / Tidak', ''),
(144, 'meja', 6, 'Tata Kelola Kecamatan dan kelembagaan kecamatan', 'Pelaksanaan Program Bersih, Rapi, Estetis dan Hijau di kecamatan', 'sarana untuk penyandang disabilitas dan ibu menyusui', 'Ada / Tidak', ''),
(145, 'wastafel', 6, 'Tata Kelola Kecamatan dan kelembagaan kecamatan', 'Pelaksanaan Program Bersih, Rapi, Estetis dan Hijau di kecamatan', 'sarana untuk penyandang disabilitas dan ibu menyusui', 'Ada / Tidak', ''),
(146, 'Layanan di Kecamatan', 6, 'Tata Kelola Kecamatan dan kelembagaan kecamatan', 'Pelayanan Kecamatan', 'Jenis Pelayanan di Kecamatan', 'Jumlah ..', ''),
(147, 'penerima berkas', 6, 'Tata Kelola Kecamatan dan kelembagaan kecamatan', 'Pelayanan Kecamatan', 'Jenis Pelayanan di Kecamatan', 'ada/tidak', ''),
(148, 'operator Komputer', 6, 'Tata Kelola Kecamatan dan kelembagaan kecamatan', 'Pelayanan Kecamatan', 'Jenis Pelayanan di Kecamatan', 'ada/tidak', ''),
(149, 'pemegang kas', 6, 'Tata Kelola Kecamatan dan kelembagaan kecamatan', 'Pelayanan Kecamatan', 'Jenis Pelayanan di Kecamatan', 'ada/tidak', ''),
(150, 'Petugas khusus unit pengaduan', 6, 'Tata Kelola Kecamatan dan kelembagaan kecamatan', 'Pelayanan Kecamatan', 'Jenis Pelayanan di Kecamatan', 'ada/tidak', ''),
(151, 'Petugas keamanan', 6, 'Tata Kelola Kecamatan dan kelembagaan kecamatan', 'Pelayanan Kecamatan', 'Jenis Pelayanan di Kecamatan', 'ada/tidak', ''),
(152, 'Petugas lain sesuai kebutuhan', 6, 'Tata Kelola Kecamatan dan kelembagaan kecamatan', 'Pelayanan Kecamatan', 'Jenis Pelayanan di Kecamatan', 'ada/tidak', ''),
(153, 'Petugas penanganan pengaduan', 6, 'Tata Kelola Kecamatan dan kelembagaan kecamatan', 'Pelayanan Kecamatan', 'Jenis Pelayanan di Kecamatan', 'ada/tidak', ''),
(154, 'Ketepatan waktu penyampaian Laporan Penyelenggaraan Pemerintahan Daerah (LPPD) Kecamatan', 6, 'Tata Kelola Kecamatan dan kelembagaan kecamatan', 'Penyampaian LPPD Kecamatan', 'Waktu penyampaian Laporan Penyelenggaraan Pemerintahan Daerah (LPPD) Kecamatan', 'tepat/tidak', ''),
(155, 'Nilai SAKIP Kecamatan', 6, 'Tata Kelola Kecamatan dan kelembagaan kecamatan', 'Penilaian SAKIP Kecamatan', 'Nilai SAKIP Kecamatan', 'A, B-BB, C-CC, D', ''),
(156, 'Dokumen perencanaan dan anggaran Kecamatan:', 6, 'Tata Kelola Kecamatan dan kelembagaan kecamatan', 'Pengelolaan Anggaran Kecamatan', 'Perencanaan dan anggaran Kecamatan:', 'Dokumen', ''),
(157, 'Lap. Keuangan (LRA, CALK &  neraca)', 6, 'Tata Kelola Kecamatan dan kelembagaan kecamatan', 'Pengelolaan Anggaran Kecamatan', 'Perencanaan dan anggaran Kecamatan:', 'ada/tidak', ''),
(158, 'Rencana Kerja', 6, 'Tata Kelola Kecamatan dan kelembagaan kecamatan', 'Pengelolaan Anggaran Kecamatan', 'Perencanaan dan anggaran Kecamatan:', 'ada/tidak', ''),
(159, 'Rencana Strategis', 6, 'Tata Kelola Kecamatan dan kelembagaan kecamatan', 'Pengelolaan Anggaran Kecamatan', 'Perencanaan dan anggaran Kecamatan:', 'ada/tidak', ''),
(160, 'Dokumen Pelaksanaan Anggaran (DPA) 2020', 6, 'Tata Kelola Kecamatan dan kelembagaan kecamatan', 'Pengelolaan Anggaran Kecamatan', 'Perencanaan dan anggaran Kecamatan:', 'ada/tidak', ''),
(161, 'Jumlah program  yang terdapat dalam renja ', 6, 'Tata Kelola Kecamatan dan kelembagaan kecamatan', 'Pengelolaan Anggaran Kecamatan', 'Kesesuaian nama dan jumlah program yang terdapat dalam Renja', '%', ''),
(162, 'Jumlah program yang terdapat dalam DPA', 6, 'Tata Kelola Kecamatan dan kelembagaan kecamatan', 'Pengelolaan Anggaran Kecamatan', 'Kesesuaian nama dan jumlah program yang terdapat dalam Renja', '', ''),
(163, 'Persentase anggaran per program terhadap keseluruhan anggaran Kecamatan:', 6, 'Tata Kelola Kecamatan dan kelembagaan kecamatan', 'Pengelolaan Anggaran Kecamatan', 'Anggaran per program terhadap keseluruhan anggaran Kecamatan:', '%', ''),
(164, 'Keg.Trantibum ', 6, 'Tata Kelola Kecamatan dan kelembagaan kecamatan', 'Pengelolaan Anggaran Kecamatan', 'Anggaran per program terhadap keseluruhan anggaran Kecamatan:', 'Rp', ''),
(165, 'Keg.Pemberdayaan Masyarakat ', 6, 'Tata Kelola Kecamatan dan kelembagaan kecamatan', 'Pengelolaan Anggaran Kecamatan', 'Anggaran per program terhadap keseluruhan anggaran Kecamatan:', 'Rp', ''),
(166, 'Keg.Pelayanan Publik ', 6, 'Tata Kelola Kecamatan dan kelembagaan kecamatan', 'Pengelolaan Anggaran Kecamatan', 'Anggaran per program terhadap keseluruhan anggaran Kecamatan:', 'Rp', ''),
(167, 'Keg.Penegakan Aturan Perda ', 6, 'Tata Kelola Kecamatan dan kelembagaan kecamatan', 'Pengelolaan Anggaran Kecamatan', 'Anggaran per program terhadap keseluruhan anggaran Kecamatan:', 'Rp', ''),
(168, 'Keg.Pemeliharaan dan Sarana Umum', 6, 'Tata Kelola Kecamatan dan kelembagaan kecamatan', 'Pengelolaan Anggaran Kecamatan', 'Anggaran per program terhadap keseluruhan anggaran Kecamatan:', 'Rp', ''),
(169, 'Keg.Penyelenggaraan Pemerintahan', 6, 'Tata Kelola Kecamatan dan kelembagaan kecamatan', 'Pengelolaan Anggaran Kecamatan', 'Anggaran per program terhadap keseluruhan anggaran Kecamatan:', 'Rp', ''),
(170, 'Total Anggaran Kecamatan', 6, 'Tata Kelola Kecamatan dan kelembagaan kecamatan', 'Pengelolaan Anggaran Kecamatan', 'Anggaran per program terhadap keseluruhan anggaran Kecamatan:', 'Rp', ''),
(171, 'Persentase Realisasi anggaran Kecamatan ', 6, 'Tata Kelola Kecamatan dan kelembagaan kecamatan', 'Pengelolaan Anggaran Kecamatan', 'Realisasi anggaran Kecamatan ', '%', ''),
(172, 'Realisasi Anggaran', 6, 'Tata Kelola Kecamatan dan kelembagaan kecamatan', 'Pengelolaan Anggaran Kecamatan', 'Realisasi anggaran Kecamatan ', 'Rp', ''),
(173, 'Alokasi Anggaran', 6, 'Tata Kelola Kecamatan dan kelembagaan kecamatan', 'Pengelolaan Anggaran Kecamatan', 'Realisasi anggaran Kecamatan ', 'Rp', ''),
(174, 'Jumlah Dayah yang terdapat di wilayah Administrasi Kecamatan', 6, 'Tata Kelola Kecamatan dan kelembagaan kecamatan', 'Pelaksanaan Syariat Islam', 'Dayah yang terdapat di wilayah Administrasi Kecamatan', 'Jumlah', ''),
(175, 'Dayah Salafiyah', 6, 'Tata Kelola Kecamatan dan kelembagaan kecamatan', 'Pelaksanaan Syariat Islam', 'Dayah yang terdapat di wilayah Administrasi Kecamatan', '. Dayah', '');
INSERT INTO `subindikator` (`subin_id`, `subin_item`, `aspek_id`, `fokus`, `kegiatan`, `indikator`, `satuan`, `keterangan`) VALUES
(176, 'Dayah Terpadu', 6, 'Tata Kelola Kecamatan dan kelembagaan kecamatan', 'Pelaksanaan Syariat Islam', 'Dayah yang terdapat di wilayah Administrasi Kecamatan', '.dayah', ''),
(177, 'Dayah Tahfizh Alquran', 6, 'Tata Kelola Kecamatan dan kelembagaan kecamatan', 'Pelaksanaan Syariat Islam', 'Dayah yang terdapat di wilayah Administrasi Kecamatan', '.Dayah', ''),
(178, 'Jumlah anak usia sekolah yang melaksanakan pendidikan di dayah', 6, 'Tata Kelola Kecamatan dan kelembagaan kecamatan', 'Pelaksanaan Syariat Islam', 'Anak usia sekolah yang melaksanakan pendidikan di dayah', 'Jumlah', ''),
(179, 'Ula (Tingkat Pertama) setara SD/MI/Paket A', 6, 'Tata Kelola Kecamatan dan kelembagaan kecamatan', 'Pelaksanaan Syariat Islam', 'Anak usia sekolah yang melaksanakan pendidikan di dayah', '............. Org', ''),
(180, 'Wustha (Tingkat Tengah) setara SMP/MTs/Paket B', 6, 'Tata Kelola Kecamatan dan kelembagaan kecamatan', 'Pelaksanaan Syariat Islam', 'Anak usia sekolah yang melaksanakan pendidikan di dayah', '............. Org', ''),
(181, 'Aliyah (Tingkat Atas) setara SMA/MA/\nPaket C', 6, 'Tata Kelola Kecamatan dan kelembagaan kecamatan', 'Pelaksanaan Syariat Islam', 'Anak usia sekolah yang melaksanakan pendidikan di dayah', '............. Org', ''),
(182, 'Mahad Aly (Dayah Manyang) setara Perguruan Tinggi', 6, 'Tata Kelola Kecamatan dan kelembagaan kecamatan', 'Pelaksanaan Syariat Islam', 'Anak usia sekolah yang melaksanakan pendidikan di dayah', '............. Org', ''),
(183, 'Jumlah dayah yang sudah terakreditasi pada wilayah administrasi kecamatan', 6, 'Tata Kelola Kecamatan dan kelembagaan kecamatan', 'Pelaksanaan Syariat Islam', 'Dayah yang sudah terakreditasi pada wilayah administrasi kecamatan', '%', ''),
(184, 'Jumlah seluruh dayah di wilayah administrasi kecamatan', 6, 'Tata Kelola Kecamatan dan kelembagaan kecamatan', 'Pelaksanaan Syariat Islam', 'Dayah yang sudah terakreditasi pada wilayah administrasi kecamatan', '', ''),
(185, 'Jumlah dayah di wilayah kecamatan yang menerapkan program tahfizh Alquran', 6, 'Tata Kelola Kecamatan dan kelembagaan kecamatan', 'Pelaksanaan Syariat Islam', 'Dayah di wilayah kecamatan yang menerapkan program tahfizh Alquran', '%', ''),
(186, 'Jumlah seluruh dayah di wilayah administrasi kecamatan', 6, 'Tata Kelola Kecamatan dan kelembagaan kecamatan', 'Pelaksanaan Syariat Islam', 'Dayah di wilayah kecamatan yang menerapkan program tahfizh Alquran', '', ''),
(187, 'Tersedianya data jumlah lembaga PAUD, jumlah peserta didik PAUD dan jumlah pendidik di tingkat Gampong', 6, 'Tata Kelola Kecamatan dan kelembagaan kecamatan', 'Keberadaan Data Dukung Lainnya', 'Data jumlah lembaga PAUD, jumlah peserta didik PAUD dan jumlah pendidik di tingkat Gampong', 'ada/tidak', ''),
(188, 'Tersedia nya data jumlah lembaga TK/RA, jumlah peserta didik dan pendidik di tingkat Gampong', 6, 'Tata Kelola Kecamatan dan kelembagaan kecamatan', 'Keberadaan Data Dukung Lainnya', 'Data jumlah lembaga TK/RA, jumlah peserta didik dan pendidik di tingkat  Gampong', 'ada/tidak', ''),
(189, 'Tersedianya data jumlah lembaga SD/MI, jumlah peserta didik dan pendidik di tingkat  Gampong', 6, 'Tata Kelola Kecamatan dan kelembagaan kecamatan', 'Keberadaan Data Dukung Lainnya', 'Data jumlah lembaga SD/MI, jumlah peserta didik dan pendidik di tingkat  Gampong', 'ada/tidak', ''),
(190, 'Tersedianya data jumlah lembaga SMP/ MTs, jumlah peserta didik dan pendidik di tingkat  Gampong', 6, 'Tata Kelola Kecamatan dan kelembagaan kecamatan', 'Keberadaan Data Dukung Lainnya', 'Data jumlah lembaga SMP/ MTs, jumlah peserta didik dan pendidik di tingkat  Gampong', 'ada/tidak', ''),
(191, 'Tersedianya data jumlah lembaga SMA/MA/SMK, jumlah peserta didik dan pendidik di tingkat Kecamatan', 6, 'Tata Kelola Kecamatan dan kelembagaan kecamatan', 'Keberadaan Data Dukung Lainnya', 'Data jumlah lembaga SMA/MA/SMK, jumlah peserta didik dan pendidik di tingkat Kecamatan', 'ada/tidak', ''),
(192, 'Tersedianya data jumlah penduduk buta aksara latin dalam kelompok umur 15 tahun ke atas di tingkat Gampong', 6, 'Tata Kelola Kecamatan dan kelembagaan kecamatan', 'Keberadaan Data Dukung Lainnya', 'Data jumlah penduduk buta aksara latin dalam kelompok umur 15 tahun ke atas di tingkat Gampong', 'ada/tidak', ''),
(193, 'Tersedianya data pendukung pendidikan lainnya seperti data peserta didik di pendidikan khusus/pendidikan layanan khusus di wilayah kecamatan', 6, 'Tata Kelola Kecamatan dan kelembagaan kecamatan', 'Keberadaan Data Dukung Lainnya', 'Data pendukung pendidikan lainnya seperti data peserta didik di pendidikan khusus/pendidikan layanan khusus di wilayah kecamatan', 'ada/tidak', ''),
(194, 'Tersedianya data jenis budaya asli daerah/setempat yang dilestarikan keberadaannya di tingkat Gampong', 6, 'Tata Kelola Kecamatan dan kelembagaan kecamatan', 'Keberadaan Data Dukung Lainnya', 'Data jenis budaya asli daerah/setempat yang dilestarikan keberadaannya di tingkat Gampong', 'ada/tidak', ''),
(195, 'Tersedianya data jumlah posyandu', 6, 'Tata Kelola Kecamatan dan kelembagaan kecamatan', 'Keberadaan Data Dukung Lainnya', 'Data jumlah posyandu', 'ada/tidak', ''),
(196, 'Tersedianya data Jumlah puskesmas pembantu', 6, 'Tata Kelola Kecamatan dan kelembagaan kecamatan', 'Keberadaan Data Dukung Lainnya', 'Data Jumlah puskesmas pembantu', 'ada/tidak', ''),
(197, 'Tersedianya data kunjungan ibu hamil', 6, 'Tata Kelola Kecamatan dan kelembagaan kecamatan', 'Keberadaan Data Dukung Lainnya', 'Data kunjungan ibu hamil', 'ada/tidak', ''),
(198, 'Tersedianya bidan/nakes yang memiliki kompetensi', 6, 'Tata Kelola Kecamatan dan kelembagaan kecamatan', 'Keberadaan Data Dukung Lainnya', 'bidan/nakes yang memiliki kompetensi', 'ada/tidak', ''),
(199, 'Tersedianya data cakupan rawat jalan di puskesmas/pustu', 6, 'Tata Kelola Kecamatan dan kelembagaan kecamatan', 'Keberadaan Data Dukung Lainnya', 'Data cakupan rawat jalan di puskesmas/pustu', 'ada/tidak', ''),
(200, 'Tersedianya Jumlah Data Balita Stunting', 6, 'Tata Kelola Kecamatan dan kelembagaan kecamatan', 'Keberadaan Data Dukung Lainnya', ' Jumlah Data Balita Stunting', 'ada/tidak', ''),
(201, 'Tersedianya data Angka Harapan Hidup (AHH)', 6, 'Tata Kelola Kecamatan dan kelembagaan kecamatan', 'Keberadaan Data Dukung Lainnya', 'Data Angka Harapan Hidup (AHH)', 'ada/tidak', ''),
(202, 'Tersedianya data keluarga pengguna air bersih', 6, 'Tata Kelola Kecamatan dan kelembagaan kecamatan', 'Keberadaan Data Dukung Lainnya', 'Data keluarga pengguna air bersih', 'ada/tidak', ''),
(203, 'Tersedianya data rawan penyakit', 6, 'Tata Kelola Kecamatan dan kelembagaan kecamatan', 'Keberadaan Data Dukung Lainnya', 'Data rawan penyakit', 'ada/tidak', ''),
(204, 'Tersedianya papan informasi tentang perilaku hidup bersih dan sehat', 6, 'Tata Kelola Kecamatan dan kelembagaan kecamatan', 'Keberadaan Data Dukung Lainnya', 'Papan informasi tentang perilaku hidup bersih dan sehat', 'ada/tidak', ''),
(205, 'Tersedianya Data Sanitasi yang Layak', 6, 'Tata Kelola Kecamatan dan kelembagaan kecamatan', 'Keberadaan Data Dukung Lainnya', 'Tersedianya Data Sanitasi yang Layak', 'ada/tidak', ''),
(206, 'Tersedianya data UMKM yang mendapat Ijin Usaha Mikro Kecil (IUMK)', 6, 'Tata Kelola Kecamatan dan kelembagaan kecamatan', 'Keberadaan Data Dukung Lainnya', 'Data UMKM yang mendapat Ijin Usaha Mikro Kecil (IUMK)', 'ada/tidak', ''),
(207, 'Tersedianya data jumlah pelaku UMKM yang menerima penyaluran kredit dari bank (Bank UMKM) dan non bank', 6, 'Tata Kelola Kecamatan dan kelembagaan kecamatan', 'Keberadaan Data Dukung Lainnya', 'Data jumlah pelaku UMKM yang menerima penyaluran kredit dari bank (Bank UMKM) dan non bank', 'ada/tidak', ''),
(208, 'Tersedianya data jumlah pasar modern dan tradisional di kecamatan', 6, 'Tata Kelola Kecamatan dan kelembagaan kecamatan', 'Keberadaan Data Dukung Lainnya', 'Data jumlah pasar modern dan tradisional di kecamatan', 'ada/tidak', ''),
(209, 'Tersedianya data jumlah bank pemerintahan/non pemerintah', 6, 'Tata Kelola Kecamatan dan kelembagaan kecamatan', 'Keberadaan Data Dukung Lainnya', 'Data jumlah bank pemerintahan/non pemerintah', 'ada/tidak', ''),
(210, 'Tersedianya data jumlah koperasi sampai dengan Tahun 2020', 6, 'Tata Kelola Kecamatan dan kelembagaan kecamatan', 'Keberadaan Data Dukung Lainnya', 'data jumlah koperasi sampai dengan Tahun 2020', 'ada/tidak', ''),
(211, 'Tersedianya SK / SP Tim Gamp[ong Siaga Tingkat Kecamatan', 6, 'Tata Kelola Kecamatan dan kelembagaan kecamatan', 'Keberadaan Data Dukung Lainnya', 'SK / SP Tim Gampong Siaga Tingkat Kecamatan', 'ada/tidak', ''),
(212, 'Tersedianya data masyarakat miskin', 6, 'Tata Kelola Kecamatan dan kelembagaan kecamatan', 'Keberadaan Data Dukung Lainnya', 'Data masyarakat miskin', 'ada/tidak', ''),
(213, 'Tersedianya data keluarga rawan pangan', 6, 'Tata Kelola Kecamatan dan kelembagaan kecamatan', 'Keberadaan Data Dukung Lainnya', 'Data keluarga rawan pangan', 'ada/tidak', ''),
(214, 'Tersedianya data pengangguran', 6, 'Tata Kelola Kecamatan dan kelembagaan kecamatan', 'Keberadaan Data Dukung Lainnya', 'Data pengangguran', 'ada/tidak', ''),
(215, 'Tersedianya data lansia dan penyandang cacat', 6, 'Tata Kelola Kecamatan dan kelembagaan kecamatan', 'Keberadaan Data Dukung Lainnya', 'Data lansia dan penyandang cacat', 'ada/tidak', ''),
(216, 'Jumlah produk hukum yang dikeluarkan oleh  / Gampong Kecamatan Tahun 2020', 6, 'Tata Kelola Kecamatan dan kelembagaan kecamatan', 'Keberadaan Data Dukung Lainnya', 'Produk hukum yang dikeluarkan oleh  / Gampong Kecamatan Tahun 2020', 'ada/tidak', ''),
(217, 'Tersedianya jadwal pembinaan penyusunan produk hukum bagi aparat Gampong yang diselenggarakan di kecamatan', 6, 'Tata Kelola Kecamatan dan kelembagaan kecamatan', 'Keberadaan Data Dukung Lainnya', 'Jadwal pembinaan penyusunan produk hukum bagi aparat Gampong yang diselenggarakan di kecamatan', 'ada/tidak', ''),
(218, 'Tersedianya daftar aparat petugas penyidik PNS', 6, 'Tata Kelola Kecamatan dan kelembagaan kecamatan', 'Keberadaan Data Dukung Lainnya', 'Daftar aparat petugas penyidik PNS', 'ada/tidak', ''),
(219, 'Tersedianya data pelaksanaan hari-hari besar Nasional', 6, 'Tata Kelola Kecamatan dan kelembagaan kecamatan', 'Keberadaan Data Dukung Lainnya', 'Data pelaksanaan hari-hari besar Nasional', 'ada/tidak', ''),
(220, 'Tersedianya data rumah penduduk yang mengibarkan merah putih menjelang hari-hari besar nasional', 6, 'Tata Kelola Kecamatan dan kelembagaan kecamatan', 'Keberadaan Data Dukung Lainnya', 'Data rumah penduduk yang mengibarkan merah putih menjelang hari-hari besar nasional', 'ada/tidak', ''),
(221, 'Tersedianya data persentase jumlah gampong yang telah menetapkan/ mengukuhkan kembali reusam  atau aturan adat yang berkenaan dengan kehidupan masyarakat dan pengelolaan sumber daya alam', 6, 'Tata Kelola Kecamatan dan kelembagaan kecamatan', 'Keberadaan Data Dukung Lainnya', 'Data persentase jumlah gampong yang telah menetapkan/ mengukuhkan kembali reusam  atau aturan adat yang berkenaan dengan kehidupan masyarakat dan pengelolaan sumber daya alam ', 'ada/tidak', ''),
(222, 'Tersedianya data persentase/ tingkat kemampuan gampong/ mukim dalam menyelesaikan sengketa melalui peradilan adat/ secara adat', 6, 'Tata Kelola Kecamatan dan kelembagaan kecamatan', 'Keberadaan Data Dukung Lainnya', 'Data persentase/ tingkat kemampuan gampong/ mukim dalam menyelesaikan sengketa melalui peradilan adat/ secara adat', 'ada/tidak', ''),
(223, 'Tersedianya data jumlah lembaga adat yang aktif/ diaktifkan kembali dalam bidang pengelolaan sumber daya alam.', 6, 'Tata Kelola Kecamatan dan kelembagaan kecamatan', 'Keberadaan Data Dukung Lainnya', 'Data jumlah lembaga adat yang aktif/ diaktifkan kembali dalam bidang pengelolaan sumber daya alam.', 'ada/tidak', ''),
(224, 'Tersedia data capaian SPM kesehatan', 6, 'Tata Kelola Kecamatan dan kelembagaan kecamatan', 'Keberadaan Data Dukung Lainnya', 'Data capaian SPM kesehatan', 'ada/tidak', ''),
(225, 'Tersedianya dokumentasi pelaksanaan lokakarya mini lintas sektor untuk perencanaan Program Kesehatan', 6, 'Tata Kelola Kecamatan dan kelembagaan kecamatan', 'Keberadaan Data Dukung Lainnya', 'Lokakarya mini lintas sektor untuk perencanaan Program Kesehatan', 'ada/tidak', ''),
(226, 'Tersedianya data jumlah lembaga sosial', 6, 'Tata Kelola Kecamatan dan kelembagaan kecamatan', 'Keberadaan Data Dukung Lainnya', 'Jumlah lembaga sosial', 'ada/tidak', ''),
(227, 'Jumlah Sistem Informasi yang ada di Kecamatan', 7, 'Inovasi Kecamatan dan Upaya yang Dilakukan Kecamatan', 'Sistem Informasi yang ada di Kecamatan', 'Jumlah Sistem Informasi yang ada di Kecamatan', '.. Sistem Informasi', ''),
(228, 'Jumlah inovasi yang dibuat oleh Camat (sebutkan)', 7, 'Inovasi Kecamatan dan Upaya yang Dilakukan Kecamatan', 'Sistem Informasi yang ada di Kecamatan', 'Inovasi yang dibuat oleh Camat (sebutkan)', '. Inovasi', ''),
(229, 'Jumlah Prestasi yang diraih (minimal tingkat kabupaten/kota)', 7, 'Inovasi Kecamatan dan Upaya yang Dilakukan Kecamatan', 'Sistem Informasi yang ada di Kecamatan', 'Prestasi yang diraih', '. Prestasi', '');

-- --------------------------------------------------------

--
-- Struktur dari tabel `tahapan`
--

CREATE TABLE `tahapan` (
  `konsultasi_id` bigint(20) UNSIGNED NOT NULL,
  `no` int(10) UNSIGNED NOT NULL,
  `nama` varchar(191) COLLATE utf8mb4_unicode_ci NOT NULL,
  `keterangan` varchar(191) COLLATE utf8mb4_unicode_ci DEFAULT NULL,
  `selesai` tinyint(1) NOT NULL DEFAULT 0
) ENGINE=InnoDB DEFAULT CHARSET=utf8mb4 COLLATE=utf8mb4_unicode_ci;

-- --------------------------------------------------------

--
-- Struktur dari tabel `tema_soal`
--

CREATE TABLE `tema_soal` (
  `id` bigint(20) UNSIGNED NOT NULL,
  `tema` varchar(191) COLLATE utf8mb4_unicode_ci NOT NULL,
  `bobot` int(11) NOT NULL
) ENGINE=InnoDB DEFAULT CHARSET=utf8mb4 COLLATE=utf8mb4_unicode_ci;

--
-- Dumping data untuk tabel `tema_soal`
--

INSERT INTO `tema_soal` (`id`, `tema`, `bobot`) VALUES
(1, 'Penyelenggaraan Pemerintahan dan Pelayanan Publik Penyelenggaraan Pemerintahan dan Pelayanan Publik\r\n\r\n', 20),
(2, 'Pemberdayaan Masyarakat Gampong\r\n', 10),
(3, 'Koordinasi Ketenteraman dan Ketertiban Umum \r\n', 5),
(4, 'Penyelenggaraan Urusan Pemerintahan Umum ', 15),
(5, 'Pembinaan dan Pengawasan Pemerintahan Gampong \r\n', 20),
(6, 'Tata Kelola dan Kelembagaan Kecamatan\r\n', 20),
(7, 'Inovasi Kecamatan\r\n', 10);

-- --------------------------------------------------------

--
-- Struktur dari tabel `terekap`
--

CREATE TABLE `terekap` (
  `konsultasi_id` bigint(20) UNSIGNED NOT NULL,
  `dokter_id` bigint(20) UNSIGNED DEFAULT NULL,
  `instruksi_komplikasi` varchar(1000) COLLATE utf8mb4_unicode_ci DEFAULT NULL,
  `waktu_rm_lagi` timestamp NOT NULL DEFAULT current_timestamp()
) ENGINE=InnoDB DEFAULT CHARSET=utf8mb4 COLLATE=utf8mb4_unicode_ci;

--
-- Dumping data untuk tabel `terekap`
--

INSERT INTO `terekap` (`konsultasi_id`, `dokter_id`, `instruksi_komplikasi`, `waktu_rm_lagi`) VALUES
(34, NULL, 'aaaaaaaa', '2022-07-11 15:37:45'),
(46, NULL, 'aaaaaaaaaaaaaaaaaaa', '2022-07-11 15:37:45'),
(47, NULL, 'aaaaaaaaaaaa', '2022-07-11 15:37:45'),
(57, NULL, 'aaaaaaaaaaaaaaaa', '2022-07-19 10:36:00'),
(58, NULL, 'rrrrrrrrrrrrrrrrrrrrrrr', '2022-07-16 06:29:00'),
(60, NULL, 'harus bahagia', '2022-12-28 10:15:00'),
(61, NULL, 'harus segera operasi', '2022-07-28 01:07:00'),
(62, NULL, 'Pak Yus, tolong timbang BB tiap 2 minggu ya, target turun 0,5 kilo per 2 minggu.\r\nHindari asin-asin', '2022-07-28 20:56:00'),
(63, NULL, 'Harap melakukan pemeriksaan TD setiap minggu, bisa dilakukan di rumah.\r\nMengurangi makanan berlemak\r\nLakukan olahraga fisik 30 menit perhari', '2022-08-02 20:45:00'),
(65, NULL, 'Anda mengalami hipertensi, harap mengurangi makanan berikut:\r\n1. Makanan asin yang mengandung garam\r\n2. Makanan berlemak, seperti jeroan (isi dalam), santan, dll\r\n3. Lakukan olahraga kardio (joging, berenang, sepeda) selama 30 menit perhari, lakukan olahraga beban selama 30 menit 3 hari sekali.', '2022-08-22 05:11:00'),
(70, NULL, 'banyak istirahat dan puasa', '2022-08-23 23:37:00'),
(71, NULL, 'banyak minum air putih', '2022-08-24 09:51:00'),
(72, NULL, 'Prediabetes, LDL Kolesterol Sedikit tinggi / Borderline, Hiperkolesterolemia batas tinggi / borderline.\r\nINSTRUKSI DOKTER:\r\n- Rutin Timbang Berat Badan dan Lingkar Perut setiap 2 minggu sekali, target turun 0,5 Kilogram di bulan pertama\r\n- Hindari makanan karbohidrat murni seperti gula pasir, sirup manis, roti dan kue yang terbuat dari tepung, dan sejenisnya\r\n- Kurangi konsumsi makanan berlemak, seperti seafood, makanan cepat saji, makanan mengandung santan atau olahan santan, dan gorengan', '2022-09-08 03:10:00'),
(74, NULL, 'Hipertensi stage 1, Lingkar perut berlebih, Obese 1', '2022-09-08 02:48:00'),
(75, NULL, 'Diabetes Melitus, Glukosuria, Trigliserid Sedikit Tinggi/ Borderline\r\nINSTRUKSI DOKTER:\r\n- Rutin dan Teratur minum Obat Anti Diabetes sesuai anjuran dokter\r\n- Konsumsi Makanan dan Minuman yang mengandung kadar gula rendah\r\n- Kurangi konsumsi makanan berlemak', '2022-09-08 04:26:00'),
(141, NULL, 'Harap kontrol BB setiap 2 minggu dan masukkan upload ke aplikasi. \r\nOlahraga 30 menit perhari.', '2022-09-01 02:48:00'),
(147, NULL, 'Kepada Yth pak Aidil.\r\nHasil MCU menunjukkan kondisi DM, Hipertensi dan Kadar Lemak Darah Tinggi.\r\nMohon menjaga pola konsumsi gula terkontrol, konsumsi obat DM, dst.\r\nPak Aidil harap melakukan pengukuran kadar gula darah setiap minggu pertama bulan berjalan ke klinik SBA.', '2022-09-08 03:30:00'),
(148, NULL, 'Hipertensi stage 1, Lingkar perut berlebih, Obese 1\r\nPrediabetes, LDL Kolesterol sangat tinggi, Peningkatan LED, Hiperurisemia, Trigliserid Sedikit Tinggi/ Borderline, Hiperkolesterolemia  Risiko Tinggi', '2022-09-08 07:29:00'),
(152, NULL, 'Pre Hipertensi, Lingkar perut berlebih, Obese 2', '2022-09-07 19:18:00'),
(153, NULL, 'Pre Hipertensi, Lingkar perut berlebih, Obese 1', '2022-08-25 04:16:00'),
(154, NULL, 'Pre Hipertensi, Lingkar perut berlebih, Obese 1', '2022-09-08 03:15:00'),
(155, NULL, 'Prediabetes, LDL Kolesterol tinggi, Hipertrigliseridemia (tinggi), Hiperurisemia, Peningkatan Kreatinin, Dislipidemia, Hiperkolesterolemia  Risiko Tinggi', '2022-09-08 02:10:00');

-- --------------------------------------------------------

--
-- Struktur dari tabel `terjadwal`
--

CREATE TABLE `terjadwal` (
  `konsultasi_id` bigint(20) UNSIGNED NOT NULL,
  `dokter_id` bigint(20) UNSIGNED DEFAULT NULL,
  `ruang_id` bigint(20) UNSIGNED DEFAULT NULL,
  `instruksi_komorbid` varchar(1000) COLLATE utf8mb4_unicode_ci DEFAULT NULL,
  `waktu_rm_lagi` timestamp NOT NULL DEFAULT current_timestamp() ON UPDATE current_timestamp()
) ENGINE=InnoDB DEFAULT CHARSET=utf8mb4 COLLATE=utf8mb4_unicode_ci;

--
-- Dumping data untuk tabel `terjadwal`
--

INSERT INTO `terjadwal` (`konsultasi_id`, `dokter_id`, `ruang_id`, `instruksi_komorbid`, `waktu_rm_lagi`) VALUES
(48, NULL, NULL, 'qqqqqqqqqqqqqqqqqqqqqqqqqqqqq', '2022-07-06 05:36:26'),
(49, NULL, NULL, 'aaaaaaaaaaaaaaa', '2022-07-11 15:38:22'),
(51, NULL, NULL, 'aaaaaaaaaaaaaaa', '2022-07-11 15:38:22'),
(69, NULL, NULL, 'banyak puasa', '2022-08-23 23:36:00'),
(149, NULL, NULL, 'Obese 1, Lingkar perut berlebih', '2022-09-22 04:30:00'),
(243, NULL, NULL, 'banyak  istirahat', '2022-08-26 07:31:00');

-- --------------------------------------------------------

--
-- Struktur dari tabel `terverivikasi`
--

CREATE TABLE `terverivikasi` (
  `konsultasi_id` int(20) NOT NULL,
  `dokter_id` int(20) NOT NULL,
  `instruksi_prekomorbid` varchar(1000) NOT NULL,
  `waktu_rm_lagi` timestamp NOT NULL DEFAULT current_timestamp() ON UPDATE current_timestamp()
) ENGINE=InnoDB DEFAULT CHARSET=utf8mb4;

--
-- Dumping data untuk tabel `terverivikasi`
--

INSERT INTO `terverivikasi` (`konsultasi_id`, `dokter_id`, `instruksi_prekomorbid`, `waktu_rm_lagi`) VALUES
(37, 2, 'aaaaa', '2022-07-04 09:37:00'),
(39, 2, 'aaaaaa', '2022-07-04 09:37:00'),
(43, 2, 'aaaaaaaaaaaaa', '2022-07-04 09:37:00'),
(44, 2, 'aaaaaaaaaaaaaaaaa', '2022-07-04 09:37:00'),
(45, 2, 'aaaaaaaaaaaaaaa', '2022-07-04 09:37:00'),
(54, 15, 'aaaaaaaaaaaaaaaaaaaa', '2022-07-15 08:46:00'),
(64, 15, 'Bapak harus banyak si', '2022-08-08 04:05:00'),
(66, 16, 'Banyak Istirahat', '2022-08-23 21:44:00'),
(68, 15, 'Banyak Olahraga', '2022-08-23 23:34:00'),
(150, 15, 'Overweight', '2022-08-25 03:30:00');

-- --------------------------------------------------------

--
-- Struktur dari tabel `umum`
--

CREATE TABLE `umum` (
  `id` bigint(20) UNSIGNED NOT NULL,
  `user_id` bigint(20) UNSIGNED NOT NULL,
  `unsur_id` bigint(20) UNSIGNED NOT NULL,
  `kec_id` bigint(20) UNSIGNED DEFAULT NULL,
  `sektoral_id` int(10) NOT NULL,
  `hal_id` int(10) NOT NULL,
  `Nama` varchar(191) COLLATE utf8mb4_unicode_ci NOT NULL,
  `NIK` varchar(191) COLLATE utf8mb4_unicode_ci NOT NULL,
  `Posisi` varchar(200) COLLATE utf8mb4_unicode_ci DEFAULT NULL,
  `Alamat` varchar(191) COLLATE utf8mb4_unicode_ci DEFAULT NULL,
  `Tempat_Lahir` varchar(191) COLLATE utf8mb4_unicode_ci DEFAULT NULL,
  `Tanggal_Lahir` date DEFAULT NULL,
  `No_KTP` varchar(191) COLLATE utf8mb4_unicode_ci DEFAULT NULL,
  `Status_Nikah` int(1) DEFAULT NULL,
  `No_Asuransi` int(20) DEFAULT NULL,
  `No_BPJSKes` int(20) DEFAULT NULL,
  `No_BPJSKerja` int(20) DEFAULT NULL,
  `Goldar` char(1) COLLATE utf8mb4_unicode_ci DEFAULT NULL,
  `No_Handphone` varchar(191) COLLATE utf8mb4_unicode_ci DEFAULT NULL,
  `Email` varchar(30) COLLATE utf8mb4_unicode_ci DEFAULT NULL,
  `Status_Merokok` varchar(300) COLLATE utf8mb4_unicode_ci DEFAULT NULL,
  `Olahraga` varchar(300) COLLATE utf8mb4_unicode_ci DEFAULT NULL,
  `Obat_Konsumsi` varchar(300) COLLATE utf8mb4_unicode_ci DEFAULT NULL,
  `Riwayat_Penyakit` varchar(300) COLLATE utf8mb4_unicode_ci DEFAULT NULL,
  `Riwayat_Penyakit_Keluarga` varchar(300) COLLATE utf8mb4_unicode_ci DEFAULT NULL,
  `Alergi_Makanan` varchar(300) COLLATE utf8mb4_unicode_ci DEFAULT NULL,
  `Alergi_Obat` varchar(300) COLLATE utf8mb4_unicode_ci DEFAULT NULL,
  `Paparan_Lingkungan` varchar(400) COLLATE utf8mb4_unicode_ci DEFAULT NULL,
  `Uraian_Kerja` varchar(400) COLLATE utf8mb4_unicode_ci DEFAULT NULL
) ENGINE=InnoDB DEFAULT CHARSET=utf8mb4 COLLATE=utf8mb4_unicode_ci;

--
-- Dumping data untuk tabel `umum`
--

INSERT INTO `umum` (`id`, `user_id`, `unsur_id`, `kec_id`, `sektoral_id`, `hal_id`, `Nama`, `NIK`, `Posisi`, `Alamat`, `Tempat_Lahir`, `Tanggal_Lahir`, `No_KTP`, `Status_Nikah`, `No_Asuransi`, `No_BPJSKes`, `No_BPJSKerja`, `Goldar`, `No_Handphone`, `Email`, `Status_Merokok`, `Olahraga`, `Obat_Konsumsi`, `Riwayat_Penyakit`, `Riwayat_Penyakit_Keluarga`, `Alergi_Makanan`, `Alergi_Obat`, `Paparan_Lingkungan`, `Uraian_Kerja`) VALUES
(15, 1, 1, 10, 1, 1, 'superadmin', '1111111111111', '', 'aaa', 'aa', '2022-07-18', NULL, NULL, NULL, NULL, NULL, NULL, NULL, NULL, NULL, NULL, NULL, NULL, NULL, NULL, NULL, NULL, NULL),
(16, 10, 1, 21, 1, 1, 'Ahmad', '1111111', NULL, 'aaa', 'aaa', '2022-07-19', NULL, NULL, NULL, NULL, NULL, NULL, NULL, NULL, NULL, NULL, NULL, NULL, NULL, NULL, NULL, NULL, NULL),
(17, 24, 1, 23, 1, 1, 'Sufri Halwi', '1111111111111', NULL, 'aaaaa', 'aaaa', '2022-07-26', NULL, NULL, NULL, NULL, NULL, NULL, NULL, NULL, NULL, NULL, NULL, NULL, NULL, NULL, NULL, NULL, NULL),
(48, 28, 1, 0, 5, 1, 'MUHAMMAD ZEN', '62200907', '', '', '', '0000-00-00', '', 0, 0, 0, 0, '', '', '', 'Tidak', 'Ya', '-', '', '', 'Tidak', 'Tidak', 'Suhu panas lebih dari 28 derajat, Radiasi pengion (sinar X, Gamma, dll), Bekerja giliran (shift), Debu anorganik (debu silika, batubara), Pelarut organik (benzene, alkil, toluene)', NULL),
(49, 29, 1, 0, 4, 1, 'SALAHUDDIN', '62502283', '', '', '', '0000-00-00', '', 0, 0, 0, 0, '', '', '', 'Ya', 'Ya', '-', '', '', 'Tidak', 'Tidak', 'Kebisingan di atas 85 dBA, Duduk lama, Bekerja dengan layar/monitor 4 jam/ lebih, Suhu panas lebih dari 28 derajat, Debu organik, Bekerja giliran (shift), Ketinggian, Debu anorganik (debu silika, batubara), Asap', NULL),
(50, 30, 1, 0, 6, 1, 'IBNU AR', '62502406', '', '', '', '0000-00-00', '', 0, 0, 0, 0, '', '', '', 'Tidak', 'Tidak', '-', '', '', 'Tidak', 'Tidak', 'Kebisingan di atas 85 dBA, Bekerja giliran (shift), Getaran lokal (Drill, Jackhammer, dll), Getaran seluruh tubuh (Tractor, Forklift, dll), Ketinggian, Debu anorganik (debu silika, batubara), Asap, Bekerja dengan layar/monitor 4 jam/ lebih, Duduk lama', NULL),
(51, 31, 1, 0, 2, 1, 'ENDANG SURYA', '62502399', '', '', '', '0000-00-00', '', 0, 0, 0, 0, '', '', '', 'Tidak', 'Ya', '1. Norvask 2. Plafix, 3. Caprazole, 4. Lipitor', '', '', 'Tidak', 'Tidak', 'Beban kerja tidak sesuai dengan waktu, Ketinggian, Bekerja dengan layar/monitor 4 jam/ lebih, Duduk lama', NULL),
(52, 32, 1, 0, 2, 1, 'JAKFAR', '62502395', '', '', '', '0000-00-00', '', 0, 0, 0, 0, '', '', '', 'Tidak', 'Ya', '_', '', '', 'Tidak', 'Tidak', 'Debu organik, Hambatan jenjang karir, Berdiri Lama, Pencahayaan tidak sesuai, Gerakan berulang dengan tangan', NULL),
(53, 33, 1, 0, 6, 1, 'ZAINAL ABIDIN', '62502404', '', '', '', '0000-00-00', '', 0, 0, 0, 0, '', '', '', 'Tidak', 'Ya', 'Obat anti nyeri asam urat ,Recolfar, Divolttar, Rhemafar', '', '', 'Tidak', 'Tidak', 'Bekerja giliran (shift)', NULL),
(54, 34, 1, 0, 2, 1, 'ZUHRI EDDY', '62502408', '', '', '', '0000-00-00', '', 0, 0, 0, 0, '', '', '', 'Ya', 'Ya', '-', '', '', 'Tidak', 'Tidak', 'Gerakan berulang dengan tangan', NULL),
(55, 35, 1, 0, 6, 1, 'ARMANIZAR', '62502410', '', '', '', '0000-00-00', '', 0, 0, 0, 0, '', '', '', 'Tidak', 'Tidak', 'OBAT kolesterol', '', '', 'Tidak', 'Tidak', 'Kebisingan di atas 85 dBA, Debu organik, Bekerja giliran (shift), Bekerja dengan layar/monitor 4 jam/ lebih, Duduk lama', NULL),
(56, 36, 1, 0, 2, 1, 'JAMALUDDIN', '62502366', '', '', '', '0000-00-00', '', 0, 0, 0, 0, '', '', '', 'Tidak', 'Ya', '-', '', '', 'Tidak', 'Tidak', 'Kebisingan di atas 85 dBA, Suhu panas lebih dari 28 derajat, Debu organik, Beban kerja tidak sesuai dengan waktu, Bekerja giliran (shift), Angkat/angkut berat, Berdiri Lama, Posisi tubuh tidak ergonomis, Ketinggian, Debu anorganik (debu silika, batubara), Gerakan berulang dengan tangan', NULL),
(57, 37, 1, 0, 6, 1, 'MARBAWI', '62502373', '', '', '', '0000-00-00', '', 0, 0, 0, 0, '', '', '', 'Ya', 'Ya', '-', '', '', 'Tidak', 'Tidak', 'Kebisingan di atas 85 dBA, Duduk lama, Debu organik, Bekerja giliran (shift), Berdiri Lama, Ketinggian, Debu anorganik (debu silika, batubara), Pelarut organik (benzene, alkil, toluene)', NULL),
(58, 38, 1, 0, 5, 1, 'SABIRIN', '62502379', '', '', '', '0000-00-00', '', 0, 0, 0, 0, '', '', '', 'Ya', 'Ya', '-', '', '', 'Tidak', 'Tidak', 'Radiasi pengion (sinar X, Gamma, dll), Iritan basa (amoniak, soda api), Debu organik, Iritan asam (Air keras, asam sulfat), Cairan Pembersih (Amonia, Klor, Kaporit), Bekerja giliran (shift), Ketinggian', NULL),
(59, 39, 1, 0, 7, 1, 'KHAIRUL NUFUS', '62502419', '', '', '', '0000-00-00', '', 0, 0, 0, 0, '', '', '', 'Tidak', 'Tidak', 'Tudak ada', '', '', 'Tidak', 'Tidak', 'Bekerja dengan layar/monitor 4 jam/ lebih, Duduk lama', NULL),
(60, 40, 1, 0, 2, 1, 'RUDI SAPUTRA', '62502479', '', '', '', '0000-00-00', '', 0, 0, 0, 0, '', '', '', 'Ya', 'Tidak', 'Tidak', '', '', 'Tidak', 'Tidak', 'Kebisingan di atas 85 dBA, Radiasi bukan pengion (gel mikro, infra red), Asap', NULL),
(61, 41, 1, 0, 4, 1, 'EFFENDI SIDDIQ', '62502614', '', '', '', '0000-00-00', '', 0, 0, 0, 0, '', '', '', 'Ya', 'Ya', '-', '', '', 'Tidak', 'Tidak', 'Debu organik, Duduk lama, Bekerja dengan layar/monitor 4 jam/ lebih', NULL),
(62, 42, 1, 0, 4, 1, 'ARMANSYAH', '62502442', '', '', '', '0000-00-00', '', 0, 0, 0, 0, '', '', '', 'Tidak', 'Tidak', 'Tidak ada', '', '', 'Tidak', 'Tidak', 'Debu organik, Nyamuk/serangga/lain-lain, Gerakan berulang dengan tangan, Bekerja giliran (shift), Darah/cairan tubuh lain, Getaran lokal (Drill, Jackhammer, dll), Ketinggian, Debu anorganik (debu silika, batubara)', NULL),
(63, 43, 1, 0, 7, 1, 'ADI MUNARDI', '62502488', '', '', '', '0000-00-00', '', 0, 0, 0, 0, '', '', '', 'Ya', 'Ya', '-', '', '', 'Tidak', 'Tidak', '-', NULL),
(64, 44, 1, 0, 1, 1, 'YANDRA ARMIA', '62502643', '', '', '', '0000-00-00', '', 0, 0, 0, 0, '', '', '', 'Tidak', 'Tidak', '-', '', '', 'Tidak', 'Tidak', 'Bekerja giliran (shift), Nyamuk/serangga/lain-lain, Posisi tubuh tidak ergonomis, Bekerja dengan layar/monitor 4 jam/ lebih, Gerakan berulang dengan tangan, Duduk lama', NULL),
(65, 45, 1, 0, 4, 1, 'AKHMAD HANAFI', '62502389', '', '', '', '0000-00-00', '', 0, 0, 0, 0, '', '', '', 'Tidak', 'Ya', 'Obat darah tinggi', '', '', 'Tidak', 'Tidak', 'Debu organik, Bekerja giliran (shift)', NULL),
(66, 46, 1, 0, 3, 1, 'BURHANSYAH', '62502415', '', '', '', '0000-00-00', '', 0, 0, 0, 0, '', '', '', 'Tidak', 'Ya', 'Tidak ada', '', '', 'Tidak', 'Ya', 'Kebisingan di atas 85 dBA, Suhu panas lebih dari 28 derajat, Radiasi bukan pengion (gel mikro, infra red), Debu organik, Cairan Pembersih (Amonia, Klor, Kaporit), Beban kerja tidak sesuai dengan waktu, Berdiri Lama, Getaran lokal (Drill, Jackhammer, dll), Getaran seluruh tubuh (Tractor, Forklift, dll), Ketinggian, Debu anorganik (debu silika, batubara), Asap, Logam berat (timah hitam, air raksa dl', NULL),
(67, 47, 1, 0, 1, 1, 'BAHIR', '62502413', '', '', '', '0000-00-00', '', 0, 0, 0, 0, '', '', '', 'Tidak', 'Ya', '-', '', '', 'Tidak', 'Tidak', 'Suhu panas lebih dari 28 derajat, Debu organik, Pekerjaan tidak sesuai dengan pengetahuan, Ketidak jelasan tugas, Konflik dengan teman sekerja, Debu anorganik (debu silika, batubara), Gerakan berulang dengan tangan', NULL),
(68, 48, 1, 0, 2, 1, 'FIRMAN MULIA', '62502476', '', '', '', '0000-00-00', '', 0, 0, 0, 0, '', '', '', 'Tidak', 'Tidak', '-', '', '', 'Tidak', 'Tidak', 'Gerakan berulang dengan tangan', NULL),
(69, 49, 1, 0, 5, 1, 'ILHAM SYAHPUTRA', '62502522', '', '', '', '0000-00-00', '', 0, 0, 0, 0, '', '', '', 'Tidak', 'Ya', '-', '', '', 'Tidak', 'Ya', 'Debu organik, Nyamuk/serangga/lain-lain, Berdiri Lama, Ketinggian, Debu anorganik (debu silika, batubara), Pelarut organik (benzene, alkil, toluene), Bekerja dengan layar/monitor 4 jam/ lebih, Duduk lama', NULL),
(70, 50, 1, 0, 4, 1, 'SOFYAN', '62502380', '', '', '', '0000-00-00', '', 0, 0, 0, 0, '', '', '', 'Ya', 'Ya', 'Obat gula. Insulin.obat jantung.Platogrik.Aspilets.Tomboaspilet.hyperil.Ganin', '', '', 'Tidak', 'Tidak', 'Bekerja giliran (shift), Bekerja dengan layar/monitor 4 jam/ lebih, Pencahayaan tidak sesuai', NULL),
(71, 51, 1, 0, 4, 1, 'CHAIRULLAH', '62502220', '', '', '', '0000-00-00', '', 0, 0, 0, 0, '', '', '', 'Tidak', 'Ya', '-', '', '', 'Tidak', 'Tidak', 'Bekerja giliran (shift)', NULL),
(72, 52, 1, 0, 9, 1, 'ZULFAN HUSNI', '62502200', '', '', '', '0000-00-00', '', 0, 0, 0, 0, '', '', '', 'Tidak', 'Tidak', 'tidak ada', '', '', 'Ya', 'Tidak', 'Pencahayaan tidak sesuai, Bekerja dengan layar/monitor 4 jam/ lebih, Duduk lama', NULL),
(73, 53, 1, 0, 3, 1, 'YUSRIZAL', '62502400', '', '', '', '0000-00-00', '', 0, 0, 0, 0, '', '', '', 'Tidak', 'Ya', 'Darah tinggi, exforge\nLambung, Lanzoprazole', '', '', 'Tidak', 'Tidak', 'Posisi tubuh tidak ergonomis, Bekerja dengan layar/monitor 4 jam/ lebih, Duduk lama', NULL),
(74, 54, 1, 0, 5, 1, 'M HAFIDZ MUBARRAK', '62502517', '', '', '', '0000-00-00', '', 0, 0, 0, 0, '', '', '', 'Tidak', 'Ya', '-', '', '', 'Tidak', 'Tidak', 'Debu organik, Debu anorganik (debu silika, batubara), Bekerja dengan layar/monitor 4 jam/ lebih', NULL),
(75, 55, 1, 0, 9, 1, 'SONI HERMANTO', '62502286', '', '', '', '0000-00-00', '', 0, 0, 0, 0, '', '', '', 'Ya', 'Ya', '-', '', '', 'Tidak', 'Tidak', 'Debu organik, Duduk lama, Gerakan berulang dengan tangan, Bekerja dengan layar/monitor 4 jam/ lebih, Bekerja giliran (shift), Debu anorganik (debu silika, batubara)', NULL),
(76, 56, 1, 0, 2, 1, 'ANWAR', '62502272', '', '', '', '0000-00-00', '', 0, 0, 0, 0, '', '', '', 'Ya', 'Ya', '-', '', '', 'Tidak', 'Tidak', 'Bekerja dengan layar/monitor 4 jam/ lebih, Duduk lama, Gerakan berulang dengan tangan', NULL),
(77, 57, 1, 0, 3, 1, 'FIRMAN SEPTRIANDI TARIGAN', '62501813', '', '', '', '0000-00-00', '', 0, 0, 0, 0, '', '', '', 'Ya', 'Tidak', 'Obat flu dan batuk (decolgen, tolak angin)', '', '', 'Tidak', 'Tidak', 'Cairan Pembersih (Amonia, Klor, Kaporit), Duduk lama, Bekerja dengan layar/monitor 4 jam/ lebih, Hambatan jenjang karir', NULL),
(78, 58, 1, 0, 3, 1, 'FERRY CHANDRA', '62502805', '', '', '', '0000-00-00', '', 0, 0, 0, 0, '', '', '', 'Tidak', 'Ya', '-', '', '', 'Ya', 'Tidak', 'Beban kerja tidak sesuai dengan waktu, Nyamuk/serangga/lain-lain, Pekerjaan tidak sesuai dengan pengetahuan, Debu anorganik (debu silika, batubara), Bekerja dengan layar/monitor 4 jam/ lebih', NULL),
(79, 59, 1, 0, 7, 1, 'ENNI RAFIKA', '62502326', '', '', '', '0000-00-00', '', 0, 0, 0, 0, '', '', '', 'Tidak', 'Tidak', '-', '', '', 'Ya', 'Tidak', '-', NULL),
(80, 60, 1, 0, 4, 1, 'ARJUNA', '62502888', '', '', '', '0000-00-00', '', 0, 0, 0, 0, '', '', '', 'Ya', 'Ya', '-', '', '', 'Tidak', 'Tidak', 'Debu organik, Duduk lama, Gerakan berulang dengan tangan, Bekerja dengan layar/monitor 4 jam/ lebih, Bekerja giliran (shift)', NULL),
(81, 61, 1, 0, 1, 1, 'ISTAFA NAJMI', '62502891', '', '', '', '0000-00-00', '', 0, 0, 0, 0, '', '', '', 'Tidak', 'Ya', '-', '', '', 'Tidak', 'Tidak', 'Kebisingan di atas 85 dBA, Nyamuk/serangga/lain-lain, Suhu panas lebih dari 28 derajat, Debu organik, Beban kerja tidak sesuai dengan waktu, Pekerjaan tidak sesuai dengan pengetahuan, Ketidak jelasan tugas, Hambatan jenjang karir, Bekerja giliran (shift), Angkat/angkut berat, Berdiri Lama, Bakteri/Virus/Jamur/parasit, Getaran lokal (Drill, Jackhammer, dll), Ketinggian, Debu anorganik (debu silika,', NULL),
(82, 62, 1, 0, 5, 1, 'NOVAL ALAMSYAH', '62502896', '', '', '', '0000-00-00', '', 0, 0, 0, 0, '', '', '', 'Tidak', 'Ya', '-', '', '', 'Ya', 'Tidak', 'Debu organik, Ketidak jelasan tugas, Hambatan jenjang karir, Angkat/angkut berat, Berdiri Lama, Posisi tubuh tidak ergonomis, Debu anorganik (debu silika, batubara), Bekerja dengan layar/monitor 4 jam/ lebih, Gerakan berulang dengan tangan, Duduk lama', NULL),
(83, 63, 1, 0, 1, 1, 'T.FERI SANDRIA', '62502898', '', '', '', '0000-00-00', '', 0, 0, 0, 0, '', '', '', 'Tidak', 'Ya', '-', '', '', 'Tidak', 'Tidak', 'Kebisingan di atas 85 dBA, Suhu panas lebih dari 28 derajat, Debu organik, Bekerja giliran (shift), Ketinggian, Debu anorganik (debu silika, batubara), Asap, Iritan basa (amoniak, soda api), Gerakan berulang dengan tangan', NULL),
(84, 64, 2, 0, 1, 1, 'MAUDY MAULIAH', '62503039', '', '', '', '0000-00-00', '', 0, 0, 0, 0, '', '', '', 'Tidak', 'Ya', '-', '', '', 'Tidak', 'Tidak', 'Bekerja dengan layar/monitor 4 jam/ lebih, Duduk lama', NULL),
(85, 65, 1, 0, 6, 1, 'HERI MUNARDI', '62503030', '', '', '', '0000-00-00', '', 0, 0, 0, 0, '', '', '', 'Ya', 'Ya', 'METFORMIN', '', '', 'Tidak', 'Tidak', 'Ketinggian, Gerakan berulang dengan tangan, Bekerja dengan layar/monitor 4 jam/ lebih', NULL),
(86, 66, 1, 0, 1, 1, 'MUHIPPUDDIN', '62502894', '', '', '', '0000-00-00', '', 0, 0, 0, 0, '', '', '', 'Tidak', 'Ya', '-', '', '', 'Tidak', 'Tidak', 'Bekerja giliran (shift), Debu anorganik (debu silika, batubara)', NULL),
(87, 67, 1, 0, 9, 1, 'RYAN RIZALDY SYAHRIAL', '62500344', '', '', '', '0000-00-00', '', 0, 0, 0, 0, '', '', '', 'Tidak', 'Tidak', '-', '', '', 'Ya', 'Tidak', 'Bekerja dengan layar/monitor 4 jam/ lebih', NULL),
(88, 68, 1, 0, 2, 1, 'MUKHLIS SYUIB', '62502455', '', '', '', '0000-00-00', '', 0, 0, 0, 0, '', '', '', 'Tidak', 'Tidak', 'Darah tinggi', '', '', 'Tidak', 'Ya', 'Debu anorganik (debu silika, batubara)', NULL),
(89, 69, 2, 0, 5, 1, 'JULI VERAWATI', '62502475', '', '', '', '0000-00-00', '', 0, 0, 0, 0, '', '', '', 'Tidak', 'Ya', '-', '', '', 'Tidak', 'Tidak', 'Suhu panas lebih dari 28 derajat, Radiasi pengion (sinar X, Gamma, dll), Cairan Pembersih (Amonia, Klor, Kaporit), Debu anorganik (debu silika, batubara), Asap, Iritan basa (amoniak, soda api), Gerakan berulang dengan tangan', NULL),
(90, 70, 2, 0, 7, 1, 'DEWI HAWATI', '62502463', '', '', '', '0000-00-00', '', 0, 0, 0, 0, '', '', '', 'Tidak', 'Tidak', 'Tidak', '', '', 'Ya', 'Ya', 'Bekerja dengan layar/monitor 4 jam/ lebih', NULL),
(91, 71, 1, 0, 2, 1, 'ROMI HARIAWAN', '62502532', '', '', '', '0000-00-00', '', 0, 0, 0, 0, '', '', '', 'Tidak', 'Tidak', '-', '', '', 'Tidak', 'Tidak', 'Kebisingan di atas 85 dBA, Suhu panas lebih dari 28 derajat, Debu organik, Berdiri Lama, Getaran lokal (Drill, Jackhammer, dll), Ketinggian, Debu anorganik (debu silika, batubara), Asap, Bekerja dengan layar/monitor 4 jam/ lebih, Duduk lama', NULL),
(92, 72, 1, 0, 2, 1, 'KHALED MURDI', '62502478', '', '', '', '0000-00-00', '', 0, 0, 0, 0, '', '', '', 'Ya', 'Tidak', '-', '', '', 'Tidak', 'Tidak', 'Kebisingan di atas 85 dBA, Suhu panas lebih dari 28 derajat, Bekerja giliran (shift), Ketinggian, Debu anorganik (debu silika, batubara)', NULL),
(93, 73, 1, 0, 6, 1, 'AR JAMALUDDIN', '62502435', '', '', '', '0000-00-00', '', 0, 0, 0, 0, '', '', '', 'Tidak', 'Ya', 'Kolestrol', '', '', 'Tidak', 'Ya', 'Kebisingan di atas 85 dBA, Nyamuk/serangga/lain-lain, Bekerja giliran (shift), Ketinggian, Bekerja dengan layar/monitor 4 jam/ lebih, Duduk lama', NULL),
(94, 74, 1, 0, 2, 1, 'AMIRULLAH', '62502443', '', '', '', '0000-00-00', '', 0, 0, 0, 0, '', '', '', 'Tidak', 'Ya', 'Tidak ada komentar', '', '', 'Tidak', 'Tidak', '-', NULL),
(95, 75, 1, 0, 2, 1, 'SAIFUL', '62502447', '', '', '', '0000-00-00', '', 0, 0, 0, 0, '', '', '', 'Ya', 'Ya', '-', '', '', 'Tidak', 'Tidak', 'Kebisingan di atas 85 dBA, Gerakan berulang dengan tangan, Suhu panas lebih dari 28 derajat, Debu organik, Bekerja giliran (shift), Angkat/angkut berat, Berdiri Lama, Posisi tubuh tidak ergonomis, Pencahayaan tidak sesuai, Getaran lokal (Drill, Jackhammer, dll), Ketinggian, Debu anorganik (debu silika, batubara), Asap, Logam berat (timah hitam, air raksa dll)', NULL),
(96, 76, 1, 0, 1, 1, 'ANSHARI', '62502446', '', '', '', '0000-00-00', '', 0, 0, 0, 0, '', '', '', 'Tidak', 'Tidak', '-', '', '', 'Ya', 'Tidak', 'Kebisingan di atas 85 dBA, Getaran lokal (Drill, Jackhammer, dll), Gerakan berulang dengan tangan', NULL),
(97, 77, 1, 0, 2, 1, 'ANSARI', '62502531', '', '', '', '0000-00-00', '', 0, 0, 0, 0, '', '', '', 'Tidak', 'Ya', '-', '', '', 'Tidak', 'Tidak', 'Kebisingan di atas 85 dBA, Debu organik, Angkat/angkut berat, Posisi tubuh tidak ergonomis, Bakteri/Virus/Jamur/parasit, Ketinggian, Debu anorganik (debu silika, batubara), Asap, Duduk lama', NULL),
(98, 78, 1, 0, 5, 1, 'AFRIZAL', '62502483', '', '', '', '0000-00-00', '', 0, 0, 0, 0, '', '', '', 'Ya', 'Ya', '-', '', '', 'Tidak', 'Tidak', 'Radiasi pengion (sinar X, Gamma, dll), Bekerja giliran (shift), Debu anorganik (debu silika, batubara)', NULL),
(99, 79, 1, 0, 2, 1, 'ALFIAN EDIAL', '62502458', '', '', '', '0000-00-00', '', 0, 0, 0, 0, '', '', '', 'Tidak', 'Ya', 'Kolesterol, astor.', '', '', 'Tidak', 'Tidak', 'Kebisingan di atas 85 dBA, Suhu panas lebih dari 28 derajat, Suhu dingin kurang dari 18 derajat celcius, Ketinggian, Debu anorganik (debu silika, batubara)', NULL),
(100, 80, 1, 0, 4, 1, 'M. FIKRI', '62502421', '', '', '', '0000-00-00', '', 0, 0, 0, 0, '', '', '', 'Tidak', 'Ya', '_', '', '', 'Tidak', 'Tidak', 'Suhu panas lebih dari 28 derajat, Debu organik, Bekerja giliran (shift), Duduk lama', NULL),
(101, 81, 1, 0, 6, 1, 'KHAIRULLAH', '62502426', '', '', '', '0000-00-00', '', 0, 0, 0, 0, '', '', '', 'Ya', 'Ya', '-', '', '', 'Tidak', 'Tidak', 'Kebisingan di atas 85 dBA, Suhu panas lebih dari 28 derajat, Bekerja giliran (shift), Getaran lokal (Drill, Jackhammer, dll), Getaran seluruh tubuh (Tractor, Forklift, dll)', NULL),
(102, 82, 1, 0, 1, 1, 'ABUBAKAR', '62502423', '', '', '', '0000-00-00', '', 0, 0, 0, 0, '', '', '', 'Tidak', 'Ya', 'Glucopage', '', '', 'Tidak', 'Tidak', 'Debu organik, Bekerja giliran (shift), Angkat/angkut berat, Getaran seluruh tubuh (Tractor, Forklift, dll), Ketinggian, Gerakan berulang dengan tangan', NULL),
(103, 83, 1, 0, 2, 1, 'MUHAMMAD RAHJUNI', '62502437', '', '', '', '0000-00-00', '', 0, 0, 0, 0, '', '', '', 'Tidak', 'Ya', '-', '', '', 'Tidak', 'Tidak', 'Bekerja dengan layar/monitor 4 jam/ lebih, Duduk lama', NULL),
(104, 84, 1, 0, 2, 1, 'FAUJITA AGAM', '62502491', '', '', '', '0000-00-00', '', 0, 0, 0, 0, '', '', '', 'Ya', 'Ya', '-', '', '', 'Tidak', 'Tidak', '-', NULL),
(105, 85, 1, 0, 1, 1, 'JULI HERIANTO', '62502461', '', '', '', '0000-00-00', '', 0, 0, 0, 0, '', '', '', 'Tidak', 'Ya', '-', '', '', 'Tidak', 'Tidak', 'Suhu panas lebih dari 28 derajat, Suhu dingin kurang dari 18 derajat celcius, Debu organik, Beban kerja tidak sesuai dengan waktu, Pekerjaan tidak sesuai dengan pengetahuan, Ketidak jelasan tugas, Hambatan jenjang karir, Bekerja giliran (shift), Konflik dengan teman sekerja, Berdiri Lama, Posisi tubuh tidak ergonomis, Pencahayaan tidak sesuai, Getaran lokal (Drill, Jackhammer, dll), Getaran seluru', NULL),
(106, 86, 1, 0, 1, 1, 'MUHADI', '62502481', '', '', '', '0000-00-00', '', 0, 0, 0, 0, '', '', '', 'Tidak', 'Ya', '-', '', '', 'Tidak', 'Tidak', 'Suhu panas lebih dari 28 derajat, Debu organik, Getaran lokal (Drill, Jackhammer, dll), Debu anorganik (debu silika, batubara), Bekerja dengan layar/monitor 4 jam/ lebih, Gerakan berulang dengan tangan, Duduk lama', NULL),
(107, 87, 1, 0, 2, 1, 'RIZALSYAH', '62502514', '', '', '', '0000-00-00', '', 0, 0, 0, 0, '', '', '', 'Tidak', 'Tidak', '-', '', '', 'Tidak', 'Tidak', '-', NULL),
(108, 88, 1, 0, 5, 1, 'YULIS ANDRIAN', '62502492', '', '', '', '0000-00-00', '', 0, 0, 0, 0, '', '', '', 'Ya', 'Tidak', '-', '', '', 'Ya', 'Tidak', 'Posisi tubuh tidak ergonomis, Nyamuk/serangga/lain-lain, Duduk lama, Bekerja dengan layar/monitor 4 jam/ lebih', NULL),
(109, 89, 1, 0, 2, 1, 'RISVANI SAPUTRA', '62502477', '', '', '', '0000-00-00', '', 0, 0, 0, 0, '', '', '', 'Tidak', 'Tidak', '-', '', '', 'Ya', 'Tidak', 'Bekerja dengan layar/monitor 4 jam/ lebih, Duduk lama', NULL),
(110, 90, 1, 0, 2, 1, 'ADLI', '62502371', '', '', '', '0000-00-00', '', 0, 0, 0, 0, '', '', '', 'Ya', 'Tidak', '_', '', '', 'Tidak', 'Tidak', 'Suhu panas lebih dari 28 derajat, Nyamuk/serangga/lain-lain, Gerakan berulang dengan tangan, Hambatan jenjang karir', NULL),
(111, 91, 1, 0, 2, 1, 'JUWAINI', '62502431', '', '', '', '0000-00-00', '', 0, 0, 0, 0, '', '', '', 'Tidak', 'Ya', '-', '', '', 'Tidak', 'Ya', 'Suhu panas lebih dari 28 derajat, Debu organik, Pelarut organik (benzene, alkil, toluene), Gerakan berulang dengan tangan', NULL),
(112, 92, 1, 0, 2, 1, 'ZULFIKRI', '62502402', '', '', '', '0000-00-00', '', 0, 0, 0, 0, '', '', '', 'Tidak', 'Ya', 'obat batuk nelco', '', '', 'Tidak', 'Tidak', 'Debu organik, Berdiri Lama, Debu anorganik (debu silika, batubara), Gerakan berulang dengan tangan, Duduk lama', NULL),
(113, 93, 2, 0, 7, 1, 'CUT DARA SAFRINA', '62502697', '', '', '', '0000-00-00', '', 0, 0, 0, 0, '', '', '', 'Tidak', 'Tidak', '-', '', '', 'Tidak', 'Tidak', 'Bekerja dengan layar/monitor 4 jam/ lebih, Gerakan berulang dengan tangan, Duduk lama', NULL),
(114, 94, 1, 0, 4, 1, 'MUZAKKIR HS', '62502429', '', '', '', '0000-00-00', '', 0, 0, 0, 0, '', '', '', 'Tidak', 'Ya', '(-)', '', '', 'Tidak', 'Tidak', '-', NULL),
(115, 95, 1, 0, 6, 1, 'JAMALUDDIN', '62502467', '', '', '', '0000-00-00', '', 0, 0, 0, 0, '', '', '', 'Tidak', 'Ya', 'Semen tara tidak ada', '', '', 'Tidak', 'Tidak', 'Gerakan berulang dengan tangan', NULL),
(116, 96, 1, 0, 1, 1, 'MUSRIZAL MARWAN', '62502454', '', '', '', '0000-00-00', '', 0, 0, 0, 0, '', '', '', 'Tidak', 'Ya', '-', '', '', 'Tidak', 'Tidak', 'Kebisingan di atas 85 dBA, Suhu panas lebih dari 28 derajat, Ketinggian, Debu anorganik (debu silika, batubara), Bekerja dengan layar/monitor 4 jam/ lebih, Duduk lama', NULL),
(117, 97, 1, 0, 2, 1, 'MAHYAR', '62502436', '', '', '', '0000-00-00', '', 0, 0, 0, 0, '', '', '', 'Tidak', 'Tidak', '-', '', '', 'Tidak', 'Ya', 'Suhu panas lebih dari 28 derajat, Beban kerja tidak sesuai dengan waktu, Gerakan berulang dengan tangan', NULL),
(118, 98, 1, 0, 3, 1, 'TEUKU ZULHARDI', '62502434', '', '', '', '0000-00-00', '', 0, 0, 0, 0, '', '', '', 'Tidak', 'Ya', '-', '', '', 'Tidak', 'Tidak', 'Darah/cairan tubuh lain, Bekerja dengan layar/monitor 4 jam/ lebih', NULL),
(119, 99, 1, 0, 2, 1, 'AZHAR', '62502451', '', '', '', '0000-00-00', '', 0, 0, 0, 0, '', '', '', 'Tidak', 'Ya', 'tidak ada', '', '', 'Tidak', 'Tidak', 'Bekerja dengan layar/monitor 4 jam/ lebih, Duduk lama', NULL),
(120, 100, 1, 0, 2, 1, 'ADE IRWAN', '62502427', '', '', '', '0000-00-00', '', 0, 0, 0, 0, '', '', '', 'Ya', 'Ya', 'Vitamin', '', '', 'Tidak', 'Tidak', 'Suhu panas lebih dari 28 derajat, Gerakan berulang dengan tangan', NULL),
(121, 101, 1, 0, 2, 1, 'MUKHLIS', '62502444', '', '', '', '0000-00-00', '', 0, 0, 0, 0, '', '', '', 'Ya', 'Tidak', '-', '', '', 'Tidak', 'Ya', 'Kebisingan di atas 85 dBA, Gerakan berulang dengan tangan, Suhu panas lebih dari 28 derajat, Debu organik, Beban kerja tidak sesuai dengan waktu, Ketidak jelasan tugas, Angkat/angkut berat, Ketinggian, Debu anorganik (debu silika, batubara), Asap', NULL),
(122, 102, 1, 0, 2, 1, 'ERWIN SETIAWAN', '62502448', '', '', '', '0000-00-00', '', 0, 0, 0, 0, '', '', '', 'Tidak', 'Tidak', 'Amlodipine', '', '', 'Tidak', 'Tidak', 'Duduk lama', NULL),
(123, 103, 1, 0, 1, 1, 'MUHAMMAD ISA', '62502462', '', '', '', '0000-00-00', '', 0, 0, 0, 0, '', '', '', 'Tidak', 'Ya', '-', '', '', 'Tidak', 'Tidak', 'Debu organik, Nyamuk/serangga/lain-lain, Pekerjaan tidak sesuai dengan pengetahuan, Ketidak jelasan tugas, Bekerja giliran (shift), Konflik dengan teman sekerja, Konflik dalam keluarga, Posisi tubuh tidak ergonomis, Pencahayaan tidak sesuai, Bekerja dengan layar/monitor 4 jam/ lebih, Gerakan berulang dengan tangan, Duduk lama', NULL),
(124, 104, 1, 0, 8, 1, 'AIDIL AZWANI', '62502284', '', '', '', '0000-00-00', '', 0, 0, 0, 0, '', '', '', 'Tidak', 'Ya', 'gluchopage, lipitor, zyloric', '', '', 'Tidak', 'Ya', 'Debu organik, Beban kerja tidak sesuai dengan waktu, Pekerjaan tidak sesuai dengan pengetahuan, Ketidak jelasan tugas, Berdiri Lama, Posisi tubuh tidak ergonomis, Debu anorganik (debu silika, batubara), Asap, Bekerja dengan layar/monitor 4 jam/ lebih, Gerakan berulang dengan tangan, Duduk lama', NULL),
(125, 105, 1, 0, 9, 1, 'IMRAN', '62502620', '', '', '', '0000-00-00', '', 0, 0, 0, 0, '', '', '', 'Ya', 'Ya', '-', '', '', 'Tidak', 'Tidak', 'Hambatan jenjang karir, Duduk lama, Gerakan berulang dengan tangan, Bekerja dengan layar/monitor 4 jam/ lebih, Bekerja giliran (shift), Berdiri Lama', NULL),
(126, 106, 1, 0, 7, 1, 'MAHDANI', '62502485', '', '', '', '0000-00-00', '', 0, 0, 0, 0, '', '', '', 'Tidak', 'Ya', 'NA', '', '', 'Tidak', 'Tidak', '-', NULL),
(127, 107, 2, 0, 2, 1, 'NIA AUDIA', '62502895', '', '', '', '0000-00-00', '', 0, 0, 0, 0, '', '', '', 'Tidak', 'Ya', '-', '', '', 'Tidak', 'Tidak', 'Kebisingan di atas 85 dBA, Nyamuk/serangga/lain-lain, Suhu panas lebih dari 28 derajat, Suhu dingin kurang dari 18 derajat celcius, Debu organik, Hambatan jenjang karir, Getaran lokal (Drill, Jackhammer, dll), Ketinggian, Debu anorganik (debu silika, batubara), Asap, Bekerja dengan layar/monitor 4 jam/ lebih, Duduk lama', NULL),
(128, 108, 1, 0, 4, 1, 'RIZKY RINALDI', '62502897', '', '', '', '0000-00-00', '', 0, 0, 0, 0, '', '', '', 'Tidak', 'Ya', '-', '', '', 'Tidak', 'Tidak', 'Bekerja giliran (shift), Ketinggian, Bekerja dengan layar/monitor 4 jam/ lebih, Duduk lama', NULL),
(129, 109, 1, 0, 1, 1, 'MUHAMMAD RIDHA RAMLI', '62502273', '', '', '', '0000-00-00', '', 0, 0, 0, 0, '', '', '', 'Tidak', 'Ya', 'Paracetamol\nOmeprazole', '', '', 'Tidak', 'Ya', 'Bekerja dengan layar/monitor 4 jam/ lebih, Duduk lama', NULL),
(130, 110, 1, 0, 9, 1, 'KAR FEDDY AGUSTA AMD', '62501658', '', '', '', '0000-00-00', '', 0, 0, 0, 0, '', '', '', 'Tidak', 'Ya', '-', '', '', 'Tidak', 'Tidak', '-', NULL),
(131, 111, 1, 0, 9, 1, 'AMRULLAH', '62502606', '', '', '', '0000-00-00', '', 0, 0, 0, 0, '', '', '', 'Tidak', 'Tidak', 'obat lambung', '', '', 'Ya', 'Tidak', 'Suhu dingin kurang dari 18 derajat celcius, Radiasi bukan pengion (gel mikro, infra red), Debu anorganik (debu silika, batubara), Bekerja dengan layar/monitor 4 jam/ lebih, Duduk lama', NULL),
(132, 112, 1, 0, 5, 1, 'ABDUL KHALIM', '62502438', '', '', '', '0000-00-00', '', 0, 0, 0, 0, '', '', '', 'Tidak', 'Tidak', 'Tidak', '', '', 'Tidak', 'Tidak', 'Kebisingan di atas 85 dBA, Suhu panas lebih dari 28 derajat, Suhu dingin kurang dari 18 derajat celcius, Radiasi pengion (sinar X, Gamma, dll), Debu organik, Ketinggian, Debu anorganik (debu silika, batubara), Asap, Bekerja dengan layar/monitor 4 jam/ lebih', NULL),
(133, 113, 1, 0, 1, 1, 'MAY FAJRI', '62502507', '', '', '', '0000-00-00', '', 0, 0, 0, 0, '', '', '', 'Tidak', 'Ya', 'Obat Lambung', '', '', 'Ya', 'Tidak', 'Posisi tubuh tidak ergonomis, Bekerja dengan layar/monitor 4 jam/ lebih, Gerakan berulang dengan tangan, Duduk lama', NULL),
(134, 114, 1, 0, 5, 1, 'HERI SAPUTRA', '62502471', '', '', '', '0000-00-00', '', 0, 0, 0, 0, '', '', '', 'Ya', 'Ya', '-', '', '', 'Tidak', 'Tidak', 'Debu organik, Duduk lama, Bekerja dengan layar/monitor 4 jam/ lebih, Debu anorganik (debu silika, batubara)', NULL),
(135, 115, 1, 0, 1, 1, 'ZULFIKAR', '62502482', '', '', '', '0000-00-00', '', 0, 0, 0, 0, '', '', '', 'Tidak', 'Ya', '-', '', '', 'Tidak', 'Tidak', 'Bekerja giliran (shift), Berdiri Lama, Bekerja dengan layar/monitor 4 jam/ lebih', NULL),
(136, 116, 1, 0, 2, 1, 'MUSRIZAL', '62502520', '', '', '', '0000-00-00', '', 0, 0, 0, 0, '', '', '', 'Ya', 'Tidak', '-', '', '', 'Tidak', 'Tidak', 'Kebisingan di atas 85 dBA, Gerakan berulang dengan tangan, Suhu panas lebih dari 28 derajat, Debu organik, Bekerja giliran (shift), Berdiri Lama, Pencahayaan tidak sesuai, Ketinggian, Debu anorganik (debu silika, batubara), Asap', NULL),
(137, 117, 1, 0, 1, 1, 'MUAMMAR', '62502618', '', '', '', '0000-00-00', '', 0, 0, 0, 0, '', '', '', 'Ya', 'Ya', '-', '', '', 'Tidak', 'Tidak', 'Bekerja giliran (shift), Duduk lama, Gerakan berulang dengan tangan, Bekerja dengan layar/monitor 4 jam/ lebih, Posisi tubuh tidak ergonomis, Pencahayaan tidak sesuai', NULL),
(138, 118, 1, 0, 1, 1, 'RIZKI AKBAR', '62502530', '', '', '', '0000-00-00', '', 0, 0, 0, 0, '', '', '', 'Ya', 'Ya', '-', '', '', 'Tidak', 'Tidak', 'Bekerja giliran (shift), Duduk lama, Gerakan berulang dengan tangan, Bekerja dengan layar/monitor 4 jam/ lebih', NULL),
(139, 119, 1, 0, 1, 1, 'ISRAHADI', '62502518', '', '', '', '0000-00-00', '', 0, 0, 0, 0, '', '', '', 'Tidak', 'Ya', 'Rhinos', '', '', 'Tidak', 'Tidak', 'Kebisingan di atas 85 dBA, Suhu panas lebih dari 28 derajat, Bekerja giliran (shift), Getaran lokal (Drill, Jackhammer, dll), Ketinggian, Debu anorganik (debu silika, batubara), Gerakan berulang dengan tangan, Nyamuk/serangga/lain-lain', NULL),
(140, 120, 1, 0, 1, 1, 'SAFRIADI', '62502642', '', '', '', '0000-00-00', '', 0, 0, 0, 0, '', '', '', 'Ya', 'Ya', '-', '', '', 'Tidak', 'Tidak', 'Ketidak jelasan tugas, Duduk lama, Bekerja dengan layar/monitor 4 jam/ lebih, Bekerja giliran (shift)', NULL),
(141, 121, 1, 0, 2, 1, 'SUTIMAN', '62502669', '', '', '', '0000-00-00', '', 0, 0, 0, 0, '', '', '', 'Ya', 'Ya', '-', '', '', 'Tidak', 'Tidak', 'Debu organik', NULL),
(142, 122, 1, 0, 5, 1, 'MART VERDIAN FALKA', '62502506', '', '', '', '0000-00-00', '', 0, 0, 0, 0, '', '', '', 'Tidak', 'Ya', '-', '', '', 'Tidak', 'Tidak', 'Kebisingan di atas 85 dBA, Suhu panas lebih dari 28 derajat, Debu organik, Beban kerja tidak sesuai dengan waktu, Pekerjaan tidak sesuai dengan pengetahuan, Berdiri Lama, Posisi tubuh tidak ergonomis, Ketinggian, Debu anorganik (debu silika, batubara), Bekerja dengan layar/monitor 4 jam/ lebih, Gerakan berulang dengan tangan, Duduk lama', NULL),
(143, 123, 1, 0, 2, 1, 'RAHMAT HIDAYAT', '62502508', '', '', '', '0000-00-00', '', 0, 0, 0, 0, '', '', '', 'Tidak', 'Tidak', '-', '', '', 'Tidak', 'Tidak', '-', NULL),
(144, 124, 1, 0, 1, 1, 'RAHMAD IKBAL', '62502619', '', '', '', '0000-00-00', '', 0, 0, 0, 0, '', '', '', 'Tidak', 'Ya', '-', '', '', 'Tidak', 'Tidak', 'Debu organik, Angkat/angkut berat, Ketinggian', NULL),
(145, 125, 1, 0, 2, 1, 'MUNANDAR RAZALI', '62502494', '', '', '', '0000-00-00', '', 0, 0, 0, 0, '', '', '', 'Tidak', 'Ya', 'Allopurinol', '', '', 'Tidak', 'Tidak', 'Kebisingan di atas 85 dBA, Suhu panas lebih dari 28 derajat, Debu organik, Berdiri Lama, Posisi tubuh tidak ergonomis, Ketinggian, Debu anorganik (debu silika, batubara), Asap, Bekerja dengan layar/monitor 4 jam/ lebih, Duduk lama', NULL),
(146, 126, 1, 0, 1, 1, 'FAKHRI KAMAL', '62502540', '', '', '', '0000-00-00', '', 0, 0, 0, 0, '', '', '', 'Tidak', 'Ya', '-', '', '', 'Tidak', 'Tidak', 'Duduk lama', NULL),
(147, 127, 1, 0, 2, 1, 'RIZAL MUTTAQIN', '62502670', '', '', '', '0000-00-00', '', 0, 0, 0, 0, '', '', '', 'Ya', 'Tidak', '-', '', '', 'Tidak', 'Tidak', 'Suhu panas lebih dari 28 derajat, Debu organik, Ketinggian', NULL),
(148, 128, 2, 0, 9, 1, 'FITRIANI', '62502600', '', '', '', '0000-00-00', '', 0, 0, 0, 0, '', '', '', 'Tidak', 'Ya', '-', '', '', 'Ya', 'Tidak', 'Suhu dingin kurang dari 18 derajat celcius, Beban kerja tidak sesuai dengan waktu, Bekerja dengan layar/monitor 4 jam/ lebih, Duduk lama', NULL),
(149, 129, 1, 0, 1, 1, 'IRWAN', '62502529', '', '', '', '0000-00-00', '', 0, 0, 0, 0, '', '', '', 'Ya', 'Tidak', '-', '', '', 'Tidak', 'Tidak', 'Debu organik, Duduk lama, Bekerja dengan layar/monitor 4 jam/ lebih, Bekerja giliran (shift)', NULL),
(150, 130, 1, 0, 5, 1, 'MOCHAMAD ANWAR BAKTI', '62502525', '', '', '', '0000-00-00', '', 0, 0, 0, 0, '', '', '', 'Ya', 'Ya', '(-)', '', '', 'Tidak', 'Tidak', 'Beban kerja tidak sesuai dengan waktu, Bekerja dengan layar/monitor 4 jam/ lebih, Hambatan jenjang karir', NULL),
(151, 131, 1, 0, 7, 1, 'TAFAUL RIJAL', '62502496', '', '', '', '0000-00-00', '', 0, 0, 0, 0, '', '', '', 'Tidak', 'Ya', '-', '', '', 'Tidak', 'Tidak', '-', NULL),
(152, 132, 1, 0, 1, 1, 'AHMAD YUNAN', '62502539', '', '', '', '0000-00-00', '', 0, 0, 0, 0, '', '', '', 'Tidak', 'Ya', '-', '', '', 'Tidak', 'Tidak', 'Kebisingan di atas 85 dBA, Suhu panas lebih dari 28 derajat, Debu organik, Bekerja giliran (shift), Berdiri Lama, Getaran lokal (Drill, Jackhammer, dll), Ketinggian, Debu anorganik (debu silika, batubara), Asap, Bekerja dengan layar/monitor 4 jam/ lebih, Pestisida, Gerakan berulang dengan tangan, Duduk lama', NULL),
(153, 133, 2, 0, 5, 1, 'IRMA SURIYANI', '62502523', '', '', '', '0000-00-00', '', 0, 0, 0, 0, '', '', '', 'Tidak', 'Tidak', '-', '', '', 'Tidak', 'Tidak', 'Kebisingan di atas 85 dBA, Suhu panas lebih dari 28 derajat, Radiasi pengion (sinar X, Gamma, dll), Debu organik, Iritan asam (Air keras, asam sulfat), Cairan Pembersih (Amonia, Klor, Kaporit), Berdiri Lama, Debu anorganik (debu silika, batubara), Asap, Iritan basa (amoniak, soda api)', NULL),
(154, 134, 1, 0, 4, 1, 'RUDOLF', '62502512', '', '', '', '0000-00-00', '', 0, 0, 0, 0, '', '', '', 'Ya', 'Tidak', '-', '', '', 'Tidak', 'Tidak', 'Bekerja giliran (shift), Bekerja dengan layar/monitor 4 jam/ lebih', NULL),
(155, 135, 1, 0, 4, 1, 'ENDRY JALALUDDIN', '62502628', '', '', '', '0000-00-00', '', 0, 0, 0, 0, '', '', '', 'Tidak', 'Ya', '-', '', '', 'Tidak', 'Tidak', '-', NULL),
(156, 136, 1, 0, 1, 1, 'SYARBINI RAMLI', '62502409', '', '', '', '0000-00-00', '', 0, 0, 0, 0, '', '', '', 'Tidak', 'Ya', '-', '', '', 'Tidak', 'Ya', 'Suhu panas lebih dari 28 derajat', NULL),
(157, 137, 1, 0, 9, 1, 'IRANUR SANDRA', '62502593', '', '', '', '0000-00-00', '', 0, 0, 0, 0, '', '', '', 'Tidak', 'Ya', '-', '', '', 'Tidak', 'Tidak', 'Debu organik, Posisi tubuh tidak ergonomis, Bakteri/Virus/Jamur/parasit, Ketinggian, Bekerja dengan layar/monitor 4 jam/ lebih, Duduk lama', NULL),
(158, 138, 1, 0, 1, 1, 'ELMIADI MAJID', '62502627', '', '', '', '0000-00-00', '', 0, 0, 0, 0, '', '', '', 'Tidak', 'Tidak', 'Obat lambung', '', '', 'Tidak', 'Tidak', 'Debu organik, Beban kerja tidak sesuai dengan waktu, Debu anorganik (debu silika, batubara), Asap, Bekerja dengan layar/monitor 4 jam/ lebih, Gerakan berulang dengan tangan, Duduk lama', NULL),
(159, 139, 1, 0, 1, 1, 'AYYUB', '62502623', '', '', '', '0000-00-00', '', 0, 0, 0, 0, '', '', '', 'Tidak', 'Ya', '-', '', '', 'Tidak', 'Tidak', 'Kebisingan di atas 85 dBA, Suhu panas lebih dari 28 derajat, Radiasi bukan pengion (gel mikro, infra red), Debu organik, Cairan Pembersih (Amonia, Klor, Kaporit), Bekerja giliran (shift), Getaran lokal (Drill, Jackhammer, dll), Ketinggian, Debu anorganik (debu silika, batubara), Asap, Gerakan berulang dengan tangan, Nyamuk/serangga/lain-lain', NULL),
(160, 140, 1, 0, 2, 1, 'AULIA NUR', '62502575', '', '', '', '0000-00-00', '', 0, 0, 0, 0, '', '', '', 'Tidak', 'Ya', '-', '', '', 'Tidak', 'Tidak', 'Kebisingan di atas 85 dBA, Suhu panas lebih dari 28 derajat, Debu organik, Beban kerja tidak sesuai dengan waktu, Pekerjaan tidak sesuai dengan pengetahuan, Ketidak jelasan tugas, Posisi tubuh tidak ergonomis, Ketinggian, Debu anorganik (debu silika, batubara), Bekerja dengan layar/monitor 4 jam/ lebih, Gerakan berulang dengan tangan, Duduk lama', NULL),
(161, 141, 1, 0, 2, 1, 'VICTOR BENGGA SAPUTRA', '62502533', '', '', '', '0000-00-00', '', 0, 0, 0, 0, '', '', '', 'Tidak', 'Ya', '-', '', '', 'Tidak', 'Tidak', 'Kebisingan di atas 85 dBA, Debu anorganik (debu silika, batubara)', NULL),
(162, 142, 1, 0, 1, 1, 'BUKHARI', '62502424', '', '', '', '0000-00-00', '', 0, 0, 0, 0, '', '', '', 'Tidak', 'Ya', '-', '', '', 'Tidak', 'Tidak', 'Kebisingan di atas 85 dBA, Debu organik, Gerakan berulang dengan tangan', NULL),
(163, 143, 1, 0, 2, 1, 'HENDRI BUDAYA SAPUTRA', '62502504', '', '', '', '0000-00-00', '', 0, 0, 0, 0, '', '', '', 'Ya', 'Ya', 'tidak ada', '', '', 'Tidak', 'Tidak', 'Bekerja dengan layar/monitor 4 jam/ lebih, Duduk lama', NULL),
(164, 144, 1, 0, 2, 1, 'FUADI', '62502465', '', '', '', '0000-00-00', '', 0, 0, 0, 0, '', '', '', 'Ya', 'Ya', '-', '', '', 'Tidak', 'Tidak', 'Bekerja dengan layar/monitor 4 jam/ lebih, Duduk lama', NULL),
(165, 145, 1, 0, 2, 1, 'MUNZIR', '62502519', '', '', '', '0000-00-00', '', 0, 0, 0, 0, '', '', '', 'Tidak', 'Ya', '-', '', '', 'Tidak', 'Tidak', 'Kebisingan di atas 85 dBA, Nyamuk/serangga/lain-lain, Suhu panas lebih dari 28 derajat, Cairan Pembersih (Amonia, Klor, Kaporit), Bakteri/Virus/Jamur/parasit, Getaran lokal (Drill, Jackhammer, dll), Ketinggian, Debu anorganik (debu silika, batubara), Bekerja dengan layar/monitor 4 jam/ lebih, Uap logam / Fumes ( mangan, seng ), Gerakan berulang dengan tangan, Duduk lama', NULL),
(166, 146, 1, 0, 2, 1, 'SAFRIZAL', '62502577', '', '', '', '0000-00-00', '', 0, 0, 0, 0, '', '', '', 'Tidak', 'Ya', '-', '', '', 'Tidak', 'Tidak', 'Suhu panas lebih dari 28 derajat, Debu organik, Ketinggian, Debu anorganik (debu silika, batubara)', NULL),
(167, 147, 1, 0, 1, 1, 'SYAF HIDAYAT', '62502493', '', '', '', '0000-00-00', '', 0, 0, 0, 0, '', '', '', 'Tidak', 'Ya', '-', '', '', 'Tidak', 'Tidak', 'Bekerja giliran (shift), Bekerja dengan layar/monitor 4 jam/ lebih, Duduk lama', NULL),
(168, 148, 1, 0, 1, 1, 'MAULANA LUFFI', '62502521', '', '', '', '0000-00-00', '', 0, 0, 0, 0, '', '', '', 'Ya', 'Tidak', 'Trajenta duo', '', '', 'Tidak', 'Tidak', 'Beban kerja tidak sesuai dengan waktu, Duduk lama, Ketidak jelasan tugas, Hambatan jenjang karir, Bekerja giliran (shift)', NULL),
(169, 149, 1, 0, 2, 1, 'M.IQBAL SAPUTRA', '62502576', '', '', '', '0000-00-00', '', 0, 0, 0, 0, '', '', '', 'Ya', 'Ya', '-', '', '', 'Ya', 'Tidak', 'Suhu panas lebih dari 28 derajat, Duduk lama, Bekerja dengan layar/monitor 4 jam/ lebih, Debu anorganik (debu silika, batubara)', NULL),
(170, 150, 1, 0, 2, 1, 'HARIS FIRNANDA', '62502513', '', '', '', '0000-00-00', '', 0, 0, 0, 0, '', '', '', 'Tidak', 'Tidak', '-', '', '', 'Tidak', 'Ya', 'Suhu panas lebih dari 28 derajat, Debu organik, Hambatan jenjang karir, Bekerja giliran (shift), Getaran lokal (Drill, Jackhammer, dll), Ketinggian, Debu anorganik (debu silika, batubara), Asap, Uap logam / Fumes ( mangan, seng ), Gerakan berulang dengan tangan', NULL),
(171, 151, 1, 0, 1, 1, 'MANAHAN SIREGAR', '62502654', '', '', '', '0000-00-00', '', 0, 0, 0, 0, '', '', '', 'Ya', 'Ya', '(-)', '', '', 'Tidak', 'Tidak', 'Kebisingan di atas 85 dBA, Debu organik, Bekerja giliran (shift)', NULL),
(172, 152, 2, 0, 9, 1, 'RADHIAH', '62502610', '', '', '', '0000-00-00', '', 0, 0, 0, 0, '', '', '', 'Tidak', 'Tidak', 'Paracetamol', '', '', 'Tidak', 'Tidak', 'Bekerja dengan layar/monitor 4 jam/ lebih, Duduk lama', NULL),
(173, 153, 1, 0, 9, 1, 'NASRY IRAWAN', '62502616', '', '', '', '0000-00-00', '', 0, 0, 0, 0, '', '', '', 'Ya', 'Tidak', '#NAME?', '', '', 'Tidak', 'Tidak', 'Bekerja dengan layar/monitor 4 jam/ lebih, Duduk lama', NULL),
(174, 154, 1, 0, 4, 1, 'M. RIDHA', '62502425', '', '', '', '0000-00-00', '', 0, 0, 0, 0, '', '', '', 'Tidak', 'Ya', '-', '', '', 'Tidak', 'Tidak', 'Bekerja giliran (shift), Bekerja dengan layar/monitor 4 jam/ lebih', NULL),
(175, 155, 1, 0, 2, 1, 'ALI MAULANA PUTRA', '62502887', '', '', '', '0000-00-00', '', 0, 0, 0, 0, '', '', '', 'Ya', 'Ya', 'Vitamin dari tiens', '', '', 'Tidak', 'Tidak', 'Konflik dalam keluarga, Angkat/angkut berat, Debu anorganik (debu silika, batubara), Asap', NULL),
(176, 156, 1, 0, 2, 1, 'MAHDI', '62502275', '', '', '', '0000-00-00', '', 0, 0, 0, 0, '', '', '', 'Ya', 'Tidak', '-', '', '', 'Tidak', 'Tidak', '-', NULL),
(177, 157, 2, 0, 2, 1, 'RITA AFRIYANTI', '62502464', '', '', '', '0000-00-00', '', 0, 0, 0, 0, '', '', '', 'Tidak', 'Ya', '-', '', '', 'Tidak', 'Tidak', 'Beban kerja tidak sesuai dengan waktu, Ketidak jelasan tugas, Hambatan jenjang karir, Debu anorganik (debu silika, batubara), Asap, Bekerja dengan layar/monitor 4 jam/ lebih, Gerakan berulang dengan tangan, Duduk lama', NULL),
(178, 158, 1, 0, 5, 1, 'ZAMHIR', '62502696', '', '', '', '0000-00-00', '', 0, 0, 0, 0, '', '', '', 'Ya', 'Ya', '-', '', '', 'Tidak', 'Tidak', 'Radiasi pengion (sinar X, Gamma, dll), Duduk lama, Debu organik, Berdiri Lama, Debu anorganik (debu silika, batubara)', NULL),
(179, 159, 1, 0, 6, 1, 'MUHAMMAD YASAR', '62502524', '', '', '', '0000-00-00', '', 0, 0, 0, 0, '', '', '', 'Ya', 'Tidak', '-', '', '', 'Tidak', 'Tidak', 'Kebisingan di atas 85 dBA, Nyamuk/serangga/lain-lain, Duduk lama, Gerakan berulang dengan tangan, Bekerja dengan layar/monitor 4 jam/ lebih, Suhu panas lebih dari 28 derajat, Debu organik, Beban kerja tidak sesuai dengan waktu, Berdiri Lama, Getaran lokal (Drill, Jackhammer, dll), Getaran seluruh tubuh (Tractor, Forklift, dll), Ketinggian, Debu anorganik (debu silika, batubara), Asap', NULL),
(180, 160, 2, 0, 5, 1, 'KEUMALA PUTRI', '62502505', '', '', '', '0000-00-00', '', 0, 0, 0, 0, '', '', '', 'Tidak', 'Tidak', '-', '', '', 'Ya', 'Tidak', 'Bekerja dengan layar/monitor 4 jam/ lebih, Gerakan berulang dengan tangan, Duduk lama', NULL),
(181, 161, 1, 0, 2, 1, 'AFRIZAL', '62502719', '', '', '', '0000-00-00', '', 0, 0, 0, 0, '', '', '', 'Ya', 'Ya', '-', '', '', 'Tidak', 'Tidak', 'Suhu panas lebih dari 28 derajat, Bekerja giliran (shift)', NULL),
(182, 162, 2, 0, 1, 1, 'WIDYA', '62502480', '', '', '', '0000-00-00', '', 0, 0, 0, 0, '', '', '', 'Tidak', 'Tidak', '-', '', '', 'Tidak', 'Tidak', 'Bekerja dengan layar/monitor 4 jam/ lebih', NULL),
(183, 163, 1, 0, 1, 1, 'AIDIL FITRA', '62502453', '', '', '', '0000-00-00', '', 0, 0, 0, 0, '', '', '', 'Tidak', 'Ya', '-', '', '', 'Tidak', 'Tidak', 'Kebisingan di atas 85 dBA, Suhu panas lebih dari 28 derajat, Beban kerja tidak sesuai dengan waktu, Bekerja giliran (shift), Pencahayaan tidak sesuai, Ketinggian, Debu anorganik (debu silika, batubara)', NULL),
(184, 164, 1, 0, 4, 1, 'SAIFUL BAHRI', '62502634', '', '', '', '0000-00-00', '', 0, 0, 0, 0, '', '', '', 'Ya', 'Tidak', '#,,obat kolestrol\n#,,obat darah tinggi\n#,,obat tiroit\n,,,,Tidak konsumsi rutin', '', '', 'Tidak', 'Tidak', 'Hambatan jenjang karir, Bekerja giliran (shift)', NULL),
(185, 165, 1, 0, 4, 1, 'JAMALUDDIN', '62502720', '', '', '', '0000-00-00', '', 0, 0, 0, 0, '', '', '', 'Tidak', 'Ya', 'Tidak ada', '', '', 'Tidak', 'Tidak', 'Debu organik, Bekerja giliran (shift), Bakteri/Virus/Jamur/parasit, Getaran lokal (Drill, Jackhammer, dll), Ketinggian, Debu anorganik (debu silika, batubara), Gerakan berulang dengan tangan', NULL),
(186, 166, 1, 0, 2, 1, 'ABD BASIR', '62502526', '', '', '', '0000-00-00', '', 0, 0, 0, 0, '', '', '', 'Ya', 'Tidak', '-', '', '', 'Tidak', 'Tidak', 'Suhu panas lebih dari 28 derajat, Gerakan berulang dengan tangan, Debu organik, Bekerja giliran (shift), Berdiri Lama, Debu anorganik (debu silika, batubara), Asap', NULL),
(187, 167, 1, 0, 9, 1, 'IQBAL NURDIN', '62502718', '', '', '', '0000-00-00', '', 0, 0, 0, 0, '', '', '', 'Ya', 'Ya', '-', '', '', 'Tidak', 'Tidak', '-', NULL),
(188, 168, 1, 0, 5, 1, 'MUHAMMAD SHADRI L', '62502460', '', '', '', '0000-00-00', '', 0, 0, 0, 0, '', '', '', 'Ya', 'Ya', '-', '', '', 'Tidak', 'Tidak', 'Debu organik, Bekerja dengan layar/monitor 4 jam/ lebih, Beban kerja tidak sesuai dengan waktu, Hambatan jenjang karir', NULL),
(189, 169, 1, 0, 4, 1, 'SAIFUL KAMAL', '62502704', '', '', '', '0000-00-00', '', 0, 0, 0, 0, '', '', '', 'Ya', 'Ya', '-', '', '', 'Tidak', 'Tidak', 'Bekerja giliran (shift), Duduk lama, Bekerja dengan layar/monitor 4 jam/ lebih', NULL),
(190, 170, 1, 0, 6, 1, 'DANNY TRISNADI', '62502772', '', '', '', '0000-00-00', '', 0, 0, 0, 0, '', '', '', 'Tidak', 'Ya', '-', '', '', 'Tidak', 'Tidak', 'Debu organik, Beban kerja tidak sesuai dengan waktu, Debu anorganik (debu silika, batubara), Bekerja dengan layar/monitor 4 jam/ lebih', NULL),
(191, 171, 1, 0, 4, 1, 'USPAN', '62502679', '', '', '', '0000-00-00', '', 0, 0, 0, 0, '', '', '', 'Tidak', 'Ya', '-', '', '', 'Tidak', 'Tidak', 'Bekerja giliran (shift), Ketinggian, Debu anorganik (debu silika, batubara), Bekerja dengan layar/monitor 4 jam/ lebih, Duduk lama', NULL),
(192, 172, 1, 0, 2, 1, 'DWIYAN ANUGRAH ERNADI', '62502741', '', '', '', '0000-00-00', '', 0, 0, 0, 0, '', '', '', 'Tidak', 'Tidak', '-', '', '', 'Tidak', 'Tidak', 'Kebisingan di atas 85 dBA, Suhu panas lebih dari 28 derajat, Radiasi bukan pengion (gel mikro, infra red), Debu organik, Cairan Pembersih (Amonia, Klor, Kaporit), Hambatan jenjang karir, Debu anorganik (debu silika, batubara), Bekerja dengan layar/monitor 4 jam/ lebih, Uap logam / Fumes ( mangan, seng ), Gerakan berulang dengan tangan', NULL),
(193, 173, 1, 0, 6, 1, 'ADI HANDARBENI', '62502795', '', '', '', '0000-00-00', '', 0, 0, 0, 0, '', '', '', 'Tidak', 'Ya', '-', '', '', 'Tidak', 'Tidak', '-', NULL),
(194, 174, 1, 0, 1, 1, 'MUSLEM', '62502825', '', '', '', '0000-00-00', '', 0, 0, 0, 0, '', '', '', 'Ya', 'Ya', '-', '', '', 'Tidak', 'Tidak', 'Bekerja giliran (shift)', NULL),
(195, 175, 1, 0, 1, 1, 'DHAIB HAMZAH', '62502828', '', '', '', '0000-00-00', '', 0, 0, 0, 0, '', '', '', 'Ya', 'Ya', '-', '', '', 'Tidak', 'Tidak', 'Suhu panas lebih dari 28 derajat, Gerakan berulang dengan tangan, Radiasi bukan pengion (gel mikro, infra red), Debu organik, Bekerja giliran (shift), Angkat/angkut berat, Getaran lokal (Drill, Jackhammer, dll), Ketinggian, Debu anorganik (debu silika, batubara), Asap', NULL),
(196, 176, 1, 0, 1, 1, 'MULIA', '62502824', '', '', '', '0000-00-00', '', 0, 0, 0, 0, '', '', '', 'Ya', 'Ya', '-', '', '', 'Tidak', 'Tidak', 'Debu organik, Gerakan berulang dengan tangan, Bekerja giliran (shift)', NULL),
(197, 177, 1, 0, 5, 1, 'AKBAR IRDHA', '62502761', '', '', '', '0000-00-00', '', 0, 0, 0, 0, '', '', '', 'Tidak', 'Ya', 'Paracetamol, panadol, episan / antasida, Diatab, vitamin & salap kulit (racikan).', '', '', 'Ya', 'Tidak', 'Kebisingan di atas 85 dBA, Radiasi pengion (sinar X, Gamma, dll), Iritan asam (Air keras, asam sulfat), Cairan Pembersih (Amonia, Klor, Kaporit), Bekerja giliran (shift), Bakteri/Virus/Jamur/parasit, Getaran lokal (Drill, Jackhammer, dll), Debu anorganik (debu silika, batubara), Bekerja dengan layar/monitor 4 jam/ lebih, Iritan basa (amoniak, soda api), Gerakan berulang dengan tangan, Duduk lama', NULL),
(198, 178, 1, 0, 1, 1, 'MUHAMMAD', '62502823', '', '', '', '0000-00-00', '', 0, 0, 0, 0, '', '', '', 'Tidak', 'Ya', '-', '', '', 'Tidak', 'Tidak', 'Kebisingan di atas 85 dBA, Suhu panas lebih dari 28 derajat, Bekerja giliran (shift), Getaran lokal (Drill, Jackhammer, dll), Ketinggian, Debu anorganik (debu silika, batubara)', NULL),
(199, 179, 1, 0, 1, 1, 'MUKHSALMINA', '62502821', '', '', '', '0000-00-00', '', 0, 0, 0, 0, '', '', '', 'Ya', 'Ya', '-', '', '', 'Tidak', 'Tidak', 'Suhu panas lebih dari 28 derajat, Bekerja giliran (shift), Ketinggian, Debu anorganik (debu silika, batubara)', NULL),
(200, 180, 1, 0, 1, 1, 'YUSRIZAL', '62502827', '', '', '', '0000-00-00', '', 0, 0, 0, 0, '', '', '', 'Ya', 'Ya', '( - )', '', '', 'Tidak', 'Tidak', 'Suhu panas lebih dari 28 derajat, Bekerja giliran (shift)', NULL),
(201, 181, 1, 0, 1, 1, 'WIKI APRIANTO', '62502826', '', '', '', '0000-00-00', '', 0, 0, 0, 0, '', '', '', 'Ya', 'Ya', '-', '', '', 'Tidak', 'Tidak', 'Kebisingan di atas 85 dBA, Gerakan berulang dengan tangan, Uap logam / Fumes ( mangan, seng ), Suhu panas lebih dari 28 derajat, Radiasi bukan pengion (gel mikro, infra red), Debu organik, Bekerja giliran (shift), Angkat/angkut berat, Getaran lokal (Drill, Jackhammer, dll), Ketinggian, Debu anorganik (debu silika, batubara), Asap', NULL),
(202, 182, 1, 0, 6, 1, 'BAYAN NOVRIAN', '62502988', '', '', '', '0000-00-00', '', 0, 0, 0, 0, '', '', '', 'Tidak', 'Tidak', '-', '', '', 'Ya', 'Tidak', 'Hambatan jenjang karir, Bekerja dengan layar/monitor 4 jam/ lebih, Duduk lama', NULL),
(203, 183, 1, 0, 1, 1, 'AKRAMUL FATA', '62502886', '', '', '', '0000-00-00', '', 0, 0, 0, 0, '', '', '', 'Tidak', 'Ya', '-', '', '', 'Tidak', 'Tidak', 'Kebisingan di atas 85 dBA, Debu organik, Beban kerja tidak sesuai dengan waktu, Ketidak jelasan tugas, Hambatan jenjang karir, Bekerja giliran (shift), Posisi tubuh tidak ergonomis, Pencahayaan tidak sesuai, Ketinggian, Debu anorganik (debu silika, batubara), Asap, Bekerja dengan layar/monitor 4 jam/ lebih, Duduk lama', NULL),
(204, 184, 1, 0, 4, 1, 'HARWALIS', '62502889', '', '', '', '0000-00-00', '', 0, 0, 0, 0, '', '', '', 'Ya', 'Ya', '-', '', '', 'Tidak', 'Tidak', 'Bekerja giliran (shift), Duduk lama, Bekerja dengan layar/monitor 4 jam/ lebih, Ketinggian, Debu anorganik (debu silika, batubara)', NULL),
(205, 185, 1, 0, 2, 1, 'HEZA FIRDAUS', '62502890', '', '', '', '0000-00-00', '', 0, 0, 0, 0, '', '', '', 'Tidak', 'Ya', '-', '', '', 'Tidak', 'Tidak', 'Debu anorganik (debu silika, batubara), Gerakan berulang dengan tangan', NULL),
(206, 186, 2, 0, 5, 1, 'LISTIAWATI', '62502892', '', '', '', '0000-00-00', '', 0, 0, 0, 0, '', '', '', 'Tidak', 'Ya', '-', '', '', 'Tidak', 'Tidak', 'Kebisingan di atas 85 dBA, Suhu panas lebih dari 28 derajat, Debu organik, Berdiri Lama, Bekerja dengan layar/monitor 4 jam/ lebih', NULL),
(207, 187, 1, 0, 2, 1, 'MUHAMMAD SYAWAL', '62502893', '', '', '', '0000-00-00', '', 0, 0, 0, 0, '', '', '', 'Tidak', 'Tidak', '-', '', '', 'Tidak', 'Tidak', 'Kebisingan di atas 85 dBA, Hambatan jenjang karir, Berdiri Lama, Debu anorganik (debu silika, batubara), Asap', NULL),
(208, 188, 1, 0, 1, 1, 'TEUKU ZOEL FACHMI', '62502899', '', '', '', '0000-00-00', '', 0, 0, 0, 0, '', '', '', 'Tidak', 'Ya', '-', '', '', 'Tidak', 'Tidak', 'Kebisingan di atas 85 dBA, Suhu panas lebih dari 28 derajat, Debu organik, Beban kerja tidak sesuai dengan waktu, Ketidak jelasan tugas, Hambatan jenjang karir, Bekerja giliran (shift), Angkat/angkut berat, Getaran lokal (Drill, Jackhammer, dll), Getaran seluruh tubuh (Tractor, Forklift, dll), Ketinggian, Debu anorganik (debu silika, batubara), Asap, Bekerja dengan layar/monitor 4 jam/ lebih, Gera', NULL),
(209, 189, 1, 0, 6, 1, 'ZULFAN FAUZI', '62503031', '', '', '', '0000-00-00', '', 0, 0, 0, 0, '', '', '', 'Ya', 'Tidak', '-', '', '', 'Tidak', 'Tidak', 'Bekerja dengan layar/monitor 4 jam/ lebih, Duduk lama', NULL),
(210, 190, 1, 0, 2, 1, 'AZIZ MAULANA', '62503032', '', '', '', '0000-00-00', '', 0, 0, 0, 0, '', '', '', 'Ya', 'Ya', '-', '', '', 'Tidak', 'Tidak', 'Kebisingan di atas 85 dBA, Suhu panas lebih dari 28 derajat, Suhu dingin kurang dari 18 derajat celcius, Debu organik, Ketinggian, Debu anorganik (debu silika, batubara), Asap', NULL),
(211, 191, 1, 0, 4, 1, 'HANAF RINALDI', '62503033', '', '', '', '0000-00-00', '', 0, 0, 0, 0, '', '', '', 'Ya', 'Ya', '-', '', '', 'Tidak', 'Tidak', 'Kebisingan di atas 85 dBA, Duduk lama, Gerakan berulang dengan tangan, Uap logam / Fumes ( mangan, seng ), Bekerja dengan layar/monitor 4 jam/ lebih, Debu organik, Bekerja giliran (shift), Debu anorganik (debu silika, batubara)', NULL);
INSERT INTO `umum` (`id`, `user_id`, `unsur_id`, `kec_id`, `sektoral_id`, `hal_id`, `Nama`, `NIK`, `Posisi`, `Alamat`, `Tempat_Lahir`, `Tanggal_Lahir`, `No_KTP`, `Status_Nikah`, `No_Asuransi`, `No_BPJSKes`, `No_BPJSKerja`, `Goldar`, `No_Handphone`, `Email`, `Status_Merokok`, `Olahraga`, `Obat_Konsumsi`, `Riwayat_Penyakit`, `Riwayat_Penyakit_Keluarga`, `Alergi_Makanan`, `Alergi_Obat`, `Paparan_Lingkungan`, `Uraian_Kerja`) VALUES
(212, 192, 1, 0, 1, 1, 'M. KHALIS NIZWAR', '62503034', '', '', '', '0000-00-00', '', 0, 0, 0, 0, '', '', '', 'Tidak', 'Tidak', '-', '', '', 'Tidak', 'Tidak', 'Debu organik, Bekerja giliran (shift), Angkat/angkut berat, Berdiri Lama, Posisi tubuh tidak ergonomis, Debu anorganik (debu silika, batubara), Asap, Uap logam / Fumes ( mangan, seng )', NULL),
(213, 193, 2, 0, 4, 1, 'KHUSNA ANNISA', '62503035', '', '', '', '0000-00-00', '', 0, 0, 0, 0, '', '', '', 'Tidak', 'Tidak', '-', '', '', 'Ya', 'Tidak', 'Pekerjaan tidak sesuai dengan pengetahuan, Ketidak jelasan tugas, Posisi tubuh tidak ergonomis, Asap, Bekerja dengan layar/monitor 4 jam/ lebih, Duduk lama', NULL),
(214, 194, 1, 0, 1, 1, 'TEUKU RIYAN ANWAR', '62503037', '', '', '', '0000-00-00', '', 0, 0, 0, 0, '', '', '', 'Tidak', 'Tidak', '-', '', '', 'Tidak', 'Tidak', 'Suhu panas lebih dari 28 derajat, Debu organik', NULL),
(215, 195, 1, 0, 9, 1, 'IRHAMNA', '62503038', '', '', '', '0000-00-00', '', 0, 0, 0, 0, '', '', '', 'Tidak', 'Tidak', '-', '', '', 'Ya', 'Tidak', 'Suhu panas lebih dari 28 derajat, Posisi tubuh tidak ergonomis, Bekerja dengan layar/monitor 4 jam/ lebih, Duduk lama', NULL),
(216, 196, 2, 0, 8, 1, 'DEVI SARI YUNIS', '62503040', '', '', '', '0000-00-00', '', 0, 0, 0, 0, '', '', '', 'Tidak', 'Ya', '-', '', '', 'Tidak', 'Tidak', 'Bekerja dengan layar/monitor 4 jam/ lebih', NULL),
(217, 197, 1, 0, 2, 1, 'SHALHAN ABI RAFDI SIREGAR', '62503041', '', '', '', '0000-00-00', '', 0, 0, 0, 0, '', '', '', 'Ya', 'Ya', '-', '', '', 'Tidak', 'Ya', 'Debu organik, Ketinggian, Debu anorganik (debu silika, batubara)', NULL),
(218, 198, 1, 0, 2, 1, 'ANDY', '62502466', '', '', '', '0000-00-00', '', 0, 0, 0, 0, '', '', '', 'Ya', 'Ya', '-', '', '', 'Tidak', 'Tidak', 'Kebisingan di atas 85 dBA, Duduk lama, Bekerja dengan layar/monitor 4 jam/ lebih, Suhu panas lebih dari 28 derajat, Debu organik, Berdiri Lama', NULL),
(219, 199, 1, 0, 9, 1, 'FARABY AZWANY', '62502327', '', '', '', '0000-00-00', '', 0, 0, 0, 0, '', '', '', 'Tidak', 'Tidak', '-', '', '', 'Tidak', 'Tidak', 'Bekerja dengan layar/monitor 4 jam/ lebih, Gerakan berulang dengan tangan, Duduk lama', NULL);

-- --------------------------------------------------------

--
-- Struktur dari tabel `unsur`
--

CREATE TABLE `unsur` (
  `id` bigint(20) UNSIGNED NOT NULL,
  `nama` varchar(191) COLLATE utf8mb4_unicode_ci NOT NULL,
  `keterangan` varchar(191) COLLATE utf8mb4_unicode_ci DEFAULT NULL
) ENGINE=InnoDB DEFAULT CHARSET=utf8mb4 COLLATE=utf8mb4_unicode_ci;

--
-- Dumping data untuk tabel `unsur`
--

INSERT INTO `unsur` (`id`, `nama`, `keterangan`) VALUES
(1, 'Pria', NULL),
(2, 'Wanita', NULL);

-- --------------------------------------------------------

--
-- Struktur dari tabel `users`
--

CREATE TABLE `users` (
  `id` bigint(20) UNSIGNED NOT NULL,
  `email` varchar(191) COLLATE utf8mb4_unicode_ci NOT NULL,
  `password` varchar(191) COLLATE utf8mb4_unicode_ci NOT NULL,
  `level` tinyint(4) NOT NULL DEFAULT 0 COMMENT '0 => Umum, \n                                                   1 => operator kecamatan, \n                                                   2 => Bisa mengedit, \n                                                   3 => Super admin',
  `remember_token` varchar(100) COLLATE utf8mb4_unicode_ci DEFAULT NULL,
  `created_at` timestamp NULL DEFAULT NULL,
  `updated_at` timestamp NULL DEFAULT NULL
) ENGINE=InnoDB DEFAULT CHARSET=utf8mb4 COLLATE=utf8mb4_unicode_ci;

--
-- Dumping data untuk tabel `users`
--

INSERT INTO `users` (`id`, `email`, `password`, `level`, `remember_token`, `created_at`, `updated_at`) VALUES
(1, 'superadmin', '$2y$10$orLdnZ/Z5cAnPC.RYhf0ce9BhYNQoLmCs3TCzf8aa47dMMFx/6rea', 3, NULL, '2019-10-09 21:20:00', '2019-10-09 21:20:00'),
(10, 'DeddyGunawan@Gmail.Com', '$2y$10$gQEGuORM.SH7mfcv9.Lyku9hyvw9aDb/pesnmkC2Chlpzv2883mSa', 2, NULL, '2019-11-23 17:57:29', '2019-11-23 17:57:29'),
(18, 'mulqanq', '$2y$10$U5Mt4G8OIabgLkoW3DU/gOf7UJcArRozwZNJNbPlb6Hz.bAcjEbTu', 0, NULL, '2020-01-05 01:03:53', '2020-01-05 01:03:53'),
(24, 'SufriHalwi@Gmail.Com', '$2y$10$D8kvB98g103ZczK0YxnXGOkpHiGJxNgg9b7QvtHXzdYoJUa9HwUXe', 2, NULL, '2022-07-11 22:17:36', '2022-07-11 22:17:36'),
(28, '62200907', '$2y$10$U5Mt4G8OIabgLkoW3DU/gOf7UJcArRozwZNJNbPlb6Hz.bAcjEbTu', 1, NULL, NULL, NULL),
(29, '62502283', '$2y$10$U5Mt4G8OIabgLkoW3DU/gOf7UJcArRozwZNJNbPlb6Hz.bAcjEbTu', 1, NULL, NULL, NULL),
(30, '62502406', '$2y$10$U5Mt4G8OIabgLkoW3DU/gOf7UJcArRozwZNJNbPlb6Hz.bAcjEbTu', 1, NULL, NULL, NULL),
(31, '62502399', '$2y$10$U5Mt4G8OIabgLkoW3DU/gOf7UJcArRozwZNJNbPlb6Hz.bAcjEbTu', 1, NULL, NULL, NULL),
(32, '62502395', '$2y$10$U5Mt4G8OIabgLkoW3DU/gOf7UJcArRozwZNJNbPlb6Hz.bAcjEbTu', 1, NULL, NULL, NULL),
(33, '62502404', '$2y$10$U5Mt4G8OIabgLkoW3DU/gOf7UJcArRozwZNJNbPlb6Hz.bAcjEbTu', 1, NULL, NULL, NULL),
(34, '62502408', '$2y$10$U5Mt4G8OIabgLkoW3DU/gOf7UJcArRozwZNJNbPlb6Hz.bAcjEbTu', 1, NULL, NULL, NULL),
(35, '62502410', '$2y$10$U5Mt4G8OIabgLkoW3DU/gOf7UJcArRozwZNJNbPlb6Hz.bAcjEbTu', 1, NULL, NULL, NULL),
(36, '62502366', '$2y$10$U5Mt4G8OIabgLkoW3DU/gOf7UJcArRozwZNJNbPlb6Hz.bAcjEbTu', 1, NULL, NULL, NULL),
(37, '62502373', '$2y$10$U5Mt4G8OIabgLkoW3DU/gOf7UJcArRozwZNJNbPlb6Hz.bAcjEbTu', 1, NULL, NULL, NULL),
(38, '62502379', '$2y$10$U5Mt4G8OIabgLkoW3DU/gOf7UJcArRozwZNJNbPlb6Hz.bAcjEbTu', 1, NULL, NULL, NULL),
(39, '62502419', '$2y$10$U5Mt4G8OIabgLkoW3DU/gOf7UJcArRozwZNJNbPlb6Hz.bAcjEbTu', 1, NULL, NULL, NULL),
(40, '62502479', '$2y$10$U5Mt4G8OIabgLkoW3DU/gOf7UJcArRozwZNJNbPlb6Hz.bAcjEbTu', 1, NULL, NULL, NULL),
(41, '62502614', '$2y$10$U5Mt4G8OIabgLkoW3DU/gOf7UJcArRozwZNJNbPlb6Hz.bAcjEbTu', 1, NULL, NULL, NULL),
(42, '62502442', '$2y$10$U5Mt4G8OIabgLkoW3DU/gOf7UJcArRozwZNJNbPlb6Hz.bAcjEbTu', 1, NULL, NULL, NULL),
(43, '62502488', '$2y$10$U5Mt4G8OIabgLkoW3DU/gOf7UJcArRozwZNJNbPlb6Hz.bAcjEbTu', 1, NULL, NULL, NULL),
(44, '62502643', '$2y$10$U5Mt4G8OIabgLkoW3DU/gOf7UJcArRozwZNJNbPlb6Hz.bAcjEbTu', 1, NULL, NULL, NULL),
(45, '62502389', '$2y$10$U5Mt4G8OIabgLkoW3DU/gOf7UJcArRozwZNJNbPlb6Hz.bAcjEbTu', 1, NULL, NULL, NULL),
(46, '62502415', '$2y$10$U5Mt4G8OIabgLkoW3DU/gOf7UJcArRozwZNJNbPlb6Hz.bAcjEbTu', 1, NULL, NULL, NULL),
(47, '62502413', '$2y$10$U5Mt4G8OIabgLkoW3DU/gOf7UJcArRozwZNJNbPlb6Hz.bAcjEbTu', 1, NULL, NULL, NULL),
(48, '62502476', '$2y$10$U5Mt4G8OIabgLkoW3DU/gOf7UJcArRozwZNJNbPlb6Hz.bAcjEbTu', 1, NULL, NULL, NULL),
(49, '62502522', '$2y$10$U5Mt4G8OIabgLkoW3DU/gOf7UJcArRozwZNJNbPlb6Hz.bAcjEbTu', 1, NULL, NULL, NULL),
(50, '62502380', '$2y$10$U5Mt4G8OIabgLkoW3DU/gOf7UJcArRozwZNJNbPlb6Hz.bAcjEbTu', 1, NULL, NULL, NULL),
(51, '62502220', '$2y$10$U5Mt4G8OIabgLkoW3DU/gOf7UJcArRozwZNJNbPlb6Hz.bAcjEbTu', 1, NULL, NULL, NULL),
(52, '62502200', '$2y$10$U5Mt4G8OIabgLkoW3DU/gOf7UJcArRozwZNJNbPlb6Hz.bAcjEbTu', 1, NULL, NULL, NULL),
(53, '62502400', '$2y$10$cbbkhJfcv8a2d72uv/kRlO/kfJyB2ous8lWdUZKWULxq.4KnWUWkq', 1, NULL, NULL, '2022-07-28 06:19:03'),
(54, '62502517', '$2y$10$U5Mt4G8OIabgLkoW3DU/gOf7UJcArRozwZNJNbPlb6Hz.bAcjEbTu', 1, NULL, NULL, NULL),
(55, '62502286', '$2y$10$U5Mt4G8OIabgLkoW3DU/gOf7UJcArRozwZNJNbPlb6Hz.bAcjEbTu', 1, NULL, NULL, NULL),
(56, '62502272', '$2y$10$U5Mt4G8OIabgLkoW3DU/gOf7UJcArRozwZNJNbPlb6Hz.bAcjEbTu', 1, NULL, NULL, NULL),
(57, '62501813', '$2y$10$U5Mt4G8OIabgLkoW3DU/gOf7UJcArRozwZNJNbPlb6Hz.bAcjEbTu', 1, NULL, NULL, NULL),
(58, '62502805', '$2y$10$U5Mt4G8OIabgLkoW3DU/gOf7UJcArRozwZNJNbPlb6Hz.bAcjEbTu', 1, NULL, NULL, NULL),
(59, '62502326', '$2y$10$U5Mt4G8OIabgLkoW3DU/gOf7UJcArRozwZNJNbPlb6Hz.bAcjEbTu', 1, NULL, NULL, NULL),
(60, '62502888', '$2y$10$U5Mt4G8OIabgLkoW3DU/gOf7UJcArRozwZNJNbPlb6Hz.bAcjEbTu', 1, NULL, NULL, NULL),
(61, '62502891', '$2y$10$U5Mt4G8OIabgLkoW3DU/gOf7UJcArRozwZNJNbPlb6Hz.bAcjEbTu', 1, NULL, NULL, NULL),
(62, '62502896', '$2y$10$U5Mt4G8OIabgLkoW3DU/gOf7UJcArRozwZNJNbPlb6Hz.bAcjEbTu', 1, NULL, NULL, NULL),
(63, '62502898', '$2y$10$U5Mt4G8OIabgLkoW3DU/gOf7UJcArRozwZNJNbPlb6Hz.bAcjEbTu', 1, NULL, NULL, NULL),
(64, '62503039', '$2y$10$U5Mt4G8OIabgLkoW3DU/gOf7UJcArRozwZNJNbPlb6Hz.bAcjEbTu', 1, NULL, NULL, NULL),
(65, '62503030', '$2y$10$U5Mt4G8OIabgLkoW3DU/gOf7UJcArRozwZNJNbPlb6Hz.bAcjEbTu', 1, NULL, NULL, NULL),
(66, '62502894', '$2y$10$U5Mt4G8OIabgLkoW3DU/gOf7UJcArRozwZNJNbPlb6Hz.bAcjEbTu', 1, NULL, NULL, NULL),
(67, '62500344', '$2y$10$U5Mt4G8OIabgLkoW3DU/gOf7UJcArRozwZNJNbPlb6Hz.bAcjEbTu', 1, NULL, NULL, NULL),
(68, '62502455', '$2y$10$U5Mt4G8OIabgLkoW3DU/gOf7UJcArRozwZNJNbPlb6Hz.bAcjEbTu', 1, NULL, NULL, NULL),
(69, '62502475', '$2y$10$U5Mt4G8OIabgLkoW3DU/gOf7UJcArRozwZNJNbPlb6Hz.bAcjEbTu', 1, NULL, NULL, NULL),
(70, '62502463', '$2y$10$U5Mt4G8OIabgLkoW3DU/gOf7UJcArRozwZNJNbPlb6Hz.bAcjEbTu', 1, NULL, NULL, NULL),
(71, '62502532', '$2y$10$U5Mt4G8OIabgLkoW3DU/gOf7UJcArRozwZNJNbPlb6Hz.bAcjEbTu', 1, NULL, NULL, NULL),
(72, '62502478', '$2y$10$U5Mt4G8OIabgLkoW3DU/gOf7UJcArRozwZNJNbPlb6Hz.bAcjEbTu', 1, NULL, NULL, NULL),
(73, '62502435', '$2y$10$U5Mt4G8OIabgLkoW3DU/gOf7UJcArRozwZNJNbPlb6Hz.bAcjEbTu', 1, NULL, NULL, NULL),
(74, '62502443', '$2y$10$U5Mt4G8OIabgLkoW3DU/gOf7UJcArRozwZNJNbPlb6Hz.bAcjEbTu', 1, NULL, NULL, NULL),
(75, '62502447', '$2y$10$U5Mt4G8OIabgLkoW3DU/gOf7UJcArRozwZNJNbPlb6Hz.bAcjEbTu', 1, NULL, NULL, NULL),
(76, '62502446', '$2y$10$U5Mt4G8OIabgLkoW3DU/gOf7UJcArRozwZNJNbPlb6Hz.bAcjEbTu', 1, NULL, NULL, NULL),
(77, '62502531', '$2y$10$U5Mt4G8OIabgLkoW3DU/gOf7UJcArRozwZNJNbPlb6Hz.bAcjEbTu', 1, NULL, NULL, NULL),
(78, '62502483', '$2y$10$U5Mt4G8OIabgLkoW3DU/gOf7UJcArRozwZNJNbPlb6Hz.bAcjEbTu', 1, NULL, NULL, NULL),
(79, '62502458', '$2y$10$U5Mt4G8OIabgLkoW3DU/gOf7UJcArRozwZNJNbPlb6Hz.bAcjEbTu', 1, NULL, NULL, NULL),
(80, '62502421', '$2y$10$U5Mt4G8OIabgLkoW3DU/gOf7UJcArRozwZNJNbPlb6Hz.bAcjEbTu', 1, NULL, NULL, NULL),
(81, '62502426', '$2y$10$U5Mt4G8OIabgLkoW3DU/gOf7UJcArRozwZNJNbPlb6Hz.bAcjEbTu', 1, NULL, NULL, NULL),
(82, '62502423', '$2y$10$U5Mt4G8OIabgLkoW3DU/gOf7UJcArRozwZNJNbPlb6Hz.bAcjEbTu', 1, NULL, NULL, NULL),
(83, '62502437', '$2y$10$U5Mt4G8OIabgLkoW3DU/gOf7UJcArRozwZNJNbPlb6Hz.bAcjEbTu', 1, NULL, NULL, NULL),
(84, '62502491', '$2y$10$U5Mt4G8OIabgLkoW3DU/gOf7UJcArRozwZNJNbPlb6Hz.bAcjEbTu', 1, NULL, NULL, NULL),
(85, '62502461', '$2y$10$U5Mt4G8OIabgLkoW3DU/gOf7UJcArRozwZNJNbPlb6Hz.bAcjEbTu', 1, NULL, NULL, NULL),
(86, '62502481', '$2y$10$U5Mt4G8OIabgLkoW3DU/gOf7UJcArRozwZNJNbPlb6Hz.bAcjEbTu', 1, NULL, NULL, NULL),
(87, '62502514', '$2y$10$U5Mt4G8OIabgLkoW3DU/gOf7UJcArRozwZNJNbPlb6Hz.bAcjEbTu', 1, NULL, NULL, NULL),
(88, '62502492', '$2y$10$U5Mt4G8OIabgLkoW3DU/gOf7UJcArRozwZNJNbPlb6Hz.bAcjEbTu', 1, NULL, NULL, NULL),
(89, '62502477', '$2y$10$U5Mt4G8OIabgLkoW3DU/gOf7UJcArRozwZNJNbPlb6Hz.bAcjEbTu', 1, NULL, NULL, NULL),
(90, '62502371', '$2y$10$U5Mt4G8OIabgLkoW3DU/gOf7UJcArRozwZNJNbPlb6Hz.bAcjEbTu', 1, NULL, NULL, NULL),
(91, '62502431', '$2y$10$U5Mt4G8OIabgLkoW3DU/gOf7UJcArRozwZNJNbPlb6Hz.bAcjEbTu', 1, NULL, NULL, NULL),
(92, '62502402', '$2y$10$U5Mt4G8OIabgLkoW3DU/gOf7UJcArRozwZNJNbPlb6Hz.bAcjEbTu', 1, NULL, NULL, NULL),
(93, '62502697', '$2y$10$U5Mt4G8OIabgLkoW3DU/gOf7UJcArRozwZNJNbPlb6Hz.bAcjEbTu', 1, NULL, NULL, NULL),
(94, '62502429', '$2y$10$U5Mt4G8OIabgLkoW3DU/gOf7UJcArRozwZNJNbPlb6Hz.bAcjEbTu', 1, NULL, NULL, NULL),
(95, '62502467', '$2y$10$U5Mt4G8OIabgLkoW3DU/gOf7UJcArRozwZNJNbPlb6Hz.bAcjEbTu', 1, NULL, NULL, NULL),
(96, '62502454', '$2y$10$U5Mt4G8OIabgLkoW3DU/gOf7UJcArRozwZNJNbPlb6Hz.bAcjEbTu', 1, NULL, NULL, NULL),
(97, '62502436', '$2y$10$U5Mt4G8OIabgLkoW3DU/gOf7UJcArRozwZNJNbPlb6Hz.bAcjEbTu', 1, NULL, NULL, NULL),
(98, '62502434', '$2y$10$U5Mt4G8OIabgLkoW3DU/gOf7UJcArRozwZNJNbPlb6Hz.bAcjEbTu', 1, NULL, NULL, NULL),
(99, '62502451', '$2y$10$U5Mt4G8OIabgLkoW3DU/gOf7UJcArRozwZNJNbPlb6Hz.bAcjEbTu', 1, NULL, NULL, NULL),
(100, '62502427', '$2y$10$U5Mt4G8OIabgLkoW3DU/gOf7UJcArRozwZNJNbPlb6Hz.bAcjEbTu', 1, NULL, NULL, NULL),
(101, '62502444', '$2y$10$U5Mt4G8OIabgLkoW3DU/gOf7UJcArRozwZNJNbPlb6Hz.bAcjEbTu', 1, NULL, NULL, NULL),
(102, '62502448', '$2y$10$U5Mt4G8OIabgLkoW3DU/gOf7UJcArRozwZNJNbPlb6Hz.bAcjEbTu', 1, NULL, NULL, NULL),
(103, '62502462', '$2y$10$U5Mt4G8OIabgLkoW3DU/gOf7UJcArRozwZNJNbPlb6Hz.bAcjEbTu', 1, NULL, NULL, NULL),
(104, '62502284', '$2y$10$U5Mt4G8OIabgLkoW3DU/gOf7UJcArRozwZNJNbPlb6Hz.bAcjEbTu', 1, NULL, NULL, NULL),
(105, '62502620', '$2y$10$U5Mt4G8OIabgLkoW3DU/gOf7UJcArRozwZNJNbPlb6Hz.bAcjEbTu', 1, NULL, NULL, NULL),
(106, '62502485', '$2y$10$U5Mt4G8OIabgLkoW3DU/gOf7UJcArRozwZNJNbPlb6Hz.bAcjEbTu', 1, NULL, NULL, NULL),
(107, '62502895', '$2y$10$U5Mt4G8OIabgLkoW3DU/gOf7UJcArRozwZNJNbPlb6Hz.bAcjEbTu', 1, NULL, NULL, NULL),
(108, '62502897', '$2y$10$U5Mt4G8OIabgLkoW3DU/gOf7UJcArRozwZNJNbPlb6Hz.bAcjEbTu', 1, NULL, NULL, NULL),
(109, '62502273', '$2y$10$U5Mt4G8OIabgLkoW3DU/gOf7UJcArRozwZNJNbPlb6Hz.bAcjEbTu', 1, NULL, NULL, NULL),
(110, '62501658', '$2y$10$U5Mt4G8OIabgLkoW3DU/gOf7UJcArRozwZNJNbPlb6Hz.bAcjEbTu', 1, NULL, NULL, NULL),
(111, '62502606', '$2y$10$U5Mt4G8OIabgLkoW3DU/gOf7UJcArRozwZNJNbPlb6Hz.bAcjEbTu', 1, NULL, NULL, NULL),
(112, '62502438', '$2y$10$U5Mt4G8OIabgLkoW3DU/gOf7UJcArRozwZNJNbPlb6Hz.bAcjEbTu', 1, NULL, NULL, NULL),
(113, '62502507', '$2y$10$U5Mt4G8OIabgLkoW3DU/gOf7UJcArRozwZNJNbPlb6Hz.bAcjEbTu', 1, NULL, NULL, NULL),
(114, '62502471', '$2y$10$U5Mt4G8OIabgLkoW3DU/gOf7UJcArRozwZNJNbPlb6Hz.bAcjEbTu', 1, NULL, NULL, NULL),
(115, '62502482', '$2y$10$U5Mt4G8OIabgLkoW3DU/gOf7UJcArRozwZNJNbPlb6Hz.bAcjEbTu', 1, NULL, NULL, NULL),
(116, '62502520', '$2y$10$U5Mt4G8OIabgLkoW3DU/gOf7UJcArRozwZNJNbPlb6Hz.bAcjEbTu', 1, NULL, NULL, NULL),
(117, '62502618', '$2y$10$U5Mt4G8OIabgLkoW3DU/gOf7UJcArRozwZNJNbPlb6Hz.bAcjEbTu', 1, NULL, NULL, NULL),
(118, '62502530', '$2y$10$U5Mt4G8OIabgLkoW3DU/gOf7UJcArRozwZNJNbPlb6Hz.bAcjEbTu', 1, NULL, NULL, NULL),
(119, '62502518', '$2y$10$U5Mt4G8OIabgLkoW3DU/gOf7UJcArRozwZNJNbPlb6Hz.bAcjEbTu', 1, NULL, NULL, NULL),
(120, '62502642', '$2y$10$U5Mt4G8OIabgLkoW3DU/gOf7UJcArRozwZNJNbPlb6Hz.bAcjEbTu', 1, NULL, NULL, NULL),
(121, '62502669', '$2y$10$U5Mt4G8OIabgLkoW3DU/gOf7UJcArRozwZNJNbPlb6Hz.bAcjEbTu', 1, NULL, NULL, NULL),
(122, '62502506', '$2y$10$U5Mt4G8OIabgLkoW3DU/gOf7UJcArRozwZNJNbPlb6Hz.bAcjEbTu', 1, NULL, NULL, NULL),
(123, '62502508', '$2y$10$U5Mt4G8OIabgLkoW3DU/gOf7UJcArRozwZNJNbPlb6Hz.bAcjEbTu', 1, NULL, NULL, NULL),
(124, '62502619', '$2y$10$U5Mt4G8OIabgLkoW3DU/gOf7UJcArRozwZNJNbPlb6Hz.bAcjEbTu', 1, NULL, NULL, NULL),
(125, '62502494', '$2y$10$U5Mt4G8OIabgLkoW3DU/gOf7UJcArRozwZNJNbPlb6Hz.bAcjEbTu', 1, NULL, NULL, NULL),
(126, '62502540', '$2y$10$U5Mt4G8OIabgLkoW3DU/gOf7UJcArRozwZNJNbPlb6Hz.bAcjEbTu', 1, NULL, NULL, NULL),
(127, '62502670', '$2y$10$U5Mt4G8OIabgLkoW3DU/gOf7UJcArRozwZNJNbPlb6Hz.bAcjEbTu', 1, NULL, NULL, NULL),
(128, '62502600', '$2y$10$U5Mt4G8OIabgLkoW3DU/gOf7UJcArRozwZNJNbPlb6Hz.bAcjEbTu', 1, NULL, NULL, NULL),
(129, '62502529', '$2y$10$U5Mt4G8OIabgLkoW3DU/gOf7UJcArRozwZNJNbPlb6Hz.bAcjEbTu', 1, NULL, NULL, NULL),
(130, '62502525', '$2y$10$U5Mt4G8OIabgLkoW3DU/gOf7UJcArRozwZNJNbPlb6Hz.bAcjEbTu', 1, NULL, NULL, NULL),
(131, '62502496', '$2y$10$U5Mt4G8OIabgLkoW3DU/gOf7UJcArRozwZNJNbPlb6Hz.bAcjEbTu', 1, NULL, NULL, NULL),
(132, '62502539', '$2y$10$U5Mt4G8OIabgLkoW3DU/gOf7UJcArRozwZNJNbPlb6Hz.bAcjEbTu', 1, NULL, NULL, NULL),
(133, '62502523', '$2y$10$U5Mt4G8OIabgLkoW3DU/gOf7UJcArRozwZNJNbPlb6Hz.bAcjEbTu', 1, NULL, NULL, NULL),
(134, '62502512', '$2y$10$U5Mt4G8OIabgLkoW3DU/gOf7UJcArRozwZNJNbPlb6Hz.bAcjEbTu', 1, NULL, NULL, NULL),
(135, '62502628', '$2y$10$U5Mt4G8OIabgLkoW3DU/gOf7UJcArRozwZNJNbPlb6Hz.bAcjEbTu', 1, NULL, NULL, NULL),
(136, '62502409', '$2y$10$U5Mt4G8OIabgLkoW3DU/gOf7UJcArRozwZNJNbPlb6Hz.bAcjEbTu', 1, NULL, NULL, NULL),
(137, '62502593', '$2y$10$U5Mt4G8OIabgLkoW3DU/gOf7UJcArRozwZNJNbPlb6Hz.bAcjEbTu', 1, NULL, NULL, NULL),
(138, '62502627', '$2y$10$U5Mt4G8OIabgLkoW3DU/gOf7UJcArRozwZNJNbPlb6Hz.bAcjEbTu', 1, NULL, NULL, NULL),
(139, '62502623', '$2y$10$U5Mt4G8OIabgLkoW3DU/gOf7UJcArRozwZNJNbPlb6Hz.bAcjEbTu', 1, NULL, NULL, NULL),
(140, '62502575', '$2y$10$U5Mt4G8OIabgLkoW3DU/gOf7UJcArRozwZNJNbPlb6Hz.bAcjEbTu', 1, NULL, NULL, NULL),
(141, '62502533', '$2y$10$U5Mt4G8OIabgLkoW3DU/gOf7UJcArRozwZNJNbPlb6Hz.bAcjEbTu', 1, NULL, NULL, NULL),
(142, '62502424', '$2y$10$U5Mt4G8OIabgLkoW3DU/gOf7UJcArRozwZNJNbPlb6Hz.bAcjEbTu', 1, NULL, NULL, NULL),
(143, '62502504', '$2y$10$U5Mt4G8OIabgLkoW3DU/gOf7UJcArRozwZNJNbPlb6Hz.bAcjEbTu', 1, NULL, NULL, NULL),
(144, '62502465', '$2y$10$U5Mt4G8OIabgLkoW3DU/gOf7UJcArRozwZNJNbPlb6Hz.bAcjEbTu', 1, NULL, NULL, NULL),
(145, '62502519', '$2y$10$U5Mt4G8OIabgLkoW3DU/gOf7UJcArRozwZNJNbPlb6Hz.bAcjEbTu', 1, NULL, NULL, NULL),
(146, '62502577', '$2y$10$U5Mt4G8OIabgLkoW3DU/gOf7UJcArRozwZNJNbPlb6Hz.bAcjEbTu', 1, NULL, NULL, NULL),
(147, '62502493', '$2y$10$U5Mt4G8OIabgLkoW3DU/gOf7UJcArRozwZNJNbPlb6Hz.bAcjEbTu', 1, NULL, NULL, NULL),
(148, '62502521', '$2y$10$U5Mt4G8OIabgLkoW3DU/gOf7UJcArRozwZNJNbPlb6Hz.bAcjEbTu', 1, NULL, NULL, NULL),
(149, '62502576', '$2y$10$U5Mt4G8OIabgLkoW3DU/gOf7UJcArRozwZNJNbPlb6Hz.bAcjEbTu', 1, NULL, NULL, NULL),
(150, '62502513', '$2y$10$U5Mt4G8OIabgLkoW3DU/gOf7UJcArRozwZNJNbPlb6Hz.bAcjEbTu', 1, NULL, NULL, NULL),
(151, '62502654', '$2y$10$U5Mt4G8OIabgLkoW3DU/gOf7UJcArRozwZNJNbPlb6Hz.bAcjEbTu', 1, NULL, NULL, NULL),
(152, '62502610', '$2y$10$U5Mt4G8OIabgLkoW3DU/gOf7UJcArRozwZNJNbPlb6Hz.bAcjEbTu', 1, NULL, NULL, NULL),
(153, '62502616', '$2y$10$U5Mt4G8OIabgLkoW3DU/gOf7UJcArRozwZNJNbPlb6Hz.bAcjEbTu', 1, NULL, NULL, NULL),
(154, '62502425', '$2y$10$U5Mt4G8OIabgLkoW3DU/gOf7UJcArRozwZNJNbPlb6Hz.bAcjEbTu', 1, NULL, NULL, NULL),
(155, '62502887', '$2y$10$U5Mt4G8OIabgLkoW3DU/gOf7UJcArRozwZNJNbPlb6Hz.bAcjEbTu', 1, NULL, NULL, NULL),
(156, '62502275', '$2y$10$U5Mt4G8OIabgLkoW3DU/gOf7UJcArRozwZNJNbPlb6Hz.bAcjEbTu', 1, NULL, NULL, NULL),
(157, '62502464', '$2y$10$U5Mt4G8OIabgLkoW3DU/gOf7UJcArRozwZNJNbPlb6Hz.bAcjEbTu', 1, NULL, NULL, NULL),
(158, '62502696', '$2y$10$U5Mt4G8OIabgLkoW3DU/gOf7UJcArRozwZNJNbPlb6Hz.bAcjEbTu', 1, NULL, NULL, NULL),
(159, '62502524', '$2y$10$U5Mt4G8OIabgLkoW3DU/gOf7UJcArRozwZNJNbPlb6Hz.bAcjEbTu', 1, NULL, NULL, NULL),
(160, '62502505', '$2y$10$U5Mt4G8OIabgLkoW3DU/gOf7UJcArRozwZNJNbPlb6Hz.bAcjEbTu', 1, NULL, NULL, NULL),
(161, '62502719', '$2y$10$U5Mt4G8OIabgLkoW3DU/gOf7UJcArRozwZNJNbPlb6Hz.bAcjEbTu', 1, NULL, NULL, NULL),
(162, '62502480', '$2y$10$U5Mt4G8OIabgLkoW3DU/gOf7UJcArRozwZNJNbPlb6Hz.bAcjEbTu', 1, NULL, NULL, NULL),
(163, '62502453', '$2y$10$U5Mt4G8OIabgLkoW3DU/gOf7UJcArRozwZNJNbPlb6Hz.bAcjEbTu', 1, NULL, NULL, NULL),
(164, '62502634', '$2y$10$U5Mt4G8OIabgLkoW3DU/gOf7UJcArRozwZNJNbPlb6Hz.bAcjEbTu', 1, NULL, NULL, NULL),
(165, '62502720', '$2y$10$U5Mt4G8OIabgLkoW3DU/gOf7UJcArRozwZNJNbPlb6Hz.bAcjEbTu', 1, NULL, NULL, NULL),
(166, '62502526', '$2y$10$U5Mt4G8OIabgLkoW3DU/gOf7UJcArRozwZNJNbPlb6Hz.bAcjEbTu', 1, NULL, NULL, NULL),
(167, '62502718', '$2y$10$U5Mt4G8OIabgLkoW3DU/gOf7UJcArRozwZNJNbPlb6Hz.bAcjEbTu', 1, NULL, NULL, NULL),
(168, '62502460', '$2y$10$U5Mt4G8OIabgLkoW3DU/gOf7UJcArRozwZNJNbPlb6Hz.bAcjEbTu', 1, NULL, NULL, NULL),
(169, '62502704', '$2y$10$U5Mt4G8OIabgLkoW3DU/gOf7UJcArRozwZNJNbPlb6Hz.bAcjEbTu', 1, NULL, NULL, NULL),
(170, '62502772', '$2y$10$U5Mt4G8OIabgLkoW3DU/gOf7UJcArRozwZNJNbPlb6Hz.bAcjEbTu', 1, NULL, NULL, NULL),
(171, '62502679', '$2y$10$U5Mt4G8OIabgLkoW3DU/gOf7UJcArRozwZNJNbPlb6Hz.bAcjEbTu', 1, NULL, NULL, NULL),
(172, '62502741', '$2y$10$U5Mt4G8OIabgLkoW3DU/gOf7UJcArRozwZNJNbPlb6Hz.bAcjEbTu', 1, NULL, NULL, NULL),
(173, '62502795', '$2y$10$U5Mt4G8OIabgLkoW3DU/gOf7UJcArRozwZNJNbPlb6Hz.bAcjEbTu', 1, NULL, NULL, NULL),
(174, '62502825', '$2y$10$U5Mt4G8OIabgLkoW3DU/gOf7UJcArRozwZNJNbPlb6Hz.bAcjEbTu', 1, NULL, NULL, NULL),
(175, '62502828', '$2y$10$U5Mt4G8OIabgLkoW3DU/gOf7UJcArRozwZNJNbPlb6Hz.bAcjEbTu', 1, NULL, NULL, NULL),
(176, '62502824', '$2y$10$U5Mt4G8OIabgLkoW3DU/gOf7UJcArRozwZNJNbPlb6Hz.bAcjEbTu', 1, NULL, NULL, NULL),
(177, '62502761', '$2y$10$U5Mt4G8OIabgLkoW3DU/gOf7UJcArRozwZNJNbPlb6Hz.bAcjEbTu', 1, NULL, NULL, NULL),
(178, '62502823', '$2y$10$U5Mt4G8OIabgLkoW3DU/gOf7UJcArRozwZNJNbPlb6Hz.bAcjEbTu', 1, NULL, NULL, NULL),
(179, '62502821', '$2y$10$U5Mt4G8OIabgLkoW3DU/gOf7UJcArRozwZNJNbPlb6Hz.bAcjEbTu', 1, NULL, NULL, NULL),
(180, '62502827', '$2y$10$U5Mt4G8OIabgLkoW3DU/gOf7UJcArRozwZNJNbPlb6Hz.bAcjEbTu', 1, NULL, NULL, NULL),
(181, '62502826', '$2y$10$U5Mt4G8OIabgLkoW3DU/gOf7UJcArRozwZNJNbPlb6Hz.bAcjEbTu', 1, NULL, NULL, NULL),
(182, '62502988', '$2y$10$U5Mt4G8OIabgLkoW3DU/gOf7UJcArRozwZNJNbPlb6Hz.bAcjEbTu', 1, NULL, NULL, NULL),
(183, '62502886', '$2y$10$U5Mt4G8OIabgLkoW3DU/gOf7UJcArRozwZNJNbPlb6Hz.bAcjEbTu', 1, NULL, NULL, NULL),
(184, '62502889', '$2y$10$U5Mt4G8OIabgLkoW3DU/gOf7UJcArRozwZNJNbPlb6Hz.bAcjEbTu', 1, NULL, NULL, NULL),
(185, '62502890', '$2y$10$U5Mt4G8OIabgLkoW3DU/gOf7UJcArRozwZNJNbPlb6Hz.bAcjEbTu', 1, NULL, NULL, NULL),
(186, '62502892', '$2y$10$U5Mt4G8OIabgLkoW3DU/gOf7UJcArRozwZNJNbPlb6Hz.bAcjEbTu', 1, NULL, NULL, NULL),
(187, '62502893', '$2y$10$U5Mt4G8OIabgLkoW3DU/gOf7UJcArRozwZNJNbPlb6Hz.bAcjEbTu', 1, NULL, NULL, NULL),
(188, '62502899', '$2y$10$U5Mt4G8OIabgLkoW3DU/gOf7UJcArRozwZNJNbPlb6Hz.bAcjEbTu', 1, NULL, NULL, NULL),
(189, '62503031', '$2y$10$U5Mt4G8OIabgLkoW3DU/gOf7UJcArRozwZNJNbPlb6Hz.bAcjEbTu', 1, NULL, NULL, NULL),
(190, '62503032', '$2y$10$U5Mt4G8OIabgLkoW3DU/gOf7UJcArRozwZNJNbPlb6Hz.bAcjEbTu', 1, NULL, NULL, NULL),
(191, '62503033', '$2y$10$U5Mt4G8OIabgLkoW3DU/gOf7UJcArRozwZNJNbPlb6Hz.bAcjEbTu', 1, NULL, NULL, NULL),
(192, '62503034', '$2y$10$U5Mt4G8OIabgLkoW3DU/gOf7UJcArRozwZNJNbPlb6Hz.bAcjEbTu', 1, NULL, NULL, NULL),
(193, '62503035', '$2y$10$U5Mt4G8OIabgLkoW3DU/gOf7UJcArRozwZNJNbPlb6Hz.bAcjEbTu', 1, NULL, NULL, NULL),
(194, '62503037', '$2y$10$U5Mt4G8OIabgLkoW3DU/gOf7UJcArRozwZNJNbPlb6Hz.bAcjEbTu', 1, NULL, NULL, NULL),
(195, '62503038', '$2y$10$U5Mt4G8OIabgLkoW3DU/gOf7UJcArRozwZNJNbPlb6Hz.bAcjEbTu', 1, NULL, NULL, NULL),
(196, '62503040', '$2y$10$U5Mt4G8OIabgLkoW3DU/gOf7UJcArRozwZNJNbPlb6Hz.bAcjEbTu', 1, NULL, NULL, NULL),
(197, '62503041', '$2y$10$U5Mt4G8OIabgLkoW3DU/gOf7UJcArRozwZNJNbPlb6Hz.bAcjEbTu', 1, NULL, NULL, NULL),
(198, '62502466', '$2y$10$U5Mt4G8OIabgLkoW3DU/gOf7UJcArRozwZNJNbPlb6Hz.bAcjEbTu', 1, NULL, NULL, NULL),
(199, '62502327', '$2y$10$U5Mt4G8OIabgLkoW3DU/gOf7UJcArRozwZNJNbPlb6Hz.bAcjEbTu', 1, NULL, NULL, NULL);

--
-- Indexes for dumped tables
--

--
-- Indeks untuk tabel `administrator`
--
ALTER TABLE `administrator`
  ADD PRIMARY KEY (`id`);

--
-- Indeks untuk tabel `aspek_soal`
--
ALTER TABLE `aspek_soal`
  ADD PRIMARY KEY (`aspek_id`);

--
-- Indeks untuk tabel `bagian`
--
ALTER TABLE `bagian`
  ADD PRIMARY KEY (`id`);

--
-- Indeks untuk tabel `dokumen`
--
ALTER TABLE `dokumen`
  ADD UNIQUE KEY `dokumen_lokasi_file_unique` (`lokasi_file`),
  ADD KEY `dokumen_konsultasi_id_foreign` (`konsultasi_id`);

--
-- Indeks untuk tabel `faqs`
--
ALTER TABLE `faqs`
  ADD PRIMARY KEY (`id`);

--
-- Indeks untuk tabel `gampong`
--
ALTER TABLE `gampong`
  ADD PRIMARY KEY (`id`),
  ADD KEY `gampong_kemukiman_id_foreign` (`kemukiman_id`);

--
-- Indeks untuk tabel `hal`
--
ALTER TABLE `hal`
  ADD PRIMARY KEY (`id`);

--
-- Indeks untuk tabel `jawaban`
--
ALTER TABLE `jawaban`
  ADD PRIMARY KEY (`id`);

--
-- Indeks untuk tabel `jawaban_soal`
--
ALTER TABLE `jawaban_soal`
  ADD PRIMARY KEY (`jawaban_id`,`soal_id`),
  ADD KEY `jawaban_soal_soal_id_foreign` (`soal_id`);

--
-- Indeks untuk tabel `jawaban_soal_kecamatan`
--
ALTER TABLE `jawaban_soal_kecamatan`
  ADD PRIMARY KEY (`kecamatan_id`,`soal_id`),
  ADD KEY `jawaban_soal_kecamatan_soal_id_foreign` (`soal_id`),
  ADD KEY `jawaban_soal_kecamatan_jawaban_id_foreign` (`jawaban_id`);

--
-- Indeks untuk tabel `jawaban_subin_kecamatan`
--
ALTER TABLE `jawaban_subin_kecamatan`
  ADD PRIMARY KEY (`kecamatan_id`,`subin_id`),
  ADD KEY `jawaban_subin_kecamatan_subin_id_foreign` (`subin_id`);

--
-- Indeks untuk tabel `jenis_peraturan`
--
ALTER TABLE `jenis_peraturan`
  ADD PRIMARY KEY (`id`);

--
-- Indeks untuk tabel `jurnal_konsultasi`
--
ALTER TABLE `jurnal_konsultasi`
  ADD PRIMARY KEY (`konsultasi_id`,`status_konsultasi_id`),
  ADD KEY `jurnal_konsultasi_status_konsultasi_id_foreign` (`status_konsultasi_id`),
  ADD KEY `jurnal_konsultasi_administrator_id_foreign` (`administrator_id`),
  ADD KEY `konsultasi_id` (`konsultasi_id`) USING BTREE;

--
-- Indeks untuk tabel `kabupaten`
--
ALTER TABLE `kabupaten`
  ADD PRIMARY KEY (`id`);

--
-- Indeks untuk tabel `kecamatan`
--
ALTER TABLE `kecamatan`
  ADD PRIMARY KEY (`id`),
  ADD KEY `kecamatan_kabupaten_id_foreign` (`kabupaten_id`);

--
-- Indeks untuk tabel `kemukiman`
--
ALTER TABLE `kemukiman`
  ADD PRIMARY KEY (`id`),
  ADD KEY `kemukiman_kecamatan_id_foreign` (`kecamatan_id`);

--
-- Indeks untuk tabel `kepegawaian`
--
ALTER TABLE `kepegawaian`
  ADD PRIMARY KEY (`id`),
  ADD UNIQUE KEY `kepegawaian_nip_unique` (`nip`);

--
-- Indeks untuk tabel `konsultasi`
--
ALTER TABLE `konsultasi`
  ADD PRIMARY KEY (`id`),
  ADD KEY `konsultasi_umum_id_foreign` (`umum_id`);

--
-- Indeks untuk tabel `konsultasi_tersurat`
--
ALTER TABLE `konsultasi_tersurat`
  ADD PRIMARY KEY (`id`),
  ADD KEY `konsultasi_tersurat_sektoral_id_foreign` (`sektoral_id`),
  ADD KEY `konsultasi_tersurat_umum_id_foreign` (`umum_id`),
  ADD KEY `konsultasi_tersurat_hal_id_foreign` (`hal_id`),
  ADD KEY `konsultasi_tersurat_status_id_foreign` (`status_id`);

--
-- Indeks untuk tabel `migrations`
--
ALTER TABLE `migrations`
  ADD PRIMARY KEY (`id`);

--
-- Indeks untuk tabel `password_resets`
--
ALTER TABLE `password_resets`
  ADD KEY `password_resets_email_index` (`email`);

--
-- Indeks untuk tabel `pemangku`
--
ALTER TABLE `pemangku`
  ADD PRIMARY KEY (`id`);

--
-- Indeks untuk tabel `pemangku_konsultasi`
--
ALTER TABLE `pemangku_konsultasi`
  ADD PRIMARY KEY (`pemangku_id`,`konsultasi_id`),
  ADD KEY `pemangku_konsultasi_pemangku_id_foreign` (`pemangku_id`),
  ADD KEY `pemangku_konsultasi_konsultasi_id_foreign` (`konsultasi_id`);

--
-- Indeks untuk tabel `peraturan`
--
ALTER TABLE `peraturan`
  ADD PRIMARY KEY (`id`),
  ADD KEY `peraturan_jenis_peraturan_id_foreign` (`jenis_peraturan_id`),
  ADD KEY `peraturan_hal_id_foreign` (`hal_id`);

--
-- Indeks untuk tabel `ruang`
--
ALTER TABLE `ruang`
  ADD PRIMARY KEY (`id`);

--
-- Indeks untuk tabel `satuan_kerja`
--
ALTER TABLE `satuan_kerja`
  ADD PRIMARY KEY (`id`);

--
-- Indeks untuk tabel `sektoral`
--
ALTER TABLE `sektoral`
  ADD PRIMARY KEY (`id`),
  ADD KEY `sektoral_bagian_id_foreign` (`bagian_id`);

--
-- Indeks untuk tabel `soal`
--
ALTER TABLE `soal`
  ADD PRIMARY KEY (`id`),
  ADD KEY `soal_tema_soal_id_foreign` (`tema_soal_id`);

--
-- Indeks untuk tabel `status_konsultasi`
--
ALTER TABLE `status_konsultasi`
  ADD PRIMARY KEY (`id`);

--
-- Indeks untuk tabel `status_konsultasiter`
--
ALTER TABLE `status_konsultasiter`
  ADD PRIMARY KEY (`id`);

--
-- Indeks untuk tabel `subindikator`
--
ALTER TABLE `subindikator`
  ADD PRIMARY KEY (`subin_id`),
  ADD KEY `subindikator_aspek_id_foreign` (`aspek_id`);

--
-- Indeks untuk tabel `tahapan`
--
ALTER TABLE `tahapan`
  ADD PRIMARY KEY (`konsultasi_id`,`no`);

--
-- Indeks untuk tabel `tema_soal`
--
ALTER TABLE `tema_soal`
  ADD PRIMARY KEY (`id`);

--
-- Indeks untuk tabel `terekap`
--
ALTER TABLE `terekap`
  ADD UNIQUE KEY `terekap_konsultasi_id_unique` (`konsultasi_id`),
  ADD KEY `terekap_administrator_id_foreign` (`dokter_id`);

--
-- Indeks untuk tabel `terjadwal`
--
ALTER TABLE `terjadwal`
  ADD UNIQUE KEY `terjadwal_konsultasi_id_unique` (`konsultasi_id`),
  ADD KEY `terjadwal_administrator_id_foreign` (`dokter_id`);

--
-- Indeks untuk tabel `umum`
--
ALTER TABLE `umum`
  ADD PRIMARY KEY (`id`),
  ADD UNIQUE KEY `umum_user_id_unique` (`user_id`),
  ADD KEY `umum_unsur_id_foreign` (`unsur_id`),
  ADD KEY `umum_kec_id_foreign` (`kec_id`) USING BTREE;

--
-- Indeks untuk tabel `unsur`
--
ALTER TABLE `unsur`
  ADD PRIMARY KEY (`id`);

--
-- Indeks untuk tabel `users`
--
ALTER TABLE `users`
  ADD PRIMARY KEY (`id`),
  ADD UNIQUE KEY `users_username_unique` (`email`);

--
-- AUTO_INCREMENT untuk tabel yang dibuang
--

--
-- AUTO_INCREMENT untuk tabel `administrator`
--
ALTER TABLE `administrator`
  MODIFY `id` bigint(20) UNSIGNED NOT NULL AUTO_INCREMENT, AUTO_INCREMENT=10;

--
-- AUTO_INCREMENT untuk tabel `aspek_soal`
--
ALTER TABLE `aspek_soal`
  MODIFY `aspek_id` bigint(20) UNSIGNED NOT NULL AUTO_INCREMENT, AUTO_INCREMENT=8;

--
-- AUTO_INCREMENT untuk tabel `bagian`
--
ALTER TABLE `bagian`
  MODIFY `id` bigint(20) UNSIGNED NOT NULL AUTO_INCREMENT, AUTO_INCREMENT=10;

--
-- AUTO_INCREMENT untuk tabel `faqs`
--
ALTER TABLE `faqs`
  MODIFY `id` bigint(20) UNSIGNED NOT NULL AUTO_INCREMENT, AUTO_INCREMENT=3;

--
-- AUTO_INCREMENT untuk tabel `gampong`
--
ALTER TABLE `gampong`
  MODIFY `id` bigint(20) UNSIGNED NOT NULL AUTO_INCREMENT, AUTO_INCREMENT=4088;

--
-- AUTO_INCREMENT untuk tabel `hal`
--
ALTER TABLE `hal`
  MODIFY `id` bigint(20) UNSIGNED NOT NULL AUTO_INCREMENT, AUTO_INCREMENT=7;

--
-- AUTO_INCREMENT untuk tabel `jawaban`
--
ALTER TABLE `jawaban`
  MODIFY `id` bigint(20) UNSIGNED NOT NULL AUTO_INCREMENT, AUTO_INCREMENT=73;

--
-- AUTO_INCREMENT untuk tabel `jenis_peraturan`
--
ALTER TABLE `jenis_peraturan`
  MODIFY `id` bigint(20) UNSIGNED NOT NULL AUTO_INCREMENT, AUTO_INCREMENT=6;

--
-- AUTO_INCREMENT untuk tabel `kabupaten`
--
ALTER TABLE `kabupaten`
  MODIFY `id` bigint(20) UNSIGNED NOT NULL AUTO_INCREMENT, AUTO_INCREMENT=24;

--
-- AUTO_INCREMENT untuk tabel `kecamatan`
--
ALTER TABLE `kecamatan`
  MODIFY `id` bigint(20) UNSIGNED NOT NULL AUTO_INCREMENT, AUTO_INCREMENT=291;

--
-- AUTO_INCREMENT untuk tabel `kemukiman`
--
ALTER TABLE `kemukiman`
  MODIFY `id` bigint(20) UNSIGNED NOT NULL AUTO_INCREMENT, AUTO_INCREMENT=821;

--
-- AUTO_INCREMENT untuk tabel `kepegawaian`
--
ALTER TABLE `kepegawaian`
  MODIFY `id` bigint(20) UNSIGNED NOT NULL AUTO_INCREMENT;

--
-- AUTO_INCREMENT untuk tabel `konsultasi`
--
ALTER TABLE `konsultasi`
  MODIFY `id` bigint(20) UNSIGNED NOT NULL AUTO_INCREMENT, AUTO_INCREMENT=244;

--
-- AUTO_INCREMENT untuk tabel `konsultasi_tersurat`
--
ALTER TABLE `konsultasi_tersurat`
  MODIFY `id` bigint(20) UNSIGNED NOT NULL AUTO_INCREMENT;

--
-- AUTO_INCREMENT untuk tabel `migrations`
--
ALTER TABLE `migrations`
  MODIFY `id` int(10) UNSIGNED NOT NULL AUTO_INCREMENT, AUTO_INCREMENT=38;

--
-- AUTO_INCREMENT untuk tabel `pemangku`
--
ALTER TABLE `pemangku`
  MODIFY `id` bigint(20) UNSIGNED NOT NULL AUTO_INCREMENT, AUTO_INCREMENT=10;

--
-- AUTO_INCREMENT untuk tabel `peraturan`
--
ALTER TABLE `peraturan`
  MODIFY `id` bigint(20) UNSIGNED NOT NULL AUTO_INCREMENT;

--
-- AUTO_INCREMENT untuk tabel `ruang`
--
ALTER TABLE `ruang`
  MODIFY `id` bigint(20) UNSIGNED NOT NULL AUTO_INCREMENT, AUTO_INCREMENT=11;

--
-- AUTO_INCREMENT untuk tabel `satuan_kerja`
--
ALTER TABLE `satuan_kerja`
  MODIFY `id` bigint(20) UNSIGNED NOT NULL AUTO_INCREMENT, AUTO_INCREMENT=12;

--
-- AUTO_INCREMENT untuk tabel `sektoral`
--
ALTER TABLE `sektoral`
  MODIFY `id` bigint(20) UNSIGNED NOT NULL AUTO_INCREMENT, AUTO_INCREMENT=11;

--
-- AUTO_INCREMENT untuk tabel `soal`
--
ALTER TABLE `soal`
  MODIFY `id` bigint(20) UNSIGNED NOT NULL AUTO_INCREMENT, AUTO_INCREMENT=127;

--
-- AUTO_INCREMENT untuk tabel `status_konsultasi`
--
ALTER TABLE `status_konsultasi`
  MODIFY `id` bigint(20) UNSIGNED NOT NULL AUTO_INCREMENT, AUTO_INCREMENT=8;

--
-- AUTO_INCREMENT untuk tabel `status_konsultasiter`
--
ALTER TABLE `status_konsultasiter`
  MODIFY `id` bigint(20) UNSIGNED NOT NULL AUTO_INCREMENT;

--
-- AUTO_INCREMENT untuk tabel `subindikator`
--
ALTER TABLE `subindikator`
  MODIFY `subin_id` bigint(20) UNSIGNED NOT NULL AUTO_INCREMENT, AUTO_INCREMENT=230;

--
-- AUTO_INCREMENT untuk tabel `tema_soal`
--
ALTER TABLE `tema_soal`
  MODIFY `id` bigint(20) UNSIGNED NOT NULL AUTO_INCREMENT, AUTO_INCREMENT=12;

--
-- AUTO_INCREMENT untuk tabel `umum`
--
ALTER TABLE `umum`
  MODIFY `id` bigint(20) UNSIGNED NOT NULL AUTO_INCREMENT, AUTO_INCREMENT=220;

--
-- AUTO_INCREMENT untuk tabel `unsur`
--
ALTER TABLE `unsur`
  MODIFY `id` bigint(20) UNSIGNED NOT NULL AUTO_INCREMENT, AUTO_INCREMENT=9;

--
-- AUTO_INCREMENT untuk tabel `users`
--
ALTER TABLE `users`
  MODIFY `id` bigint(20) UNSIGNED NOT NULL AUTO_INCREMENT, AUTO_INCREMENT=201;

--
-- Ketidakleluasaan untuk tabel pelimpahan (Dumped Tables)
--

--
-- Ketidakleluasaan untuk tabel `gampong`
--
ALTER TABLE `gampong`
  ADD CONSTRAINT `gampong_kemukiman_id_foreign` FOREIGN KEY (`kemukiman_id`) REFERENCES `kemukiman` (`id`);
COMMIT;

/*!40101 SET CHARACTER_SET_CLIENT=@OLD_CHARACTER_SET_CLIENT */;
/*!40101 SET CHARACTER_SET_RESULTS=@OLD_CHARACTER_SET_RESULTS */;
/*!40101 SET COLLATION_CONNECTION=@OLD_COLLATION_CONNECTION */;
